customer_id,customer_name,segment,loyalty_tier,zone_id,city,country,region,address,latitude,longitude,signup_date,lifetime_orders,lifetime_value_usd,avg_rating_given,preferred_delivery_window,is_business,contract_sla_hours,churn_risk_score,email
CUS-0000001,Anna Zhang,smb,platinum,ZN-000308,Delhi,IN,APAC,421 Pine Ln,28.761743,77.061133,2022-04-14,42.0,3321.45,3.8,afternoon,True,,0.311,anna.zhang488@example.com
CUS-0000002,Anna Costa,enterprise,none,ZN-000061,Los Angeles,US,NA,380 Industrial Rd,34.366073,-118.136036,2023-07-10,615.0,51644.54,4.18,evening,True,24.0,0.516,anna.costa434@example.com
CUS-0000003,Hugo Lindqvist,retail_consumer,bronze,ZN-000267,Rome,IT,EMEA,275 Market Way,41.813982,12.177099,2020-10-22,10.0,393.7,4.43,any,False,,0.243,hugo.lindqvist203@example.com
CUS-0000004,Jun Lindqvist,retail_consumer,bronze,ZN-000105,Krakow,PL,EMEA,268 Central Ln,50.578961,20.263477,2024-05-31,17.0,1561.78,3.42,afternoon,False,,0.366,jun.lindqvist2@example.com
CUS-0000005,Tomas Rahman,smb,none,ZN-000276,Delhi,IN,APAC,325 Victoria Way,28.691084,77.093162,2023-11-22,10.0,209.13,4.66,evening,True,,0.228,tomas.rahman763@example.com
CUS-0000006,Jun Rossi,retail_consumer,none,ZN-000075,Krakow,PL,EMEA,235 Maple Blvd,50.065148,19.867682,2025-12-08,9.0,339.02,5.0,any,False,,0.527,jun.rossi258@example.com
CUS-0000007,Hugo Kim,smb,none,ZN-000171,London,GB,EMEA,376 Church Blvd,51.93702,-0.348049,2020-10-23,13.0,216.1,3.44,evening,True,,0.17,hugo.kim546@example.com
CUS-0000008,Tomas Rossi,enterprise,platinum,ZN-000266,London,GB,EMEA,360 Cedar Rd,51.497619,-0.219652,2025-06-10,172.0,24778.13,4.55,any,True,48.0,0.491,tomas.rossi481@example.com
CUS-0000009,Grace Bakker,enterprise,none,ZN-000353,London,GB,EMEA,150 Kings Sq,51.462315,-0.202487,2021-05-14,180.0,19079.9,4.33,evening,True,48.0,0.368,grace.bakker76@example.com
CUS-0000010,Tomas Yilmaz,marketplace_seller,platinum,ZN-000425,Rome,IT,EMEA,281 Cedar St,41.849744,12.52488,2022-09-11,2.0,94.43,4.48,afternoon,False,,0.458,tomas.yilmaz543@example.com
CUS-0000011,Ivan Okafor,retail_consumer,bronze,ZN-000158,Shanghai,CN,APAC,240 Union Blvd,31.177198,121.564616,2020-06-28,11.0,1106.14,4.15,afternoon,False,,0.153,ivan.okafor829@example.com
CUS-0000012,Hugo Hansen,smb,none,ZN-000341,Sao Paulo,BR,LATAM,323 Central Ln,-23.581016,-46.692856,2025-11-05,20.0,1173.79,4.68,any,True,,0.488,hugo.hansen124@example.com
CUS-0000013,Daniel Rossi,retail_consumer,gold,ZN-000336,London,GB,EMEA,153 Pine Rd,51.57736,-0.017289,2019-07-11,6.0,206.72,4.9,afternoon,False,,0.37,daniel.rossi499@example.com
CUS-0000014,Chen Brown,enterprise,none,ZN-000394,Krakow,PL,EMEA,298 Market Ln,50.043486,19.659661,2022-10-06,189.0,26489.69,3.29,any,True,24.0,0.108,chen.brown545@example.com
CUS-0000015,Daniel Rahman,retail_consumer,silver,ZN-000219,Los Angeles,US,NA,367 Oak Way,34.041632,-118.344125,2021-11-16,3.0,216.96,3.07,any,False,,0.418,daniel.rahman385@example.com
CUS-0000016,Nadia Brown,retail_consumer,none,ZN-000005,Krakow,PL,EMEA,401 Pine Dr,50.190317,20.037802,2023-11-01,2.0,66.65,5.0,evening,False,,0.226,nadia.brown26@example.com
CUS-0000017,Marcus Novak,retail_consumer,none,ZN-000109,Atlanta,US,NA,262 Station Blvd,33.957801,-84.35464,2025-10-05,9.0,332.46,3.24,morning,False,,0.373,marcus.novak276@example.com
CUS-0000018,Daniel Yilmaz,enterprise,none,ZN-000487,London,GB,EMEA,416 Maple Dr,51.576937,-0.119443,2018-06-14,508.0,26785.82,3.34,morning,True,24.0,0.001,daniel.yilmaz44@example.com
CUS-0000019,Chen Sharma,retail_consumer,none,ZN-000125,London,GB,EMEA,129 Pine Ave,51.434183,-0.168369,2019-04-17,22.0,3817.45,4.85,any,False,,0.057,chen.sharma490@example.com
CUS-0000020,Yuki Costa,retail_consumer,none,ZN-000184,London,GB,EMEA,450 Bridge Rd,51.484277,-0.027717,2018-03-13,13.0,586.5,4.16,afternoon,False,,0.155,yuki.costa399@example.com
CUS-0000021,Fatima Silva,smb,bronze,ZN-000191,Bengaluru,IN,APAC,261 Cedar St,12.902909,77.534074,2022-10-30,34.0,1413.71,3.36,any,True,,0.344,fatima.silva481@example.com
CUS-0000022,Ivan Hansen,smb,none,ZN-000085,Osaka,JP,APAC,74 Harbour Blvd,34.622316,135.584728,2020-11-11,27.0,2448.57,2.56,evening,True,,0.386,ivan.hansen735@example.com
CUS-0000023,Isabella Nguyen,retail_consumer,none,ZN-000277,Jakarta,ID,APAC,149 Central Rd,-6.200453,106.742002,2020-02-10,5.0,176.11,4.29,afternoon,False,,0.327,isabella.nguyen116@example.com
CUS-0000024,Freya Muller,retail_consumer,none,ZN-000113,Amsterdam,NL,EMEA,68 Church Ave,52.325476,4.831247,2024-10-28,13.0,323.7,4.3,afternoon,False,,0.076,freya.muller702@example.com
CUS-0000025,Zara Rossi,enterprise,silver,ZN-000421,Shanghai,CN,APAC,190 Warehouse Sq,31.172202,121.428525,2025-11-01,168.0,6243.82,3.81,evening,True,12.0,0.039,zara.rossi160@example.com
CUS-0000026,Ivan Torres,retail_consumer,silver,ZN-000499,Delhi,IN,APAC,79 Cedar St,28.778087,77.106766,2024-04-11,7.0,128.02,5.0,any,False,,0.306,ivan.torres305@example.com
CUS-0000027,Sofia Nakamura,retail_consumer,gold,ZN-000295,London,GB,EMEA,441 Depot St,51.149604,-0.12959,2025-06-26,23.0,899.56,5.0,afternoon,False,,0.632,sofia.nakamura669@example.com
CUS-0000028,Anna Sharma,retail_consumer,silver,ZN-000029,Mexico City,MX,LATAM,223 Bridge St,19.348466,-99.129908,2023-06-07,20.0,3071.62,3.75,any,False,,0.261,anna.sharma902@example.com
CUS-0000029,Priya Lindqvist,retail_consumer,none,ZN-000072,Shanghai,CN,APAC,369 Church Sq,31.273319,121.538582,2024-01-17,3.0,377.66,4.01,evening,False,,0.525,priya.lindqvist125@example.com
CUS-0000030,Fatima Yilmaz,retail_consumer,gold,ZN-000370,Rome,IT,EMEA,326 Warehouse Ave,41.949561,12.580725,2025-05-13,16.0,372.29,5.0,morning,False,,0.319,fatima.yilmaz725@example.com
CUS-0000031,Peter Muller,retail_consumer,silver,ZN-000184,London,GB,EMEA,22 Warehouse Sq,51.496772,-0.052594,2020-04-12,24.0,522.35,3.98,morning,False,,0.016,peter.muller804@example.com
CUS-0000032,Elena Nguyen,enterprise,silver,ZN-000279,Los Angeles,US,NA,31 Church Blvd,34.118489,-118.263029,2025-07-13,257.0,9278.66,4.22,any,True,12.0,0.275,elena.nguyen280@example.com
CUS-0000033,Omar Torres,retail_consumer,silver,ZN-000356,Bengaluru,IN,APAC,189 Oak Ln,12.482271,77.451257,2020-01-29,9.0,536.92,4.3,evening,False,,0.402,omar.torres524@example.com
CUS-0000034,Freya Bakker,enterprise,bronze,ZN-000011,Berlin,DE,EMEA,169 Industrial Sq,52.508768,13.521875,2025-03-04,61.0,2439.63,3.7,afternoon,True,48.0,0.099,freya.bakker819@example.com
CUS-0000035,Grace Novak,smb,none,ZN-000075,Krakow,PL,EMEA,349 Central Ave,50.070698,19.863032,2019-02-15,70.0,1421.7,4.16,evening,True,,0.019,grace.novak377@example.com
CUS-0000036,Daniel Weber,retail_consumer,silver,ZN-000150,Rome,IT,EMEA,177 Riverside Ln,42.00318,12.56725,2018-11-19,9.0,1015.94,3.3,morning,False,,0.001,daniel.weber883@example.com
CUS-0000037,Zara Rossi,enterprise,bronze,ZN-000087,Osaka,JP,APAC,112 Cedar Ln,34.618684,135.471529,2023-07-11,93.0,2779.96,3.34,evening,True,48.0,0.252,zara.rossi926@example.com
CUS-0000038,Amara Sharma,smb,bronze,ZN-000033,Delhi,IN,APAC,388 Riverside Rd,28.734646,77.204876,2021-01-01,12.0,1391.46,4.69,morning,True,,0.0,amara.sharma700@example.com
CUS-0000039,Isabella Costa,retail_consumer,silver,ZN-000290,Rome,IT,EMEA,315 Maple Blvd,41.961095,12.381634,2020-08-25,12.0,313.63,4.67,evening,False,,0.0,isabella.costa349@example.com
CUS-0000040,Amara Costa,retail_consumer,none,ZN-000231,Berlin,DE,EMEA,441 Market Dr,52.507563,13.511349,2022-10-14,4.0,400.05,3.32,any,False,,0.326,amara.costa757@example.com
CUS-0000041,Elena Moreau,public_sector,silver,ZN-000111,Osaka,JP,APAC,261 Oak Sq,34.614927,135.499966,2019-04-19,12.0,627.89,3.64,morning,True,12.0,0.328,elena.moreau229@example.com
CUS-0000042,Daniel Costa,retail_consumer,bronze,ZN-000380,Shanghai,CN,APAC,353 Pine Blvd,31.230478,121.361845,2023-05-10,21.0,1221.86,3.53,any,False,,0.183,daniel.costa607@example.com
CUS-0000043,Leila Yilmaz,smb,none,ZN-000190,Jakarta,ID,APAC,422 Maple St,-6.244503,106.816648,2024-06-07,23.0,1901.34,5.0,morning,True,,0.432,leila.yilmaz745@example.com
CUS-0000044,Hugo Dubois,smb,silver,ZN-000086,Rome,IT,EMEA,105 Union Ln,41.898929,12.484372,2025-01-21,9.0,255.26,3.99,any,True,,0.0,hugo.dubois517@example.com
CUS-0000045,Leila Muller,retail_consumer,none,ZN-000146,London,GB,EMEA,1 Kings Dr,51.584374,-0.145443,2023-11-02,9.0,356.41,4.06,evening,False,,0.004,leila.muller205@example.com
CUS-0000046,Diego Costa,retail_consumer,none,ZN-000110,London,GB,EMEA,463 Market Blvd,51.542173,-0.096864,2020-01-16,10.0,371.53,3.51,any,False,,0.155,diego.costa440@example.com
CUS-0000047,Tomas Fernandez,retail_consumer,bronze,ZN-000453,Krakow,PL,EMEA,301 Union St,50.075435,19.986988,2023-02-22,6.0,879.05,3.19,morning,False,,0.633,tomas.fernandez410@example.com
CUS-0000048,Peter Zhang,retail_consumer,silver,ZN-000481,Rome,IT,EMEA,412 Pine Sq,41.869789,12.463461,2022-12-04,17.0,818.12,3.79,any,False,,0.256,peter.zhang100@example.com
CUS-0000049,Fatima Rahman,retail_consumer,bronze,ZN-000129,Amsterdam,NL,EMEA,202 Central Rd,52.382027,4.916869,2023-08-06,20.0,966.26,4.24,any,False,,0.283,fatima.rahman45@example.com
CUS-0000050,Leila Okafor,smb,none,ZN-000090,Bengaluru,IN,APAC,373 Warehouse Sq,13.043021,77.587005,2024-08-31,19.0,1914.68,3.52,evening,True,,0.481,leila.okafor268@example.com
CUS-0000051,Carlos Kim,retail_consumer,none,ZN-000081,Berlin,DE,EMEA,210 Harbour Rd,52.478443,13.513132,2021-07-07,2.0,76.29,4.54,any,False,,0.472,carlos.kim280@example.com
CUS-0000052,Daniel Weber,retail_consumer,silver,ZN-000261,Shanghai,CN,APAC,49 Church Way,31.233334,121.396484,2021-05-02,12.0,789.2,3.65,morning,False,,0.401,daniel.weber90@example.com
CUS-0000053,Mateo Muller,retail_consumer,silver,ZN-000061,Los Angeles,US,NA,291 Elm Dr,34.381985,-118.091654,2019-10-11,5.0,373.09,3.85,afternoon,False,,0.367,mateo.muller252@example.com
CUS-0000054,Lucas Nguyen,smb,silver,ZN-000136,Rome,IT,EMEA,175 Market St,42.04069,12.673538,2018-01-30,44.0,1680.23,4.3,morning,True,,0.075,lucas.nguyen513@example.com
CUS-0000055,Ivan Smith,smb,none,ZN-000261,Shanghai,CN,APAC,309 Industrial Way,31.259139,121.400324,2021-06-24,19.0,499.84,4.97,evening,True,,0.035,ivan.smith620@example.com
CUS-0000056,Diego Bakker,smb,silver,ZN-000014,Delhi,IN,APAC,92 Park Sq,28.777899,77.105874,2022-12-06,17.0,843.38,4.22,any,True,,0.045,diego.bakker41@example.com
CUS-0000057,Ivan Bakker,retail_consumer,none,ZN-000105,Krakow,PL,EMEA,220 Harbour Sq,50.568105,20.25771,2022-01-31,44.0,2663.04,3.18,evening,False,,0.178,ivan.bakker733@example.com
CUS-0000058,Daniel Nguyen,smb,silver,ZN-000172,Jakarta,ID,APAC,185 Victoria Ave,-6.116866,106.840955,2025-03-11,37.0,1254.57,3.09,morning,True,,0.168,daniel.nguyen877@example.com
CUS-0000059,Anna Sharma,enterprise,silver,ZN-000371,Amsterdam,NL,EMEA,131 Church Rd,52.328767,4.907108,2024-05-24,549.0,28876.78,3.46,morning,True,12.0,0.212,anna.sharma40@example.com
CUS-0000060,Mateo Kowalski,smb,bronze,ZN-000374,Delhi,IN,APAC,408 Elm Dr,28.70916,77.049361,2023-10-14,20.0,763.76,4.31,any,True,,0.522,mateo.kowalski282@example.com
CUS-0000061,Aisha Yilmaz,public_sector,bronze,ZN-000277,Jakarta,ID,APAC,189 Station Dr,-6.198531,106.752794,2019-08-20,18.0,1192.68,3.88,afternoon,True,24.0,0.149,aisha.yilmaz954@example.com
CUS-0000062,Sofia Nakamura,marketplace_seller,bronze,ZN-000194,Delhi,IN,APAC,199 Maple Rd,28.614791,77.062766,2018-01-27,22.0,3662.54,3.04,evening,False,,0.445,sofia.nakamura251@example.com
CUS-0000063,Diego Petrov,retail_consumer,none,ZN-000137,Krakow,PL,EMEA,198 Elm Way,50.04619,19.829837,2022-06-25,6.0,1075.39,4.65,morning,False,,0.286,diego.petrov319@example.com
CUS-0000064,Mateo Dubois,smb,bronze,ZN-000096,Krakow,PL,EMEA,357 Park Dr,49.631932,20.145599,2019-05-31,161.0,8389.83,3.27,any,True,,0.181,mateo.dubois931@example.com
CUS-0000065,Aisha Rahman,retail_consumer,silver,ZN-000098,Rome,IT,EMEA,243 Harbour Way,41.896823,13.204469,2025-02-04,4.0,78.6,3.97,any,False,,0.384,aisha.rahman143@example.com
CUS-0000066,Omar Nakamura,retail_consumer,none,ZN-000480,Rome,IT,EMEA,236 Industrial St,41.848827,12.487166,2022-12-17,6.0,172.95,4.4,afternoon,False,,0.448,omar.nakamura133@example.com
CUS-0000067,Anna Fernandez,smb,bronze,ZN-000323,Mexico City,MX,LATAM,303 Oak Dr,19.430568,-99.035093,2020-04-29,38.0,1102.78,5.0,afternoon,True,,0.251,anna.fernandez954@example.com
CUS-0000068,Peter Silva,marketplace_seller,none,ZN-000304,Rome,IT,EMEA,180 Church Way,41.905808,12.547948,2019-07-20,8.0,503.25,3.73,afternoon,False,,0.167,peter.silva357@example.com
CUS-0000069,Elena Novak,retail_consumer,silver,ZN-000244,Shanghai,CN,APAC,358 Union Way,31.19821,121.36948,2020-05-15,10.0,203.81,5.0,evening,False,,0.029,elena.novak280@example.com
CUS-0000070,Grace Yilmaz,retail_consumer,gold,ZN-000424,Mexico City,MX,LATAM,83 Warehouse Rd,19.463123,-99.138728,2019-03-09,12.0,1202.75,3.49,morning,False,,0.064,grace.yilmaz967@example.com
CUS-0000071,Priya Dubois,retail_consumer,bronze,ZN-000172,Jakarta,ID,APAC,210 Church Rd,-6.139134,106.862955,2019-04-19,22.0,1520.15,5.0,morning,False,,0.504,priya.dubois607@example.com
CUS-0000072,Tomas Zhang,smb,none,ZN-000463,Berlin,DE,EMEA,388 Riverside Sq,52.589319,13.518311,2020-04-12,29.0,8054.22,5.0,any,True,,0.323,tomas.zhang731@example.com
CUS-0000073,Sofia Okafor,smb,gold,ZN-000319,Amsterdam,NL,EMEA,158 Elm Sq,52.319984,4.876031,2023-08-23,7.0,439.82,4.97,evening,True,,0.002,sofia.okafor485@example.com
CUS-0000074,Elena Fernandez,smb,platinum,ZN-000009,Shanghai,CN,APAC,270 Industrial Ln,31.25105,121.542638,2024-07-16,33.0,1268.48,5.0,evening,True,,0.36,elena.fernandez725@example.com
CUS-0000075,Sofia Rahman,smb,none,ZN-000379,Shanghai,CN,APAC,412 Victoria Dr,31.321266,121.448488,2025-09-22,37.0,505.09,3.5,evening,True,,0.149,sofia.rahman322@example.com
CUS-0000076,Alex Dubois,retail_consumer,none,ZN-000042,Osaka,JP,APAC,61 Elm Ave,34.693162,135.466818,2021-10-25,9.0,295.45,4.22,morning,False,,0.37,alex.dubois392@example.com
CUS-0000077,Hugo Dubois,retail_consumer,none,ZN-000422,Shanghai,CN,APAC,362 Harbour Blvd,31.243762,121.397462,2022-08-13,11.0,376.8,4.55,afternoon,False,,0.067,hugo.dubois322@example.com
CUS-0000078,Lucas Ivanov,retail_consumer,none,ZN-000152,Atlanta,US,NA,158 Central Rd,34.297223,-84.138332,2020-05-27,4.0,270.77,3.71,evening,False,,0.247,lucas.ivanov18@example.com
CUS-0000079,Alex Novak,retail_consumer,none,ZN-000397,Krakow,PL,EMEA,268 Pine Rd,50.116463,19.816262,2021-06-16,7.0,420.89,4.24,any,False,,0.179,alex.novak219@example.com
CUS-0000080,Aisha Dubois,retail_consumer,none,ZN-000049,Stockholm,SE,EMEA,362 Market Ln,59.274895,18.146452,2020-02-08,5.0,430.27,4.06,evening,False,,0.355,aisha.dubois349@example.com
CUS-0000081,Fatima Smith,smb,bronze,ZN-000404,Berlin,DE,EMEA,17 Central St,52.28786,13.3155,2019-10-08,46.0,774.95,5.0,evening,True,,0.441,fatima.smith303@example.com
CUS-0000082,Mateo Bakker,smb,silver,ZN-000074,Krakow,PL,EMEA,379 Grove Dr,50.130416,20.015084,2022-05-23,15.0,598.47,3.52,any,True,,0.37,mateo.bakker489@example.com
CUS-0000083,Nadia Okafor,retail_consumer,none,ZN-000118,London,GB,EMEA,401 Pine Rd,51.585114,0.007171,2023-03-27,16.0,848.79,4.29,evening,False,,0.444,nadia.okafor959@example.com
CUS-0000084,Daniel Brown,retail_consumer,bronze,ZN-000371,Amsterdam,NL,EMEA,296 Warehouse Ln,52.329901,4.90922,2024-05-29,5.0,242.78,4.69,any,False,,0.551,daniel.brown987@example.com
CUS-0000085,Peter Sharma,retail_consumer,none,ZN-000496,Osaka,JP,APAC,177 Grove Way,34.600261,135.474137,2020-11-07,6.0,195.88,5.0,afternoon,False,,0.051,peter.sharma42@example.com
CUS-0000086,Priya Kim,smb,bronze,ZN-000393,Rome,IT,EMEA,6 Maple Blvd,41.955382,12.59102,2021-12-30,47.0,2912.4,5.0,morning,True,,0.126,priya.kim608@example.com
CUS-0000087,Viktor Kim,retail_consumer,silver,ZN-000113,Amsterdam,NL,EMEA,74 Depot St,52.277335,4.823114,2025-04-10,7.0,223.51,3.43,morning,False,,0.0,viktor.kim199@example.com
CUS-0000088,Jun Hansen,smb,bronze,ZN-000118,London,GB,EMEA,411 Maple Way,51.57681,0.006103,2021-09-20,85.0,4521.53,5.0,evening,True,,0.132,jun.hansen487@example.com
CUS-0000089,Amara Sharma,retail_consumer,none,ZN-000327,Los Angeles,US,NA,75 Depot Sq,34.038138,-118.152475,2024-04-28,9.0,1680.71,3.49,morning,False,,0.022,amara.sharma162@example.com
CUS-0000090,Rahul Rossi,enterprise,silver,ZN-000387,Atlanta,US,NA,364 Market Blvd,33.844434,-84.373322,2019-03-10,418.0,142399.84,3.7,any,True,48.0,0.0,rahul.rossi208@example.com
CUS-0000091,Freya Kim,retail_consumer,silver,ZN-000412,Osaka,JP,APAC,365 Market St,34.710716,135.476316,2018-01-13,4.0,334.42,3.84,morning,False,,0.23,freya.kim415@example.com
CUS-0000092,Hugo Silva,retail_consumer,bronze,ZN-000185,Delhi,IN,APAC,303 Depot St,28.626158,77.016523,2022-08-02,7.0,191.55,3.9,afternoon,False,,0.116,hugo.silva318@example.com
CUS-0000093,Peter Kim,smb,none,ZN-000143,Delhi,IN,APAC,277 Riverside Ln,28.711109,77.219662,2025-11-05,30.0,591.21,4.24,any,True,,0.57,peter.kim474@example.com
CUS-0000094,Grace Dubois,enterprise,none,ZN-000442,Amsterdam,NL,EMEA,408 Station Rd,52.441942,4.954871,2024-11-10,224.0,19360.36,4.0,evening,True,12.0,0.549,grace.dubois156@example.com
CUS-0000095,Anna Dubois,retail_consumer,gold,ZN-000034,Rome,IT,EMEA,244 Station St,42.08621,12.744661,2021-11-25,7.0,291.7,2.84,afternoon,False,,0.136,anna.dubois229@example.com
CUS-0000096,Freya Brown,public_sector,none,ZN-000323,Mexico City,MX,LATAM,135 Riverside Sq,19.397202,-99.044292,2025-08-19,43.0,1212.8,4.62,morning,True,24.0,0.549,freya.brown889@example.com
CUS-0000097,Maria Dubois,retail_consumer,silver,ZN-000238,Rome,IT,EMEA,315 Cedar Sq,41.899139,12.474521,2019-01-22,2.0,47.07,4.2,morning,False,,0.211,maria.dubois24@example.com
CUS-0000098,Rahul Muller,retail_consumer,bronze,ZN-000121,Shanghai,CN,APAC,117 Elm Rd,31.153999,121.438448,2018-07-06,25.0,588.47,4.52,afternoon,False,,0.43,rahul.muller960@example.com
CUS-0000099,Carlos Hansen,retail_consumer,bronze,ZN-000078,Berlin,DE,EMEA,112 Cedar Sq,52.559365,13.380417,2020-08-06,10.0,448.18,4.53,evening,False,,0.0,carlos.hansen144@example.com
CUS-0000100,Carlos Rossi,retail_consumer,bronze,ZN-000416,Atlanta,US,NA,13 Elm St,33.753642,-84.464896,2020-12-20,7.0,249.62,4.65,morning,False,,0.423,carlos.rossi932@example.com
CUS-0000101,Amara Rahman,marketplace_seller,bronze,ZN-000320,Stockholm,SE,EMEA,348 Market Ave,59.285566,18.287155,2023-07-28,23.0,2064.23,3.77,any,False,,0.294,amara.rahman548@example.com
CUS-0000102,Chen Kim,enterprise,gold,ZN-000202,Krakow,PL,EMEA,110 Central Rd,50.056985,19.944869,2025-11-28,836.0,73728.92,2.73,morning,True,24.0,0.24,chen.kim543@example.com
CUS-0000103,Elena Garcia,retail_consumer,none,ZN-000003,London,GB,EMEA,300 Oak Rd,51.555564,-0.031427,2023-06-21,7.0,495.54,4.63,evening,False,,0.289,elena.garcia903@example.com
CUS-0000104,Nikolai Fernandez,retail_consumer,none,ZN-000060,Delhi,IN,APAC,95 Union Way,28.644981,77.140708,2024-09-10,15.0,418.07,5.0,any,False,,0.245,nikolai.fernandez711@example.com
CUS-0000105,Hugo Novak,retail_consumer,bronze,ZN-000306,Berlin,DE,EMEA,457 Depot Ln,52.52675,13.506224,2019-06-27,3.0,343.19,3.1,morning,False,,0.334,hugo.novak919@example.com
CUS-0000106,Maria Dubois,retail_consumer,bronze,ZN-000220,Delhi,IN,APAC,450 Union St,28.614024,77.139904,2019-02-23,11.0,850.74,4.47,afternoon,False,,0.391,maria.dubois373@example.com
CUS-0000107,Priya Muller,retail_consumer,bronze,ZN-000317,Manchester,GB,EMEA,359 Kings Blvd,53.475807,-2.350343,2023-08-07,5.0,444.25,3.82,evening,False,,0.246,priya.muller546@example.com
CUS-0000108,Chen Rossi,smb,silver,ZN-000474,Delhi,IN,APAC,28 Bridge Ln,28.637729,77.066963,2020-04-14,29.0,686.89,2.68,evening,True,,0.295,chen.rossi663@example.com
CUS-0000109,Zara Ali,retail_consumer,silver,ZN-000007,Los Angeles,US,NA,310 Central Sq,34.042839,-118.167554,2018-03-03,3.0,115.86,3.74,morning,False,,0.384,zara.ali28@example.com
CUS-0000110,Ivan Fernandez,retail_consumer,none,ZN-000019,Krakow,PL,EMEA,4 Victoria Way,50.059543,19.970801,2024-06-23,5.0,105.17,3.92,afternoon,False,,0.32,ivan.fernandez133@example.com
CUS-0000111,Sofia Ali,retail_consumer,none,ZN-000468,Krakow,PL,EMEA,23 Pine Way,50.017979,19.911356,2024-10-12,6.0,1090.71,4.11,afternoon,False,,0.328,sofia.ali703@example.com
CUS-0000112,Priya Rahman,retail_consumer,silver,ZN-000361,Delhi,IN,APAC,107 Victoria Dr,28.684195,76.992632,2024-08-20,21.0,1112.11,4.06,any,False,,0.217,priya.rahman611@example.com
CUS-0000113,Leila Smith,smb,none,ZN-000191,Bengaluru,IN,APAC,225 Riverside Rd,12.915793,77.529187,2018-06-01,17.0,1454.69,4.36,any,True,,0.501,leila.smith346@example.com
CUS-0000114,Chen Fernandez,retail_consumer,none,ZN-000045,Rome,IT,EMEA,291 Maple Ln,41.983709,12.647288,2020-11-29,20.0,514.13,4.52,evening,False,,0.309,chen.fernandez174@example.com
CUS-0000115,Viktor Yilmaz,smb,none,ZN-000094,Mexico City,MX,LATAM,225 Harbour Dr,19.50916,-99.158048,2019-08-14,83.0,4535.05,3.63,any,True,,0.27,viktor.yilmaz368@example.com
CUS-0000116,Diego Kowalski,retail_consumer,bronze,ZN-000365,Rome,IT,EMEA,236 Bridge Sq,41.895345,12.619472,2019-03-22,13.0,597.81,4.34,morning,False,,0.467,diego.kowalski957@example.com
CUS-0000117,Carlos Nguyen,retail_consumer,gold,ZN-000295,London,GB,EMEA,167 Market Way,51.147781,-0.140757,2025-03-01,12.0,311.84,4.63,any,False,,0.28,carlos.nguyen367@example.com
CUS-0000118,Viktor Ali,retail_consumer,none,ZN-000405,Shanghai,CN,APAC,224 Central Sq,31.224504,121.56192,2022-04-03,29.0,2247.56,2.84,any,False,,0.581,viktor.ali301@example.com
CUS-0000119,Lucas Lindqvist,retail_consumer,bronze,ZN-000220,Delhi,IN,APAC,132 Oak Dr,28.631619,77.103536,2024-07-11,12.0,868.11,5.0,afternoon,False,,0.203,lucas.lindqvist190@example.com
CUS-0000120,Anna Novak,retail_consumer,platinum,ZN-000176,Los Angeles,US,NA,337 Central Way,34.047067,-118.180957,2024-05-18,12.0,539.96,4.51,afternoon,False,,0.158,anna.novak140@example.com
CUS-0000121,Alex Lindqvist,smb,bronze,ZN-000418,Krakow,PL,EMEA,191 Kings Dr,49.786875,20.331716,2018-12-24,20.0,1566.04,5.0,afternoon,True,,0.416,alex.lindqvist725@example.com
CUS-0000122,Freya Kowalski,retail_consumer,none,ZN-000223,London,GB,EMEA,21 Kings Ln,51.433341,-0.175563,2018-01-29,12.0,421.1,4.63,afternoon,False,,0.398,freya.kowalski647@example.com
CUS-0000123,Leila Silva,retail_consumer,platinum,ZN-000201,Amsterdam,NL,EMEA,212 Oak Blvd,52.439348,4.880442,2019-07-04,9.0,309.7,3.33,morning,False,,0.332,leila.silva117@example.com
CUS-0000124,Mateo Fernandez,retail_consumer,none,ZN-000023,Rome,IT,EMEA,230 Maple St,41.965075,12.449718,2022-10-08,3.0,1339.84,4.73,morning,False,,0.119,mateo.fernandez231@example.com
CUS-0000125,Marcus Nakamura,retail_consumer,none,ZN-000426,Krakow,PL,EMEA,66 Church Blvd,49.8862,19.703945,2025-04-18,3.0,258.13,3.78,evening,False,,0.24,marcus.nakamura887@example.com
CUS-0000126,Fatima Ivanov,retail_consumer,gold,ZN-000298,Bengaluru,IN,APAC,427 Union Way,13.157566,77.710118,2025-04-25,15.0,1050.94,3.99,evening,False,,0.051,fatima.ivanov107@example.com
CUS-0000127,Aisha Costa,marketplace_seller,none,ZN-000347,Rome,IT,EMEA,18 Union St,41.894897,12.470824,2018-09-23,19.0,570.43,4.31,any,False,,0.115,aisha.costa194@example.com
CUS-0000128,Aisha Sharma,public_sector,gold,ZN-000352,Los Angeles,US,NA,410 Pine Ln,34.063097,-118.323614,2021-05-15,3.0,222.62,2.65,any,True,24.0,0.34,aisha.sharma368@example.com
CUS-0000129,Mateo Kowalski,retail_consumer,bronze,ZN-000375,Manchester,GB,EMEA,375 Industrial Ave,53.511147,-2.255421,2020-03-07,12.0,347.35,3.31,any,False,,0.433,mateo.kowalski679@example.com
CUS-0000130,Zara Petrov,public_sector,none,ZN-000202,Krakow,PL,EMEA,471 Victoria Sq,50.074941,19.931839,2018-11-22,20.0,346.15,4.32,any,True,12.0,0.253,zara.petrov337@example.com
CUS-0000131,Elena Costa,retail_consumer,none,ZN-000417,London,GB,EMEA,324 Oak Dr,51.546595,-0.074448,2022-11-09,16.0,483.49,4.57,morning,False,,0.465,elena.costa129@example.com
CUS-0000132,Aisha Smith,retail_consumer,none,ZN-000470,Shanghai,CN,APAC,173 Cedar Blvd,31.199194,121.377323,2022-09-10,12.0,1760.54,4.47,morning,False,,0.234,aisha.smith790@example.com
CUS-0000133,Marcus Novak,enterprise,bronze,ZN-000323,Mexico City,MX,LATAM,333 Station Sq,19.419009,-99.07411,2021-12-07,157.0,5711.24,4.11,evening,True,48.0,0.398,marcus.novak633@example.com
CUS-0000134,Aisha Muller,marketplace_seller,silver,ZN-000132,Krakow,PL,EMEA,5 Warehouse Sq,49.954351,19.703908,2024-08-19,5.0,91.81,4.37,any,False,,0.214,aisha.muller885@example.com
CUS-0000135,Peter Nakamura,retail_consumer,gold,ZN-000296,Sao Paulo,BR,LATAM,377 Riverside Sq,-23.553488,-46.556213,2018-03-04,11.0,626.4,3.85,any,False,,0.006,peter.nakamura655@example.com
CUS-0000136,Grace Novak,retail_consumer,none,ZN-000186,Mexico City,MX,LATAM,424 Park St,19.407358,-99.223091,2018-07-12,9.0,517.16,4.17,morning,False,,0.292,grace.novak497@example.com
CUS-0000137,Grace Rahman,retail_consumer,bronze,ZN-000460,Krakow,PL,EMEA,57 Elm Blvd,50.100741,19.922815,2025-05-12,5.0,609.59,5.0,any,False,,0.686,grace.rahman708@example.com
CUS-0000138,Aisha Sharma,smb,bronze,ZN-000036,Shanghai,CN,APAC,116 Warehouse St,31.250731,121.407653,2021-03-13,15.0,1408.71,5.0,evening,True,,0.213,aisha.sharma954@example.com
CUS-0000139,Nikolai Kowalski,retail_consumer,gold,ZN-000178,Bengaluru,IN,APAC,60 Church Rd,12.953342,77.492006,2022-06-05,8.0,1662.4,3.65,evening,False,,0.559,nikolai.kowalski189@example.com
CUS-0000140,Diego Bakker,enterprise,platinum,ZN-000077,Krakow,PL,EMEA,279 Cedar St,50.063547,19.888932,2023-08-13,116.0,2435.19,4.54,afternoon,True,12.0,0.071,diego.bakker639@example.com
CUS-0000141,Maria Smith,retail_consumer,none,ZN-000374,Delhi,IN,APAC,195 Warehouse Ln,28.711434,77.062838,2025-09-07,11.0,289.02,5.0,evening,False,,0.366,maria.smith787@example.com
CUS-0000142,Jun Sharma,enterprise,bronze,ZN-000032,Manchester,GB,EMEA,128 Oak Blvd,53.300902,-2.004758,2019-03-01,297.0,9952.38,3.03,evening,True,48.0,0.0,jun.sharma766@example.com
CUS-0000143,Daniel Fernandez,retail_consumer,none,ZN-000007,Los Angeles,US,NA,272 Bridge Dr,34.06408,-118.173386,2022-02-08,15.0,372.44,4.29,afternoon,False,,0.42,daniel.fernandez910@example.com
CUS-0000144,Daniel Brown,retail_consumer,none,ZN-000175,Los Angeles,US,NA,191 Market Ln,34.133487,-118.014507,2025-01-21,7.0,262.13,4.59,morning,False,,0.234,daniel.brown237@example.com
CUS-0000145,Lucas Weber,retail_consumer,none,ZN-000307,Manchester,GB,EMEA,311 Riverside Blvd,53.510168,-2.234744,2024-10-19,58.0,1926.81,5.0,any,False,,0.775,lucas.weber136@example.com
CUS-0000146,Maria Zhang,retail_consumer,bronze,ZN-000109,Atlanta,US,NA,143 Park St,33.941368,-84.3093,2023-02-22,20.0,355.62,3.67,any,False,,0.34,maria.zhang156@example.com
CUS-0000147,Amara Ivanov,enterprise,gold,ZN-000266,London,GB,EMEA,3 Market St,51.486698,-0.225264,2024-07-22,2220.0,148327.26,4.6,afternoon,True,12.0,0.166,amara.ivanov939@example.com
CUS-0000148,Leila Kowalski,enterprise,none,ZN-000255,Los Angeles,US,NA,165 Warehouse Sq,34.065356,-118.197348,2024-11-28,142.0,14112.63,4.51,morning,True,12.0,0.174,leila.kowalski829@example.com
CUS-0000149,Elena Petrov,retail_consumer,silver,ZN-000134,Berlin,DE,EMEA,267 Park Ln,52.882047,13.898425,2023-01-14,8.0,277.59,5.0,morning,False,,0.172,elena.petrov440@example.com
CUS-0000150,Nadia Moreau,enterprise,none,ZN-000176,Los Angeles,US,NA,253 Market Sq,34.03416,-118.161098,2020-04-21,129.0,4256.82,4.84,any,True,12.0,0.196,nadia.moreau439@example.com
CUS-0000151,Nadia Nakamura,smb,none,ZN-000061,Los Angeles,US,NA,211 Warehouse Ln,34.381832,-118.08847,2021-10-29,35.0,3241.98,4.13,evening,True,,0.093,nadia.nakamura937@example.com
CUS-0000152,Jun Nakamura,retail_consumer,none,ZN-000223,London,GB,EMEA,77 Oak Ln,51.434444,-0.202891,2021-10-06,7.0,275.15,4.91,morning,False,,0.151,jun.nakamura317@example.com
CUS-0000153,Priya Costa,retail_consumer,bronze,ZN-000007,Los Angeles,US,NA,100 Depot Ave,34.066659,-118.181486,2020-02-22,13.0,1291.79,4.32,evening,False,,0.681,priya.costa237@example.com
CUS-0000154,Sofia Silva,retail_consumer,none,ZN-000029,Mexico City,MX,LATAM,48 Oak Sq,19.327803,-99.124529,2022-04-11,13.0,789.69,4.33,afternoon,False,,0.0,sofia.silva565@example.com
CUS-0000155,Chen Okafor,smb,silver,ZN-000368,Delhi,IN,APAC,13 Pine Ave,28.687933,77.192844,2022-06-12,61.0,4267.29,4.46,afternoon,True,,0.409,chen.okafor534@example.com
CUS-0000156,Amara Rahman,retail_consumer,silver,ZN-000327,Los Angeles,US,NA,327 Depot Ave,34.061451,-118.12505,2020-01-28,10.0,496.5,4.95,evening,False,,0.203,amara.rahman337@example.com
CUS-0000157,Carlos Costa,smb,silver,ZN-000309,Krakow,PL,EMEA,125 Warehouse Sq,49.966736,19.600602,2020-11-16,21.0,9474.98,3.49,afternoon,True,,0.268,carlos.costa753@example.com
CUS-0000158,Leila Fernandez,retail_consumer,none,ZN-000443,Rome,IT,EMEA,158 Industrial Ln,41.690389,12.359565,2020-10-31,4.0,254.11,3.66,any,False,,0.088,leila.fernandez445@example.com
CUS-0000159,Fatima Rahman,retail_consumer,none,ZN-000173,Atlanta,US,NA,228 Warehouse St,33.278635,-84.691105,2025-10-16,6.0,171.96,4.41,any,False,,0.179,fatima.rahman463@example.com
CUS-0000160,Alex Rossi,retail_consumer,silver,ZN-000191,Bengaluru,IN,APAC,310 Grove Ave,12.893209,77.535331,2018-06-01,5.0,194.45,4.68,evening,False,,0.202,alex.rossi965@example.com
CUS-0000161,Marcus Weber,retail_consumer,none,ZN-000316,Mexico City,MX,LATAM,128 Harbour Blvd,19.382193,-99.217094,2023-08-16,14.0,273.04,3.75,morning,False,,0.462,marcus.weber676@example.com
CUS-0000162,Tomas Sharma,marketplace_seller,silver,ZN-000377,Bengaluru,IN,APAC,451 Elm Dr,12.974475,77.664661,2023-07-05,134.0,16881.11,4.82,afternoon,False,,0.184,tomas.sharma109@example.com
CUS-0000163,Amara Zhang,retail_consumer,bronze,ZN-000135,Manchester,GB,EMEA,346 Grove Ln,53.430927,-2.135854,2018-10-11,4.0,1043.96,3.95,any,False,,0.34,amara.zhang46@example.com
CUS-0000164,Lucas Muller,retail_consumer,gold,ZN-000330,Rome,IT,EMEA,254 Central Blvd,41.90923,12.364321,2021-10-09,10.0,359.69,4.37,afternoon,False,,0.335,lucas.muller719@example.com
CUS-0000165,Amara Smith,retail_consumer,none,ZN-000065,Jakarta,ID,APAC,331 Riverside St,-6.209856,106.836414,2025-07-17,7.0,674.61,4.53,afternoon,False,,0.227,amara.smith636@example.com
CUS-0000166,Elena Nguyen,enterprise,bronze,ZN-000298,Bengaluru,IN,APAC,292 Warehouse Dr,13.166725,77.721178,2020-06-04,81.0,8823.11,3.13,afternoon,True,24.0,0.122,elena.nguyen792@example.com
CUS-0000167,Rahul Nakamura,retail_consumer,none,ZN-000093,Sao Paulo,BR,LATAM,125 Market Blvd,-23.585005,-46.593199,2023-08-10,19.0,1305.67,4.33,any,False,,0.136,rahul.nakamura768@example.com
CUS-0000168,Carlos Rossi,retail_consumer,silver,ZN-000459,Mexico City,MX,LATAM,389 Maple Rd,19.475397,-99.055162,2021-12-21,15.0,2464.01,3.95,evening,False,,0.218,carlos.rossi808@example.com
CUS-0000169,Leila Silva,public_sector,none,ZN-000157,Rome,IT,EMEA,451 Kings Way,41.899647,12.339415,2020-05-01,5.0,168.95,4.31,evening,True,12.0,0.285,leila.silva677@example.com
CUS-0000170,Priya Rossi,smb,bronze,ZN-000130,Mexico City,MX,LATAM,209 Station Rd,19.445173,-99.048671,2024-07-22,20.0,1272.0,3.59,evening,True,,0.264,priya.rossi106@example.com
CUS-0000171,Omar Dubois,smb,none,ZN-000309,Krakow,PL,EMEA,236 Victoria Blvd,49.954613,19.619614,2024-08-04,10.0,365.69,4.33,any,True,,0.061,omar.dubois985@example.com
CUS-0000172,Ivan Kim,retail_consumer,none,ZN-000476,Shanghai,CN,APAC,413 Elm Dr,31.22657,121.374177,2022-06-13,7.0,96.52,4.54,evening,False,,0.111,ivan.kim288@example.com
CUS-0000173,Priya Ivanov,retail_consumer,platinum,ZN-000375,Manchester,GB,EMEA,467 Harbour Ave,53.528078,-2.278237,2019-04-30,17.0,744.18,4.08,afternoon,False,,0.278,priya.ivanov26@example.com
CUS-0000174,Viktor Fernandez,retail_consumer,bronze,ZN-000265,Manchester,GB,EMEA,412 Oak St,53.409273,-2.279713,2024-08-28,4.0,261.35,4.27,evening,False,,0.079,viktor.fernandez58@example.com
CUS-0000175,Daniel Garcia,retail_consumer,gold,ZN-000009,Shanghai,CN,APAC,37 Church St,31.237227,121.562939,2022-02-14,19.0,2055.68,4.68,morning,False,,0.334,daniel.garcia642@example.com
CUS-0000176,Mateo Hansen,smb,silver,ZN-000333,Krakow,PL,EMEA,365 Kings Way,50.263179,19.972186,2018-11-21,42.0,1226.09,3.97,evening,True,,0.03,mateo.hansen185@example.com
CUS-0000177,Carlos Kowalski,enterprise,none,ZN-000405,Shanghai,CN,APAC,373 Depot Sq,31.237174,121.545044,2019-09-04,458.0,31042.62,4.0,any,True,48.0,0.285,carlos.kowalski605@example.com
CUS-0000178,Nadia Sharma,public_sector,none,ZN-000124,London,GB,EMEA,367 Oak Ln,51.518771,-0.04744,2020-02-19,17.0,6143.89,5.0,afternoon,True,48.0,0.545,nadia.sharma885@example.com
CUS-0000179,Zara Kim,retail_consumer,none,ZN-000029,Mexico City,MX,LATAM,77 Harbour Ln,19.352039,-99.096782,2023-09-04,15.0,498.18,4.06,afternoon,False,,0.186,zara.kim220@example.com
CUS-0000180,Anna Torres,enterprise,none,ZN-000468,Krakow,PL,EMEA,157 Elm Way,49.977468,19.887719,2025-04-25,594.0,10752.63,4.52,morning,True,12.0,0.524,anna.torres792@example.com
CUS-0000181,Aisha Nakamura,retail_consumer,gold,ZN-000409,Osaka,JP,APAC,106 Maple Ln,34.736266,135.398826,2024-10-27,12.0,1156.33,5.0,morning,False,,0.36,aisha.nakamura987@example.com
CUS-0000182,Freya Silva,retail_consumer,none,ZN-000040,Stockholm,SE,EMEA,236 Church Ave,59.304864,18.088854,2018-11-25,9.0,3510.04,5.0,morning,False,,0.08,freya.silva966@example.com
CUS-0000183,Lucas Okafor,retail_consumer,none,ZN-000383,London,GB,EMEA,295 Church St,51.48104,-0.2144,2025-06-25,15.0,866.82,4.49,afternoon,False,,0.219,lucas.okafor230@example.com
CUS-0000184,Aisha Petrov,retail_consumer,silver,ZN-000097,Atlanta,US,NA,419 Station Sq,33.769489,-84.443121,2022-11-20,5.0,415.49,4.63,any,False,,0.262,aisha.petrov454@example.com
CUS-0000185,Grace Rossi,retail_consumer,silver,ZN-000147,Osaka,JP,APAC,307 Church Sq,34.678825,135.632539,2021-11-28,6.0,877.4,3.76,afternoon,False,,0.258,grace.rossi371@example.com
CUS-0000186,Nikolai Kim,retail_consumer,bronze,ZN-000467,Manchester,GB,EMEA,435 Oak St,53.419092,-2.171959,2020-10-28,4.0,257.92,4.14,evening,False,,0.26,nikolai.kim437@example.com
CUS-0000187,Daniel Torres,retail_consumer,none,ZN-000278,Atlanta,US,NA,144 Depot St,33.768357,-84.27997,2020-02-18,16.0,986.4,4.35,any,False,,0.0,daniel.torres372@example.com
CUS-0000188,Grace Torres,retail_consumer,bronze,ZN-000123,Los Angeles,US,NA,427 Central Blvd,34.057075,-118.222516,2020-10-31,9.0,134.83,4.29,morning,False,,0.073,grace.torres965@example.com
CUS-0000189,Marcus Ali,retail_consumer,silver,ZN-000039,Osaka,JP,APAC,235 Station St,34.771718,135.546603,2018-05-12,28.0,3232.06,4.09,evening,False,,0.264,marcus.ali113@example.com
CUS-0000190,Amara Ivanov,smb,none,ZN-000255,Los Angeles,US,NA,266 Maple Ln,34.039931,-118.199903,2019-06-30,25.0,749.35,4.39,afternoon,True,,0.156,amara.ivanov239@example.com
CUS-0000191,Chen Dubois,smb,none,ZN-000226,Delhi,IN,APAC,413 Elm St,28.134028,77.086168,2023-04-14,31.0,1456.46,3.46,evening,True,,0.7,chen.dubois57@example.com
CUS-0000192,Hugo Kim,retail_consumer,none,ZN-000179,Osaka,JP,APAC,148 Market St,34.686812,135.581798,2019-01-09,14.0,912.64,4.68,evening,False,,0.0,hugo.kim823@example.com
CUS-0000193,Leila Kowalski,marketplace_seller,bronze,ZN-000080,Bengaluru,IN,APAC,273 Grove Ln,12.969026,77.632084,2018-01-01,4.0,127.87,4.19,evening,False,,0.081,leila.kowalski98@example.com
CUS-0000194,Diego Ali,enterprise,silver,ZN-000279,Los Angeles,US,NA,189 Kings Rd,34.107141,-118.255627,2025-04-13,67.0,2031.9,5.0,any,True,12.0,0.453,diego.ali686@example.com
CUS-0000195,Aisha Nguyen,retail_consumer,none,ZN-000120,Rome,IT,EMEA,159 Union Dr,41.807754,12.455157,2020-02-21,67.0,17909.61,4.87,morning,False,,0.46,aisha.nguyen88@example.com
CUS-0000196,Jun Dubois,smb,bronze,ZN-000484,Atlanta,US,NA,348 Union St,33.761837,-84.461699,2022-11-15,65.0,3941.18,4.98,afternoon,True,,0.345,jun.dubois90@example.com
CUS-0000197,Omar Costa,smb,bronze,ZN-000087,Osaka,JP,APAC,479 Industrial St,34.64762,135.483374,2023-11-26,11.0,758.25,4.47,afternoon,True,,0.126,omar.costa82@example.com
CUS-0000198,Mateo Zhang,smb,gold,ZN-000002,Krakow,PL,EMEA,166 Cedar Sq,50.093378,19.855179,2018-07-27,11.0,374.12,4.61,any,True,,0.571,mateo.zhang501@example.com
CUS-0000199,Zara Rahman,retail_consumer,bronze,ZN-000375,Manchester,GB,EMEA,305 Park Rd,53.524472,-2.222042,2022-09-04,14.0,380.67,5.0,evening,False,,0.073,zara.rahman197@example.com
CUS-0000200,Freya Nguyen,retail_consumer,gold,ZN-000379,Shanghai,CN,APAC,361 Bridge Dr,31.298235,121.453392,2021-02-25,8.0,644.26,3.41,afternoon,False,,0.0,freya.nguyen370@example.com
CUS-0000201,Yuki Muller,retail_consumer,silver,ZN-000407,Bengaluru,IN,APAC,60 Maple Dr,12.935866,77.240803,2019-05-10,28.0,3861.78,4.38,any,False,,0.0,yuki.muller270@example.com
CUS-0000202,Leila Muller,smb,bronze,ZN-000235,Manchester,GB,EMEA,63 Warehouse St,53.409624,-2.218394,2020-09-15,39.0,5615.19,4.38,afternoon,True,,0.265,leila.muller185@example.com
CUS-0000203,Aisha Nguyen,smb,silver,ZN-000204,Manchester,GB,EMEA,229 Park Sq,53.608801,-1.821995,2021-03-24,83.0,2681.82,5.0,any,True,,0.415,aisha.nguyen241@example.com
CUS-0000204,Daniel Ali,retail_consumer,none,ZN-000077,Krakow,PL,EMEA,385 Riverside Ave,50.035209,19.866571,2023-07-11,7.0,887.77,4.16,evening,False,,0.107,daniel.ali151@example.com
CUS-0000205,Ivan Garcia,retail_consumer,none,ZN-000476,Shanghai,CN,APAC,225 Maple St,31.245056,121.392314,2025-09-04,2.0,52.87,5.0,morning,False,,0.009,ivan.garcia134@example.com
CUS-0000206,Carlos Novak,retail_consumer,none,ZN-000101,Krakow,PL,EMEA,237 Depot St,50.029512,19.826927,2022-09-30,8.0,412.54,3.91,morning,False,,0.291,carlos.novak506@example.com
CUS-0000207,Marcus Lindqvist,retail_consumer,none,ZN-000091,Shanghai,CN,APAC,30 Cedar Dr,31.188127,121.428477,2019-08-05,15.0,424.8,4.03,afternoon,False,,0.246,marcus.lindqvist978@example.com
CUS-0000208,Marcus Fernandez,enterprise,silver,ZN-000028,Shanghai,CN,APAC,100 Warehouse Ln,31.223153,121.465759,2018-11-30,188.0,11668.66,4.51,any,True,12.0,0.719,marcus.fernandez907@example.com
CUS-0000209,Jun Ali,smb,bronze,ZN-000036,Shanghai,CN,APAC,124 Harbour Sq,31.252424,121.444228,2019-05-06,202.0,4501.71,5.0,morning,True,,0.151,jun.ali328@example.com
CUS-0000210,Jun Okafor,retail_consumer,bronze,ZN-000318,Shanghai,CN,APAC,222 Union Sq,31.152944,121.501226,2023-08-15,8.0,1787.33,4.24,any,False,,0.0,jun.okafor714@example.com
CUS-0000211,Sofia Novak,retail_consumer,bronze,ZN-000400,Amsterdam,NL,EMEA,77 Elm St,52.436257,4.80076,2025-11-26,8.0,615.17,4.51,morning,False,,0.223,sofia.novak504@example.com
CUS-0000212,Fatima Dubois,smb,none,ZN-000291,Atlanta,US,NA,415 Elm Ln,33.730832,-84.305354,2020-01-14,13.0,1928.5,3.63,any,True,,0.283,fatima.dubois734@example.com
CUS-0000213,Carlos Kim,retail_consumer,none,ZN-000436,Mexico City,MX,LATAM,49 Riverside Dr,19.7701,-98.75158,2019-09-30,7.0,322.73,3.56,afternoon,False,,0.194,carlos.kim541@example.com
CUS-0000214,Daniel Weber,retail_consumer,none,ZN-000116,Delhi,IN,APAC,85 Depot Blvd,28.673841,77.122905,2018-10-24,20.0,928.49,4.53,evening,False,,0.426,daniel.weber76@example.com
CUS-0000215,Amara Smith,smb,bronze,ZN-000142,Manchester,GB,EMEA,159 Cedar Ave,53.207816,-2.281907,2023-06-14,44.0,1215.48,3.65,any,True,,0.131,amara.smith565@example.com
CUS-0000216,Maria Ivanov,public_sector,none,ZN-000338,Manchester,GB,EMEA,471 Park Ave,53.579972,-2.369812,2025-10-01,31.0,1497.5,5.0,afternoon,True,24.0,0.207,maria.ivanov370@example.com
CUS-0000217,Sofia Nguyen,marketplace_seller,silver,ZN-000015,Osaka,JP,APAC,356 Riverside Ln,34.679706,135.499373,2024-02-14,16.0,732.89,4.97,morning,False,,0.389,sofia.nguyen761@example.com
CUS-0000218,Tomas Dubois,retail_consumer,silver,ZN-000357,Sao Paulo,BR,LATAM,397 Park Dr,-23.589419,-46.630869,2020-10-24,14.0,525.16,4.75,any,False,,0.25,tomas.dubois145@example.com
CUS-0000219,Diego Costa,public_sector,none,ZN-000084,Manchester,GB,EMEA,381 Market Dr,53.502013,-2.101965,2022-04-27,8.0,915.94,4.66,evening,True,48.0,0.142,diego.costa953@example.com
CUS-0000220,Yuki Smith,retail_consumer,none,ZN-000208,London,GB,EMEA,33 Depot St,51.441699,-0.069253,2018-04-30,38.0,2905.0,4.41,evening,False,,0.05,yuki.smith574@example.com
CUS-0000221,Peter Kowalski,enterprise,platinum,ZN-000109,Atlanta,US,NA,64 Warehouse Dr,33.938086,-84.330594,2020-07-16,332.0,12229.98,2.92,morning,True,48.0,0.246,peter.kowalski185@example.com
CUS-0000222,Carlos Silva,smb,none,ZN-000479,Delhi,IN,APAC,376 Pine Ave,28.698744,77.129088,2021-07-14,50.0,1119.63,5.0,morning,True,,0.426,carlos.silva704@example.com
CUS-0000223,Sofia Ivanov,retail_consumer,bronze,ZN-000353,London,GB,EMEA,278 Park St,51.474836,-0.138271,2024-10-23,15.0,1973.42,4.53,evening,False,,0.263,sofia.ivanov896@example.com
CUS-0000224,Nikolai Sharma,retail_consumer,gold,ZN-000177,Shanghai,CN,APAC,367 Kings Ave,31.230536,121.439503,2021-02-02,3.0,107.35,3.46,any,False,,0.314,nikolai.sharma837@example.com
CUS-0000225,Diego Yilmaz,enterprise,bronze,ZN-000360,Delhi,IN,APAC,43 Industrial Rd,28.677383,77.085665,2020-06-04,397.0,7008.74,4.21,morning,True,24.0,0.092,diego.yilmaz914@example.com
CUS-0000226,Jun Bakker,enterprise,none,ZN-000458,Shanghai,CN,APAC,309 Riverside Ave,31.211413,121.519027,2022-10-02,234.0,5707.74,4.14,afternoon,True,12.0,0.313,jun.bakker357@example.com
CUS-0000227,Chen Rossi,enterprise,silver,ZN-000440,Rome,IT,EMEA,403 Riverside Rd,41.922992,12.391975,2023-03-19,63.0,10527.28,4.26,evening,True,12.0,0.1,chen.rossi839@example.com
CUS-0000228,Carlos Sharma,retail_consumer,silver,ZN-000183,Sao Paulo,BR,LATAM,384 Central Ave,-23.591366,-46.675868,2019-10-26,38.0,2980.45,2.98,morning,False,,0.291,carlos.sharma713@example.com
CUS-0000229,Leila Ali,enterprise,none,ZN-000058,Shanghai,CN,APAC,297 Elm St,31.163628,121.420844,2019-11-16,122.0,4704.01,2.42,afternoon,True,24.0,0.355,leila.ali462@example.com
CUS-0000230,Rahul Zhang,retail_consumer,bronze,ZN-000311,Krakow,PL,EMEA,350 Riverside Ln,50.383709,20.07575,2020-02-29,4.0,1024.12,5.0,evening,False,,0.413,rahul.zhang787@example.com
CUS-0000231,Elena Rahman,smb,platinum,ZN-000421,Shanghai,CN,APAC,377 Church Way,31.153563,121.456057,2025-01-20,27.0,1594.76,5.0,morning,True,,0.334,elena.rahman211@example.com
CUS-0000232,Maria Garcia,retail_consumer,gold,ZN-000324,Rome,IT,EMEA,74 Victoria St,41.977205,12.5773,2023-10-04,19.0,856.94,4.0,evening,False,,0.195,maria.garcia736@example.com
CUS-0000233,Freya Bakker,retail_consumer,bronze,ZN-000038,Atlanta,US,NA,432 Kings Dr,34.019536,-84.78357,2020-07-26,5.0,227.41,4.48,afternoon,False,,0.395,freya.bakker426@example.com
CUS-0000234,Priya Novak,retail_consumer,bronze,ZN-000480,Rome,IT,EMEA,171 Industrial Sq,41.839006,12.51416,2019-01-19,6.0,107.11,4.38,morning,False,,0.264,priya.novak980@example.com
CUS-0000235,Zara Weber,marketplace_seller,gold,ZN-000323,Mexico City,MX,LATAM,324 Central Rd,19.424925,-99.071707,2020-04-25,5.0,147.03,4.6,any,False,,0.145,zara.weber119@example.com
CUS-0000236,Viktor Yilmaz,retail_consumer,none,ZN-000436,Mexico City,MX,LATAM,41 Oak Ave,19.81068,-98.748304,2019-12-26,5.0,141.37,3.96,any,False,,0.208,viktor.yilmaz326@example.com
CUS-0000237,Amara Zhang,smb,none,ZN-000027,Krakow,PL,EMEA,148 Pine Sq,49.993316,19.970096,2025-03-08,77.0,1128.09,3.92,evening,True,,0.657,amara.zhang977@example.com
CUS-0000238,Nikolai Bakker,smb,none,ZN-000289,Sao Paulo,BR,LATAM,450 Church Blvd,-23.554216,-46.553605,2024-10-10,44.0,1574.38,4.91,afternoon,True,,0.49,nikolai.bakker753@example.com
CUS-0000239,Sofia Novak,retail_consumer,gold,ZN-000142,Manchester,GB,EMEA,434 Union St,53.234405,-2.261831,2022-11-28,10.0,153.22,3.89,any,False,,0.139,sofia.novak989@example.com
CUS-0000240,Peter Sharma,retail_consumer,bronze,ZN-000491,Delhi,IN,APAC,273 Warehouse Way,28.606243,77.092478,2018-12-20,3.0,79.46,4.49,morning,False,,0.312,peter.sharma515@example.com
CUS-0000241,Freya Brown,retail_consumer,none,ZN-000158,Shanghai,CN,APAC,314 Pine Blvd,31.193823,121.605902,2021-11-23,5.0,202.22,3.72,evening,False,,0.203,freya.brown125@example.com
CUS-0000242,Rahul Smith,retail_consumer,bronze,ZN-000176,Los Angeles,US,NA,441 Maple Blvd,34.064915,-118.177602,2018-07-30,3.0,193.04,4.03,afternoon,False,,0.115,rahul.smith841@example.com
CUS-0000243,Anna Sharma,retail_consumer,none,ZN-000101,Krakow,PL,EMEA,241 Bridge St,50.006618,19.867615,2022-04-09,10.0,470.38,4.89,evening,False,,0.101,anna.sharma649@example.com
CUS-0000244,Mateo Ali,retail_consumer,bronze,ZN-000232,Manchester,GB,EMEA,355 Industrial Blvd,53.441065,-2.32017,2024-05-05,6.0,214.25,3.64,evening,False,,0.415,mateo.ali355@example.com
CUS-0000245,Nadia Rahman,enterprise,silver,ZN-000431,Delhi,IN,APAC,103 Station Dr,28.661141,77.042417,2023-03-31,370.0,41064.29,3.98,morning,True,24.0,0.154,nadia.rahman361@example.com
CUS-0000246,Viktor Zhang,retail_consumer,gold,ZN-000417,London,GB,EMEA,74 Harbour St,51.519427,-0.092537,2022-01-11,27.0,1196.84,5.0,evening,False,,0.422,viktor.zhang74@example.com
CUS-0000247,Amara Brown,retail_consumer,none,ZN-000113,Amsterdam,NL,EMEA,352 Station Rd,52.317362,4.840799,2018-10-10,8.0,4172.53,4.26,afternoon,False,,0.305,amara.brown100@example.com
CUS-0000248,Peter Smith,retail_consumer,silver,ZN-000034,Rome,IT,EMEA,376 Bridge Way,42.076835,12.685097,2024-12-02,8.0,133.28,3.92,evening,False,,0.3,peter.smith689@example.com
CUS-0000249,Freya Moreau,retail_consumer,bronze,ZN-000385,Krakow,PL,EMEA,199 Pine Blvd,50.173849,19.9858,2023-05-15,23.0,404.59,4.28,evening,False,,0.039,freya.moreau931@example.com
CUS-0000250,Yuki Smith,retail_consumer,none,ZN-000419,Manchester,GB,EMEA,234 Industrial Ave,53.389559,-2.314834,2023-05-04,8.0,352.97,4.35,any,False,,0.445,yuki.smith815@example.com
CUS-0000251,Anna Torres,smb,none,ZN-000259,Amsterdam,NL,EMEA,220 Kings Rd,52.480372,4.881787,2018-12-06,28.0,508.27,5.0,morning,True,,0.38,anna.torres476@example.com
CUS-0000252,Chen Brown,retail_consumer,gold,ZN-000246,London,GB,EMEA,18 Maple Blvd,51.443905,-0.105842,2020-01-06,14.0,462.7,2.4,evening,False,,0.318,chen.brown674@example.com
CUS-0000253,Aisha Yilmaz,smb,none,ZN-000232,Manchester,GB,EMEA,233 Elm Blvd,53.448956,-2.315679,2018-12-08,123.0,4941.02,5.0,any,True,,0.383,aisha.yilmaz557@example.com
CUS-0000254,Leila Petrov,retail_consumer,none,ZN-000328,Manchester,GB,EMEA,129 Pine Dr,53.585712,-2.265566,2022-04-07,9.0,635.92,4.86,evening,False,,0.433,leila.petrov626@example.com
CUS-0000255,Carlos Fernandez,marketplace_seller,gold,ZN-000358,London,GB,EMEA,435 Cedar Dr,51.545818,-0.038654,2023-08-03,29.0,902.56,5.0,any,False,,0.318,carlos.fernandez587@example.com
CUS-0000256,Carlos Dubois,retail_consumer,none,ZN-000124,London,GB,EMEA,423 Church Dr,51.484845,-0.008967,2023-12-25,10.0,1521.32,5.0,morning,False,,0.182,carlos.dubois355@example.com
CUS-0000257,Amara Weber,enterprise,none,ZN-000078,Berlin,DE,EMEA,442 Maple St,52.561098,13.330185,2022-09-24,237.0,15464.84,4.21,afternoon,True,24.0,0.0,amara.weber841@example.com
CUS-0000258,Fatima Rossi,enterprise,silver,ZN-000391,Stockholm,SE,EMEA,109 Bridge St,59.316005,17.801301,2018-08-02,249.0,11533.24,4.51,any,True,12.0,0.298,fatima.rossi240@example.com
CUS-0000259,Nadia Zhang,marketplace_seller,bronze,ZN-000357,Sao Paulo,BR,LATAM,69 Pine Sq,-23.571696,-46.636277,2022-11-27,5.0,192.92,4.08,any,False,,0.309,nadia.zhang330@example.com
CUS-0000260,Mateo Ali,retail_consumer,platinum,ZN-000482,Sao Paulo,BR,LATAM,366 Victoria St,-23.633531,-46.699218,2024-05-24,9.0,556.03,4.69,evening,False,,0.281,mateo.ali569@example.com
CUS-0000261,Mateo Nguyen,retail_consumer,gold,ZN-000286,Mexico City,MX,LATAM,343 Victoria Way,19.413475,-99.032038,2025-04-02,16.0,2390.3,5.0,morning,False,,0.138,mateo.nguyen286@example.com
CUS-0000262,Fatima Sharma,retail_consumer,none,ZN-000007,Los Angeles,US,NA,159 Victoria Ave,34.077973,-118.16881,2025-07-23,3.0,65.66,4.04,evening,False,,0.372,fatima.sharma766@example.com
CUS-0000263,Yuki Garcia,retail_consumer,platinum,ZN-000064,Atlanta,US,NA,290 Station Ln,33.8488,-84.420869,2019-01-28,5.0,838.79,3.51,afternoon,False,,0.0,yuki.garcia852@example.com
CUS-0000264,Rahul Novak,retail_consumer,none,ZN-000429,Stockholm,SE,EMEA,92 Station Ln,59.332223,17.916987,2020-12-31,27.0,11524.14,4.12,any,False,,0.383,rahul.novak868@example.com
CUS-0000265,Peter Yilmaz,marketplace_seller,gold,ZN-000228,Krakow,PL,EMEA,125 Bridge Dr,50.15283,20.154977,2020-07-14,6.0,207.82,4.49,evening,False,,0.695,peter.yilmaz941@example.com
CUS-0000266,Alex Smith,retail_consumer,none,ZN-000209,Sao Paulo,BR,LATAM,233 Kings St,-23.418467,-46.987203,2024-11-03,7.0,214.37,5.0,afternoon,False,,0.547,alex.smith494@example.com
CUS-0000267,Jun Lindqvist,retail_consumer,none,ZN-000481,Rome,IT,EMEA,255 Station Dr,41.870073,12.463575,2020-05-03,15.0,364.69,4.76,evening,False,,0.196,jun.lindqvist732@example.com
CUS-0000268,Chen Nguyen,marketplace_seller,platinum,ZN-000325,Delhi,IN,APAC,418 Industrial Ln,28.620647,77.105509,2021-10-21,14.0,496.56,3.06,morning,False,,0.489,chen.nguyen685@example.com
CUS-0000269,Lucas Brown,smb,bronze,ZN-000405,Shanghai,CN,APAC,228 Maple St,31.203318,121.553158,2021-06-18,26.0,1180.13,4.13,evening,True,,0.648,lucas.brown702@example.com
CUS-0000270,Zara Fernandez,retail_consumer,none,ZN-000459,Mexico City,MX,LATAM,250 Depot Way,19.465332,-99.064672,2021-08-17,4.0,187.3,4.77,evening,False,,0.331,zara.fernandez686@example.com
CUS-0000271,Diego Yilmaz,retail_consumer,none,ZN-000349,London,GB,EMEA,230 Bridge Rd,51.447028,-0.151784,2024-12-23,32.0,2668.93,4.06,any,False,,0.151,diego.yilmaz974@example.com
CUS-0000272,Isabella Kim,retail_consumer,gold,ZN-000122,Berlin,DE,EMEA,64 Riverside St,52.481938,13.278984,2018-11-30,4.0,367.92,4.25,any,False,,0.015,isabella.kim429@example.com
CUS-0000273,Ivan Fernandez,retail_consumer,silver,ZN-000437,Rome,IT,EMEA,11 Market Way,41.888725,12.504811,2021-07-08,9.0,1521.2,4.98,evening,False,,0.194,ivan.fernandez66@example.com
CUS-0000274,Maria Ali,retail_consumer,none,ZN-000007,Los Angeles,US,NA,149 Church Rd,34.079342,-118.170425,2024-08-30,3.0,49.89,2.9,evening,False,,0.008,maria.ali179@example.com
CUS-0000275,Grace Fernandez,retail_consumer,platinum,ZN-000142,Manchester,GB,EMEA,389 Station Blvd,53.224473,-2.298223,2019-01-02,10.0,585.11,4.79,any,False,,0.338,grace.fernandez897@example.com
CUS-0000276,Rahul Yilmaz,retail_consumer,silver,ZN-000279,Los Angeles,US,NA,11 Church Ln,34.101687,-118.238366,2022-07-16,7.0,450.16,3.03,any,False,,0.395,rahul.yilmaz135@example.com
CUS-0000277,Marcus Smith,marketplace_seller,none,ZN-000100,Shanghai,CN,APAC,198 Grove Sq,31.172767,121.372376,2019-09-23,7.0,768.67,4.34,evening,False,,0.455,marcus.smith460@example.com
CUS-0000278,Jun Yilmaz,retail_consumer,none,ZN-000139,Atlanta,US,NA,113 Warehouse Ln,33.743436,-84.445308,2024-12-22,6.0,553.46,3.65,morning,False,,0.287,jun.yilmaz779@example.com
CUS-0000279,Nikolai Lindqvist,retail_consumer,none,ZN-000241,London,GB,EMEA,106 Pine Sq,51.442809,-0.051013,2022-01-13,6.0,210.08,5.0,any,False,,0.527,nikolai.lindqvist209@example.com
CUS-0000280,Elena Nakamura,enterprise,silver,ZN-000169,Rome,IT,EMEA,188 Victoria Ave,41.982485,12.528508,2023-11-15,72.0,9779.37,4.2,evening,True,48.0,0.223,elena.nakamura125@example.com
CUS-0000281,Hugo Rahman,smb,bronze,ZN-000328,Manchester,GB,EMEA,228 Oak Sq,53.563224,-2.229536,2025-01-11,50.0,2629.85,5.0,evening,True,,0.002,hugo.rahman355@example.com
CUS-0000282,Nikolai Dubois,smb,silver,ZN-000256,Osaka,JP,APAC,462 Harbour Way,34.613525,135.632723,2025-09-13,8.0,290.15,4.26,afternoon,True,,0.362,nikolai.dubois517@example.com
CUS-0000283,Fatima Muller,marketplace_seller,none,ZN-000257,London,GB,EMEA,179 Oak Sq,51.57954,-0.175275,2019-12-07,12.0,654.33,3.98,evening,False,,0.034,fatima.muller375@example.com
CUS-0000284,Zara Garcia,retail_consumer,gold,ZN-000131,Amsterdam,NL,EMEA,372 Pine Sq,52.281966,4.993471,2022-09-22,33.0,751.6,4.27,any,False,,0.325,zara.garcia284@example.com
CUS-0000285,Marcus Silva,retail_consumer,bronze,ZN-000070,Delhi,IN,APAC,354 Market Ave,28.658651,77.096003,2021-05-06,10.0,337.22,4.52,afternoon,False,,0.32,marcus.silva923@example.com
CUS-0000286,Viktor Torres,enterprise,silver,ZN-000282,Manchester,GB,EMEA,315 Oak Ln,53.497186,-2.342758,2023-01-18,149.0,8998.55,4.73,afternoon,True,12.0,0.295,viktor.torres227@example.com
CUS-0000287,Elena Ali,smb,gold,ZN-000463,Berlin,DE,EMEA,77 Central Rd,52.610782,13.479668,2020-02-21,17.0,1611.79,4.03,evening,True,,0.156,elena.ali26@example.com
CUS-0000288,Zara Novak,retail_consumer,none,ZN-000492,Krakow,PL,EMEA,393 Oak Sq,50.074232,19.84481,2021-02-17,27.0,388.12,4.86,any,False,,0.47,zara.novak928@example.com
CUS-0000289,Zara Okafor,smb,none,ZN-000366,London,GB,EMEA,475 Station Ave,51.43338,-0.023318,2024-10-02,18.0,632.07,3.93,evening,True,,0.109,zara.okafor618@example.com
CUS-0000290,Rahul Zhang,retail_consumer,none,ZN-000239,Sao Paulo,BR,LATAM,303 Union Rd,-23.618706,-46.562692,2021-10-12,2.0,82.64,4.53,any,False,,0.404,rahul.zhang609@example.com
CUS-0000291,Hugo Moreau,retail_consumer,silver,ZN-000178,Bengaluru,IN,APAC,153 Central Blvd,12.950154,77.51043,2021-06-06,4.0,807.47,3.95,afternoon,False,,0.266,hugo.moreau904@example.com
CUS-0000292,Chen Smith,marketplace_seller,silver,ZN-000026,Manchester,GB,EMEA,242 Riverside Blvd,53.516906,-2.291701,2025-02-19,4.0,112.54,4.2,morning,False,,0.0,chen.smith883@example.com
CUS-0000293,Isabella Novak,retail_consumer,bronze,ZN-000211,Osaka,JP,APAC,70 Warehouse Way,34.610777,135.445541,2025-04-24,59.0,2313.84,3.88,afternoon,False,,0.423,isabella.novak7@example.com
CUS-0000294,Diego Brown,retail_consumer,none,ZN-000426,Krakow,PL,EMEA,402 Union Ln,49.876507,19.701121,2021-05-10,33.0,2821.08,4.56,evening,False,,0.177,diego.brown840@example.com
CUS-0000295,Nadia Rossi,retail_consumer,none,ZN-000421,Shanghai,CN,APAC,401 Union Ln,31.173251,121.453702,2024-01-06,3.0,100.81,3.87,evening,False,,0.159,nadia.rossi523@example.com
CUS-0000296,Omar Silva,retail_consumer,silver,ZN-000441,Mexico City,MX,LATAM,102 Elm Ln,19.518671,-99.161243,2023-01-06,25.0,3547.55,4.55,any,False,,0.048,omar.silva558@example.com
CUS-0000297,Elena Sharma,smb,bronze,ZN-000366,London,GB,EMEA,10 Maple Rd,51.441189,-0.050277,2023-06-30,28.0,3294.63,4.34,morning,True,,0.411,elena.sharma217@example.com
CUS-0000298,Jun Novak,retail_consumer,none,ZN-000141,Osaka,JP,APAC,324 Bridge Dr,34.74827,135.597935,2025-11-05,18.0,793.99,3.54,any,False,,0.205,jun.novak146@example.com
CUS-0000299,Tomas Ali,retail_consumer,none,ZN-000299,Stockholm,SE,EMEA,423 Pine Blvd,59.317606,17.87279,2023-07-26,20.0,1019.07,3.84,evening,False,,0.232,tomas.ali943@example.com
CUS-0000300,Fatima Yilmaz,retail_consumer,bronze,ZN-000109,Atlanta,US,NA,403 Church Blvd,33.979214,-84.336728,2022-08-25,11.0,342.01,3.95,afternoon,False,,0.173,fatima.yilmaz912@example.com
CUS-0000301,Viktor Weber,retail_consumer,gold,ZN-000468,Krakow,PL,EMEA,134 Elm Sq,49.977252,19.947738,2023-03-19,23.0,1529.16,2.89,evening,False,,0.0,viktor.weber926@example.com
CUS-0000302,Freya Kowalski,retail_consumer,bronze,ZN-000342,Bengaluru,IN,APAC,412 Riverside Way,12.923115,77.623533,2018-01-05,6.0,393.17,3.52,any,False,,0.366,freya.kowalski585@example.com
CUS-0000303,Daniel Petrov,smb,gold,ZN-000382,Shanghai,CN,APAC,411 Central Ln,31.233129,121.428408,2024-05-06,89.0,25848.3,4.08,any,True,,0.0,daniel.petrov362@example.com
CUS-0000304,Lucas Brown,retail_consumer,bronze,ZN-000299,Stockholm,SE,EMEA,326 Station Way,59.352173,17.897507,2023-01-28,11.0,217.76,3.87,afternoon,False,,0.414,lucas.brown109@example.com
CUS-0000305,Fatima Muller,retail_consumer,none,ZN-000324,Rome,IT,EMEA,99 Market Sq,41.964011,12.600449,2023-03-22,4.0,114.67,2.8,any,False,,0.164,fatima.muller562@example.com
CUS-0000306,Nadia Rossi,retail_consumer,none,ZN-000048,Krakow,PL,EMEA,414 Riverside Dr,49.921296,20.200185,2022-02-17,23.0,1582.55,4.51,evening,False,,0.091,nadia.rossi402@example.com
CUS-0000307,Jun Novak,smb,none,ZN-000355,Los Angeles,US,NA,136 Oak Way,34.089153,-118.307862,2024-03-21,23.0,3312.29,4.92,afternoon,True,,0.371,jun.novak58@example.com
CUS-0000308,Yuki Fernandez,retail_consumer,gold,ZN-000283,Los Angeles,US,NA,295 Victoria Way,34.080335,-118.310771,2023-10-10,15.0,608.58,3.4,afternoon,False,,0.364,yuki.fernandez606@example.com
CUS-0000309,Anna Fernandez,smb,platinum,ZN-000467,Manchester,GB,EMEA,232 Victoria Way,53.405491,-2.192002,2018-08-10,14.0,820.18,3.9,any,True,,0.648,anna.fernandez987@example.com
CUS-0000310,Aisha Fernandez,marketplace_seller,bronze,ZN-000347,Rome,IT,EMEA,258 Elm Blvd,41.86951,12.492085,2019-06-10,4.0,113.79,4.87,evening,False,,0.566,aisha.fernandez215@example.com
CUS-0000311,Freya Kim,enterprise,bronze,ZN-000172,Jakarta,ID,APAC,296 Kings Rd,-6.145035,106.828592,2025-01-05,155.0,5305.37,4.48,any,True,12.0,0.329,freya.kim898@example.com
CUS-0000312,Lucas Ivanov,retail_consumer,none,ZN-000054,Osaka,JP,APAC,250 Kings Rd,34.666649,135.396657,2019-10-20,10.0,855.26,2.64,afternoon,False,,0.29,lucas.ivanov630@example.com
CUS-0000313,Lucas Novak,retail_consumer,none,ZN-000089,Krakow,PL,EMEA,273 Oak St,50.174367,19.996564,2025-08-06,17.0,1166.41,4.55,any,False,,0.174,lucas.novak335@example.com
CUS-0000314,Rahul Hansen,marketplace_seller,bronze,ZN-000179,Osaka,JP,APAC,74 Grove Ave,34.69844,135.560765,2024-02-19,17.0,857.05,4.71,any,False,,0.331,rahul.hansen773@example.com
CUS-0000315,Viktor Brown,smb,none,ZN-000070,Delhi,IN,APAC,155 Union Blvd,28.667342,77.132018,2020-08-17,19.0,866.05,3.67,any,True,,0.237,viktor.brown283@example.com
CUS-0000316,Alex Ivanov,enterprise,none,ZN-000122,Berlin,DE,EMEA,282 Station St,52.461862,13.288835,2020-12-30,141.0,10546.13,3.19,afternoon,True,12.0,0.147,alex.ivanov727@example.com
CUS-0000317,Elena Moreau,smb,silver,ZN-000485,Stockholm,SE,EMEA,69 Grove Rd,59.227816,18.356756,2021-01-24,13.0,643.15,3.8,evening,True,,0.546,elena.moreau572@example.com
CUS-0000318,Alex Muller,marketplace_seller,none,ZN-000234,Krakow,PL,EMEA,408 Church Rd,50.092544,19.892592,2020-11-03,12.0,1911.2,3.29,evening,False,,0.102,alex.muller440@example.com
CUS-0000319,Fatima Nakamura,smb,none,ZN-000191,Bengaluru,IN,APAC,240 Church Rd,12.922272,77.552518,2023-12-11,13.0,1189.01,4.44,morning,True,,0.418,fatima.nakamura193@example.com
CUS-0000320,Diego Fernandez,enterprise,none,ZN-000045,Rome,IT,EMEA,449 Warehouse Way,41.966665,12.599804,2019-08-13,121.0,5630.72,3.16,afternoon,True,24.0,0.352,diego.fernandez935@example.com
CUS-0000321,Hugo Weber,retail_consumer,none,ZN-000360,Delhi,IN,APAC,21 Union Ave,28.664013,77.069221,2024-06-03,13.0,724.88,3.55,any,False,,0.245,hugo.weber15@example.com
CUS-0000322,Fatima Sharma,retail_consumer,none,ZN-000012,Shanghai,CN,APAC,278 Warehouse Rd,31.187674,121.438212,2025-09-07,9.0,117.0,4.36,any,False,,0.282,fatima.sharma454@example.com
CUS-0000323,Elena Bakker,public_sector,none,ZN-000115,Krakow,PL,EMEA,68 Warehouse St,50.017499,19.898398,2022-09-08,15.0,4054.48,4.22,any,True,24.0,0.318,elena.bakker120@example.com
CUS-0000324,Rahul Dubois,smb,bronze,ZN-000146,London,GB,EMEA,66 Union Rd,51.582552,-0.144615,2025-11-23,10.0,801.67,4.45,evening,True,,0.163,rahul.dubois998@example.com
CUS-0000325,Viktor Dubois,retail_consumer,none,ZN-000166,Rome,IT,EMEA,121 Maple Blvd,41.82285,12.517491,2025-10-09,11.0,445.67,3.59,any,False,,0.281,viktor.dubois21@example.com
CUS-0000326,Grace Nakamura,retail_consumer,none,ZN-000280,Manchester,GB,EMEA,117 Industrial St,54.064603,-2.07004,2020-01-25,7.0,136.25,4.61,afternoon,False,,0.476,grace.nakamura983@example.com
CUS-0000327,Nadia Kowalski,retail_consumer,none,ZN-000174,Jakarta,ID,APAC,158 Park Dr,-6.15351,106.824945,2020-06-16,3.0,471.07,5.0,evening,False,,0.48,nadia.kowalski619@example.com
CUS-0000328,Chen Torres,retail_consumer,platinum,ZN-000499,Delhi,IN,APAC,304 Victoria Blvd,28.749676,77.081547,2019-10-20,7.0,113.13,4.21,any,False,,0.0,chen.torres851@example.com
CUS-0000329,Fatima Muller,retail_consumer,bronze,ZN-000224,Stockholm,SE,EMEA,380 Industrial Sq,59.373,18.139869,2020-02-05,7.0,216.56,5.0,morning,False,,0.098,fatima.muller972@example.com
CUS-0000330,Priya Torres,retail_consumer,bronze,ZN-000224,Stockholm,SE,EMEA,108 Cedar St,59.370256,18.162229,2020-10-18,14.0,304.81,3.21,morning,False,,0.097,priya.torres369@example.com
CUS-0000331,Tomas Torres,smb,bronze,ZN-000072,Shanghai,CN,APAC,228 Warehouse Ln,31.239047,121.543265,2021-09-12,18.0,757.53,4.18,morning,True,,0.298,tomas.torres812@example.com
CUS-0000332,Rahul Bakker,marketplace_seller,bronze,ZN-000111,Osaka,JP,APAC,311 Victoria Ave,34.606109,135.524697,2024-09-21,8.0,411.63,4.85,morning,False,,0.106,rahul.bakker711@example.com
CUS-0000333,Hugo Nguyen,enterprise,none,ZN-000410,Shanghai,CN,APAC,2 Harbour Blvd,31.301593,121.416935,2024-04-22,237.0,7097.91,4.49,any,True,48.0,0.279,hugo.nguyen815@example.com
CUS-0000334,Diego Sharma,retail_consumer,silver,ZN-000272,Los Angeles,US,NA,102 Industrial St,34.026941,-118.125756,2020-02-19,52.0,1409.5,2.63,morning,False,,0.289,diego.sharma860@example.com
CUS-0000335,Marcus Smith,enterprise,bronze,ZN-000488,Rome,IT,EMEA,86 Grove St,41.646153,12.578889,2019-09-08,680.0,41387.32,4.87,any,True,24.0,0.546,marcus.smith949@example.com
CUS-0000336,Rahul Moreau,retail_consumer,none,ZN-000288,Amsterdam,NL,EMEA,456 Bridge Blvd,52.367175,4.889341,2022-02-14,3.0,55.23,4.45,any,False,,0.403,rahul.moreau962@example.com
CUS-0000337,Elena Zhang,retail_consumer,none,ZN-000380,Shanghai,CN,APAC,164 Pine Ln,31.259947,121.356907,2021-03-20,4.0,188.08,5.0,morning,False,,0.218,elena.zhang624@example.com
CUS-0000338,Nadia Dubois,smb,gold,ZN-000011,Berlin,DE,EMEA,399 Union Sq,52.513111,13.540555,2024-03-21,26.0,2459.5,4.11,any,True,,0.199,nadia.dubois36@example.com
CUS-0000339,Nadia Moreau,retail_consumer,platinum,ZN-000191,Bengaluru,IN,APAC,118 Kings Ln,12.89104,77.528842,2023-12-13,21.0,566.58,3.98,evening,False,,0.124,nadia.moreau930@example.com
CUS-0000340,Priya Ali,retail_consumer,none,ZN-000456,Berlin,DE,EMEA,36 Oak Rd,52.576107,13.405405,2023-02-02,19.0,2000.35,4.9,any,False,,0.3,priya.ali455@example.com
CUS-0000341,Mateo Rossi,public_sector,silver,ZN-000068,Delhi,IN,APAC,2 Maple Ave,28.672644,77.098664,2024-05-21,13.0,519.38,4.29,any,True,48.0,0.226,mateo.rossi550@example.com
CUS-0000342,Lucas Ivanov,retail_consumer,none,ZN-000076,Sao Paulo,BR,LATAM,131 Kings Rd,-23.552951,-46.60708,2025-05-17,8.0,638.51,5.0,any,False,,0.231,lucas.ivanov455@example.com
CUS-0000343,Amara Rossi,retail_consumer,silver,ZN-000419,Manchester,GB,EMEA,167 Pine Way,53.395272,-2.311727,2020-03-16,14.0,733.69,4.68,any,False,,0.33,amara.rossi100@example.com
CUS-0000344,Sofia Garcia,retail_consumer,gold,ZN-000480,Rome,IT,EMEA,143 Grove Blvd,41.842657,12.503042,2019-07-31,5.0,457.18,3.9,morning,False,,0.003,sofia.garcia791@example.com
CUS-0000345,Freya Dubois,smb,none,ZN-000370,Rome,IT,EMEA,351 Oak Rd,41.998233,12.560611,2020-06-07,26.0,1210.52,4.9,evening,True,,0.241,freya.dubois811@example.com
CUS-0000346,Priya Bakker,smb,none,ZN-000024,Los Angeles,US,NA,110 Cedar Way,33.993364,-118.242894,2018-03-12,39.0,2035.37,3.84,morning,True,,0.483,priya.bakker520@example.com
CUS-0000347,Sofia Nakamura,retail_consumer,silver,ZN-000120,Rome,IT,EMEA,296 Oak Blvd,41.831393,12.476571,2019-10-15,4.0,168.8,4.18,any,False,,0.415,sofia.nakamura475@example.com
CUS-0000348,Hugo Okafor,marketplace_seller,gold,ZN-000024,Los Angeles,US,NA,22 Grove St,33.975871,-118.23392,2022-12-04,4.0,114.99,4.63,evening,False,,0.484,hugo.okafor990@example.com
CUS-0000349,Jun Okafor,retail_consumer,silver,ZN-000075,Krakow,PL,EMEA,330 Victoria Dr,50.065956,19.846515,2019-03-07,12.0,913.35,5.0,evening,False,,0.143,jun.okafor24@example.com
CUS-0000350,Nikolai Moreau,public_sector,silver,ZN-000078,Berlin,DE,EMEA,93 Grove Blvd,52.545948,13.35951,2019-11-17,7.0,631.41,4.52,morning,True,24.0,0.385,nikolai.moreau91@example.com
CUS-0000351,Mateo Smith,smb,silver,ZN-000048,Krakow,PL,EMEA,131 Grove Sq,49.914671,20.221802,2018-01-12,126.0,6857.68,5.0,evening,True,,0.172,mateo.smith314@example.com
CUS-0000352,Aisha Fernandez,retail_consumer,gold,ZN-000139,Atlanta,US,NA,400 Elm Ave,33.748314,-84.47087,2021-12-22,19.0,991.25,3.83,afternoon,False,,0.296,aisha.fernandez528@example.com
CUS-0000353,Amara Costa,retail_consumer,none,ZN-000383,London,GB,EMEA,408 Union Way,51.491553,-0.173002,2018-10-13,17.0,1453.79,3.51,afternoon,False,,0.103,amara.costa708@example.com
CUS-0000354,Peter Garcia,retail_consumer,gold,ZN-000095,Rome,IT,EMEA,138 Industrial Dr,41.902434,12.143593,2021-08-07,7.0,462.81,4.06,evening,False,,0.163,peter.garcia837@example.com
CUS-0000355,Alex Rahman,retail_consumer,bronze,ZN-000384,Delhi,IN,APAC,446 Grove Rd,28.761589,77.118122,2023-10-13,6.0,2534.82,4.54,morning,False,,0.295,alex.rahman197@example.com
CUS-0000356,Yuki Silva,retail_consumer,none,ZN-000224,Stockholm,SE,EMEA,8 Elm Dr,59.353965,18.150991,2023-05-06,3.0,486.77,4.32,morning,False,,0.343,yuki.silva401@example.com
CUS-0000357,Viktor Rahman,retail_consumer,silver,ZN-000224,Stockholm,SE,EMEA,191 Grove St,59.385217,18.119247,2022-04-01,4.0,114.9,4.06,afternoon,False,,0.213,viktor.rahman20@example.com
CUS-0000358,Grace Nakamura,retail_consumer,gold,ZN-000275,London,GB,EMEA,472 Market Rd,51.571384,-0.096398,2024-05-19,11.0,481.31,4.61,any,False,,0.045,grace.nakamura515@example.com
CUS-0000359,Rahul Costa,retail_consumer,bronze,ZN-000234,Krakow,PL,EMEA,452 Pine Dr,50.087877,19.868632,2023-09-21,12.0,515.4,4.09,morning,False,,0.275,rahul.costa23@example.com
CUS-0000360,Isabella Sharma,retail_consumer,none,ZN-000143,Delhi,IN,APAC,429 Park Sq,28.693015,77.21997,2024-12-16,9.0,510.27,3.9,evening,False,,0.118,isabella.sharma995@example.com
CUS-0000361,Yuki Torres,smb,none,ZN-000470,Shanghai,CN,APAC,282 Kings Ave,31.222194,121.388552,2021-07-17,34.0,1981.26,4.32,morning,True,,0.271,yuki.torres353@example.com
CUS-0000362,Peter Novak,retail_consumer,platinum,ZN-000193,London,GB,EMEA,81 Kings St,51.504345,-0.072586,2025-05-03,9.0,383.43,4.04,morning,False,,0.486,peter.novak721@example.com
CUS-0000363,Tomas Torres,smb,gold,ZN-000271,London,GB,EMEA,162 Elm Blvd,51.433257,-0.235257,2022-08-04,18.0,1316.9,5.0,morning,True,,0.191,tomas.torres306@example.com
CUS-0000364,Grace Moreau,smb,bronze,ZN-000207,Berlin,DE,EMEA,322 Union Rd,52.602304,13.376226,2018-02-03,11.0,582.22,3.64,afternoon,True,,0.142,grace.moreau925@example.com
CUS-0000365,Fatima Dubois,retail_consumer,bronze,ZN-000244,Shanghai,CN,APAC,411 Maple St,31.194,121.408475,2022-08-24,3.0,112.34,4.57,any,False,,0.531,fatima.dubois789@example.com
CUS-0000366,Yuki Petrov,enterprise,silver,ZN-000391,Stockholm,SE,EMEA,389 Bridge Blvd,59.324432,17.793567,2025-09-16,258.0,33465.47,3.61,morning,True,48.0,0.442,yuki.petrov786@example.com
CUS-0000367,Daniel Weber,smb,bronze,ZN-000223,London,GB,EMEA,260 Depot Blvd,51.418057,-0.219104,2021-11-13,33.0,1398.74,3.07,evening,True,,0.226,daniel.weber72@example.com
CUS-0000368,Grace Rahman,enterprise,none,ZN-000037,Sao Paulo,BR,LATAM,142 Victoria Sq,-23.619701,-46.618479,2022-03-11,236.0,35595.22,3.0,morning,True,24.0,0.505,grace.rahman208@example.com
CUS-0000369,Isabella Torres,retail_consumer,silver,ZN-000191,Bengaluru,IN,APAC,124 Industrial Blvd,12.896017,77.524505,2019-09-05,8.0,1702.88,3.53,morning,False,,0.04,isabella.torres599@example.com
CUS-0000370,Priya Lindqvist,smb,bronze,ZN-000433,Bengaluru,IN,APAC,96 Maple Ave,12.951173,77.543052,2025-11-11,12.0,439.46,3.67,morning,True,,0.0,priya.lindqvist453@example.com
CUS-0000371,Maria Kim,smb,none,ZN-000217,Rome,IT,EMEA,44 Maple Sq,41.982406,12.546965,2018-12-06,19.0,630.26,5.0,any,True,,0.651,maria.kim492@example.com
CUS-0000372,Maria Torres,smb,none,ZN-000369,London,GB,EMEA,35 Market St,51.480823,-0.246303,2021-09-08,84.0,5106.44,3.54,afternoon,True,,0.427,maria.torres212@example.com
CUS-0000373,Nikolai Weber,retail_consumer,bronze,ZN-000434,Rome,IT,EMEA,59 Station Ave,41.959972,12.491321,2022-12-21,38.0,1092.21,4.53,evening,False,,0.441,nikolai.weber983@example.com
CUS-0000374,Rahul Kowalski,retail_consumer,silver,ZN-000334,Atlanta,US,NA,283 Maple Ave,33.693994,-84.474097,2022-03-19,5.0,180.08,2.92,evening,False,,0.314,rahul.kowalski190@example.com
CUS-0000375,Sofia Lindqvist,retail_consumer,none,ZN-000354,Atlanta,US,NA,20 Kings Ln,33.785651,-84.481679,2021-12-16,62.0,4347.9,3.45,evening,False,,0.462,sofia.lindqvist797@example.com
CUS-0000376,Daniel Brown,retail_consumer,bronze,ZN-000496,Osaka,JP,APAC,38 Warehouse Blvd,34.616852,135.491258,2021-07-31,7.0,209.96,3.31,evening,False,,0.203,daniel.brown580@example.com
CUS-0000377,Freya Rossi,enterprise,silver,ZN-000123,Los Angeles,US,NA,311 Warehouse Blvd,34.089423,-118.219253,2020-06-03,427.0,14467.06,5.0,evening,True,12.0,0.395,freya.rossi429@example.com
CUS-0000378,Chen Petrov,retail_consumer,none,ZN-000483,Krakow,PL,EMEA,93 Harbour Dr,50.010865,19.827391,2021-04-01,4.0,178.78,4.47,any,False,,0.312,chen.petrov382@example.com
CUS-0000379,Daniel Weber,retail_consumer,silver,ZN-000067,Los Angeles,US,NA,404 Industrial Sq,33.842329,-118.195819,2018-12-16,4.0,184.44,5.0,morning,False,,0.431,daniel.weber587@example.com
CUS-0000380,Elena Okafor,smb,silver,ZN-000483,Krakow,PL,EMEA,163 Cedar Dr,50.045399,19.797438,2019-11-08,11.0,486.35,4.17,any,True,,0.256,elena.okafor467@example.com
CUS-0000381,Aisha Rossi,retail_consumer,none,ZN-000096,Krakow,PL,EMEA,168 Warehouse St,49.664418,20.175418,2021-12-09,8.0,370.74,5.0,afternoon,False,,0.104,aisha.rossi513@example.com
CUS-0000382,Diego Petrov,retail_consumer,silver,ZN-000106,Atlanta,US,NA,118 Elm Blvd,33.766951,-84.437798,2019-03-03,5.0,638.35,4.07,afternoon,False,,0.259,diego.petrov877@example.com
CUS-0000383,Leila Nakamura,retail_consumer,bronze,ZN-000113,Amsterdam,NL,EMEA,81 Church St,52.312287,4.844218,2024-12-10,5.0,390.51,4.9,afternoon,False,,0.37,leila.nakamura863@example.com
CUS-0000384,Peter Dubois,retail_consumer,none,ZN-000304,Rome,IT,EMEA,408 Harbour Sq,41.925634,12.515539,2023-10-30,14.0,357.0,4.04,morning,False,,0.076,peter.dubois253@example.com
CUS-0000385,Zara Novak,retail_consumer,silver,ZN-000398,Rome,IT,EMEA,69 Elm Sq,41.96568,12.466293,2020-02-11,25.0,1316.65,3.08,any,False,,0.41,zara.novak360@example.com
CUS-0000386,Grace Sharma,marketplace_seller,silver,ZN-000114,London,GB,EMEA,46 Harbour St,51.861843,-0.65059,2023-05-15,5.0,547.32,3.68,afternoon,False,,0.055,grace.sharma146@example.com
CUS-0000387,Alex Moreau,retail_consumer,none,ZN-000164,Krakow,PL,EMEA,404 Market Rd,50.146785,19.003855,2020-05-26,31.0,586.39,3.57,any,False,,0.108,alex.moreau34@example.com
CUS-0000388,Carlos Zhang,marketplace_seller,none,ZN-000334,Atlanta,US,NA,245 Depot Sq,33.69721,-84.465871,2023-05-16,15.0,1048.56,3.68,any,False,,0.188,carlos.zhang65@example.com
CUS-0000389,Jun Okafor,retail_consumer,silver,ZN-000155,Berlin,DE,EMEA,412 Union Dr,52.507088,13.464724,2023-07-27,11.0,949.27,4.01,morning,False,,0.452,jun.okafor579@example.com
CUS-0000390,Hugo Okafor,retail_consumer,bronze,ZN-000124,London,GB,EMEA,9 Victoria Way,51.519971,-0.033904,2025-08-24,4.0,588.7,5.0,morning,False,,0.262,hugo.okafor200@example.com
CUS-0000391,Amara Hansen,retail_consumer,platinum,ZN-000275,London,GB,EMEA,468 Central Sq,51.580981,-0.130313,2024-11-26,18.0,820.2,3.86,any,False,,0.435,amara.hansen498@example.com
CUS-0000392,Sofia Sharma,retail_consumer,silver,ZN-000208,London,GB,EMEA,20 Central St,51.479831,-0.047394,2024-01-18,3.0,185.16,4.61,morning,False,,0.377,sofia.sharma556@example.com
CUS-0000393,Amara Moreau,smb,none,ZN-000250,Krakow,PL,EMEA,75 Market Ln,50.207115,20.240497,2022-06-21,13.0,1858.36,4.43,evening,True,,0.356,amara.moreau630@example.com
CUS-0000394,Freya Yilmaz,retail_consumer,none,ZN-000171,London,GB,EMEA,96 Maple Ln,51.927071,-0.328761,2024-05-20,11.0,836.75,5.0,morning,False,,0.155,freya.yilmaz918@example.com
CUS-0000395,Yuki Garcia,smb,none,ZN-000311,Krakow,PL,EMEA,160 Maple Blvd,50.415129,20.077631,2024-03-20,18.0,1013.62,5.0,afternoon,True,,0.227,yuki.garcia420@example.com
CUS-0000396,Elena Kowalski,retail_consumer,none,ZN-000389,Sao Paulo,BR,LATAM,277 Warehouse Sq,-23.548973,-46.707588,2022-07-24,5.0,422.49,4.0,evening,False,,0.2,elena.kowalski140@example.com
CUS-0000397,Isabella Brown,smb,silver,ZN-000120,Rome,IT,EMEA,59 Elm Sq,41.810756,12.483284,2024-11-01,10.0,1603.33,4.12,morning,True,,0.032,isabella.brown770@example.com
CUS-0000398,Mateo Brown,retail_consumer,none,ZN-000441,Mexico City,MX,LATAM,7 Central Dr,19.509446,-99.138114,2022-08-20,13.0,2890.5,2.86,afternoon,False,,0.087,mateo.brown958@example.com
CUS-0000399,Viktor Muller,enterprise,gold,ZN-000339,Rome,IT,EMEA,158 Station Sq,41.986087,12.431884,2024-04-18,394.0,51931.66,3.96,afternoon,True,48.0,0.211,viktor.muller93@example.com
CUS-0000400,Isabella Brown,retail_consumer,silver,ZN-000132,Krakow,PL,EMEA,54 Grove St,49.950825,19.729006,2021-11-17,29.0,1722.43,5.0,afternoon,False,,0.113,isabella.brown997@example.com
CUS-0000401,Priya Costa,retail_consumer,bronze,ZN-000081,Berlin,DE,EMEA,461 Park Ave,52.483552,13.502188,2022-06-11,7.0,706.16,3.72,afternoon,False,,0.408,priya.costa489@example.com
CUS-0000402,Carlos Ali,retail_consumer,gold,ZN-000200,London,GB,EMEA,261 Bridge Ln,51.459993,-0.167869,2023-02-13,14.0,1587.53,4.46,afternoon,False,,0.363,carlos.ali486@example.com
CUS-0000403,Priya Kowalski,retail_consumer,none,ZN-000473,London,GB,EMEA,77 Industrial Blvd,51.41478,-0.133717,2018-05-29,5.0,553.56,4.07,morning,False,,0.239,priya.kowalski764@example.com
CUS-0000404,Ivan Sharma,enterprise,none,ZN-000168,Krakow,PL,EMEA,450 Central St,49.892582,19.801204,2020-08-06,174.0,14766.65,3.89,morning,True,48.0,0.362,ivan.sharma772@example.com
CUS-0000405,Mateo Muller,smb,gold,ZN-000379,Shanghai,CN,APAC,374 Victoria Rd,31.323641,121.409977,2023-08-29,30.0,1159.61,4.68,any,True,,0.335,mateo.muller60@example.com
CUS-0000406,Chen Yilmaz,marketplace_seller,none,ZN-000389,Sao Paulo,BR,LATAM,62 Harbour Rd,-23.559707,-46.661248,2025-08-12,21.0,5800.56,3.42,evening,False,,0.137,chen.yilmaz870@example.com
CUS-0000407,Hugo Petrov,public_sector,bronze,ZN-000126,London,GB,EMEA,356 Park Rd,51.443601,-0.244182,2019-02-28,6.0,418.9,3.83,afternoon,True,24.0,0.383,hugo.petrov798@example.com
CUS-0000408,Chen Ivanov,smb,none,ZN-000382,Shanghai,CN,APAC,87 Station Dr,31.209766,121.428767,2023-06-22,98.0,5957.55,5.0,morning,True,,0.0,chen.ivanov193@example.com
CUS-0000409,Peter Moreau,retail_consumer,silver,ZN-000186,Mexico City,MX,LATAM,460 Maple Way,19.410259,-99.200466,2020-11-26,20.0,675.75,3.81,any,False,,0.195,peter.moreau807@example.com
CUS-0000410,Omar Kowalski,enterprise,gold,ZN-000096,Krakow,PL,EMEA,275 Victoria Sq,49.654827,20.167695,2022-01-20,250.0,6826.04,3.61,morning,True,48.0,0.5,omar.kowalski862@example.com
CUS-0000411,Elena Garcia,retail_consumer,silver,ZN-000445,Delhi,IN,APAC,171 Riverside Blvd,28.672648,77.111773,2021-06-20,8.0,258.33,3.26,evening,False,,0.101,elena.garcia574@example.com
CUS-0000412,Nikolai Yilmaz,retail_consumer,silver,ZN-000209,Sao Paulo,BR,LATAM,376 Union Dr,-23.417725,-46.972736,2025-05-19,14.0,1369.01,4.99,evening,False,,0.115,nikolai.yilmaz705@example.com
CUS-0000413,Freya Silva,smb,bronze,ZN-000347,Rome,IT,EMEA,324 Riverside Sq,41.893067,12.446814,2018-05-12,20.0,1348.01,4.59,afternoon,True,,0.297,freya.silva666@example.com
CUS-0000414,Isabella Muller,retail_consumer,bronze,ZN-000035,Manchester,GB,EMEA,299 Maple St,53.419936,-2.312924,2023-04-16,7.0,355.69,3.88,evening,False,,0.0,isabella.muller204@example.com
CUS-0000415,Fatima Petrov,retail_consumer,silver,ZN-000472,Sao Paulo,BR,LATAM,291 Union St,-23.509333,-46.620722,2020-04-17,20.0,710.78,3.5,afternoon,False,,0.244,fatima.petrov255@example.com
CUS-0000416,Aisha Okafor,retail_consumer,none,ZN-000170,Atlanta,US,NA,398 Cedar Dr,33.663286,-84.332928,2019-07-23,5.0,159.61,4.76,afternoon,False,,0.152,aisha.okafor784@example.com
CUS-0000417,Anna Kowalski,retail_consumer,bronze,ZN-000164,Krakow,PL,EMEA,248 Riverside Ln,50.128769,18.957847,2022-04-06,12.0,1173.1,4.34,morning,False,,0.052,anna.kowalski555@example.com
CUS-0000418,Yuki Rahman,smb,none,ZN-000494,Amsterdam,NL,EMEA,236 Bridge Ln,52.330647,5.062908,2021-07-27,35.0,2199.37,3.45,morning,True,,0.252,yuki.rahman73@example.com
CUS-0000419,Ivan Ivanov,retail_consumer,none,ZN-000486,Bengaluru,IN,APAC,92 Cedar Ln,13.012668,77.570037,2018-02-07,45.0,2420.99,4.53,evening,False,,0.445,ivan.ivanov907@example.com
CUS-0000420,Grace Okafor,marketplace_seller,gold,ZN-000033,Delhi,IN,APAC,412 Riverside Ln,28.765773,77.192104,2021-06-11,4.0,559.81,3.74,evening,False,,0.292,grace.okafor902@example.com
CUS-0000421,Elena Garcia,smb,none,ZN-000469,Rome,IT,EMEA,266 Victoria Ln,41.911194,12.388012,2019-03-16,8.0,482.48,3.26,evening,True,,0.487,elena.garcia778@example.com
CUS-0000422,Sofia Rahman,retail_consumer,none,ZN-000144,Stockholm,SE,EMEA,284 Victoria St,59.442713,18.027225,2020-02-19,8.0,452.54,3.73,afternoon,False,,0.27,sofia.rahman796@example.com
CUS-0000423,Marcus Brown,retail_consumer,none,ZN-000028,Shanghai,CN,APAC,268 Kings Ave,31.223768,121.448588,2019-09-29,6.0,210.85,3.52,evening,False,,0.138,marcus.brown407@example.com
CUS-0000424,Amara Novak,retail_consumer,none,ZN-000264,Shanghai,CN,APAC,56 Victoria Ln,31.254877,121.357642,2018-12-02,5.0,317.69,4.47,afternoon,False,,0.276,amara.novak774@example.com
CUS-0000425,Sofia Hansen,retail_consumer,none,ZN-000197,Atlanta,US,NA,56 Kings Blvd,33.792493,-84.341924,2019-12-24,10.0,385.87,4.72,afternoon,False,,0.316,sofia.hansen164@example.com
CUS-0000426,Amara Weber,retail_consumer,bronze,ZN-000465,Krakow,PL,EMEA,91 Riverside Sq,49.880286,19.588676,2020-08-01,23.0,1451.74,5.0,morning,False,,0.365,amara.weber949@example.com
CUS-0000427,Priya Smith,marketplace_seller,bronze,ZN-000374,Delhi,IN,APAC,339 Maple Way,28.711005,77.08747,2025-06-03,5.0,126.92,3.86,any,False,,0.596,priya.smith930@example.com
CUS-0000428,Freya Sharma,retail_consumer,bronze,ZN-000256,Osaka,JP,APAC,163 Elm Ln,34.62228,135.648545,2020-12-16,19.0,689.55,3.42,any,False,,0.315,freya.sharma959@example.com
CUS-0000429,Jun Fernandez,smb,silver,ZN-000063,London,GB,EMEA,324 Oak Way,51.62595,-0.120823,2025-01-26,13.0,2201.25,4.33,evening,True,,0.417,jun.fernandez866@example.com
CUS-0000430,Omar Rossi,smb,gold,ZN-000471,Shanghai,CN,APAC,470 Grove Ave,31.197911,121.411711,2024-09-14,80.0,9125.22,4.44,morning,True,,0.249,omar.rossi929@example.com
CUS-0000431,Priya Rossi,marketplace_seller,none,ZN-000332,Delhi,IN,APAC,403 Bridge Rd,28.75129,77.065948,2021-06-05,19.0,725.69,3.58,morning,False,,0.29,priya.rossi685@example.com
CUS-0000432,Jun Rossi,retail_consumer,bronze,ZN-000135,Manchester,GB,EMEA,211 Victoria Ave,53.415257,-2.089603,2020-11-04,4.0,128.03,4.3,any,False,,0.104,jun.rossi546@example.com
CUS-0000433,Viktor Hansen,enterprise,bronze,ZN-000279,Los Angeles,US,NA,425 Church Blvd,34.124291,-118.261972,2020-02-04,1074.0,27880.2,3.95,afternoon,True,24.0,0.318,viktor.hansen928@example.com
CUS-0000434,Marcus Okafor,public_sector,bronze,ZN-000259,Amsterdam,NL,EMEA,240 Harbour Sq,52.454644,4.894621,2020-06-28,7.0,299.33,4.69,morning,True,12.0,0.167,marcus.okafor315@example.com
CUS-0000435,Nadia Sharma,enterprise,none,ZN-000432,Atlanta,US,NA,37 Cedar Ave,33.810834,-84.329954,2022-04-10,316.0,8416.64,3.77,any,True,12.0,0.307,nadia.sharma131@example.com
CUS-0000436,Viktor Kowalski,retail_consumer,gold,ZN-000041,Berlin,DE,EMEA,383 Victoria Sq,52.50751,13.280648,2022-02-04,9.0,2160.98,3.61,afternoon,False,,0.124,viktor.kowalski707@example.com
CUS-0000437,Nadia Rahman,retail_consumer,none,ZN-000379,Shanghai,CN,APAC,17 Station Ave,31.296952,121.449163,2021-02-06,9.0,705.09,3.45,afternoon,False,,0.37,nadia.rahman275@example.com
CUS-0000438,Marcus Nguyen,retail_consumer,none,ZN-000166,Rome,IT,EMEA,316 Union Way,41.807748,12.541338,2019-04-21,19.0,461.72,5.0,morning,False,,0.148,marcus.nguyen695@example.com
CUS-0000439,Yuki Kowalski,retail_consumer,none,ZN-000036,Shanghai,CN,APAC,414 Industrial St,31.231843,121.448919,2024-09-24,6.0,405.85,4.21,evening,False,,0.09,yuki.kowalski205@example.com
CUS-0000440,Marcus Moreau,retail_consumer,none,ZN-000299,Stockholm,SE,EMEA,470 Station Blvd,59.338668,17.913287,2019-03-09,3.0,272.31,4.04,afternoon,False,,0.08,marcus.moreau993@example.com
CUS-0000441,Peter Dubois,smb,none,ZN-000188,Manchester,GB,EMEA,301 Station Rd,53.461888,-2.548232,2021-04-03,47.0,3758.95,3.86,evening,True,,0.04,peter.dubois779@example.com
CUS-0000442,Elena Rahman,marketplace_seller,bronze,ZN-000397,Krakow,PL,EMEA,463 Market Ln,50.140399,19.869575,2025-10-20,15.0,983.89,5.0,afternoon,False,,0.489,elena.rahman101@example.com
CUS-0000443,Amara Moreau,retail_consumer,silver,ZN-000356,Bengaluru,IN,APAC,158 Market Ln,12.511539,77.434923,2023-07-25,13.0,340.0,4.43,afternoon,False,,0.194,amara.moreau596@example.com
CUS-0000444,Grace Zhang,marketplace_seller,none,ZN-000023,Rome,IT,EMEA,187 Warehouse Sq,42.008788,12.411401,2024-01-28,8.0,399.54,4.3,morning,False,,0.246,grace.zhang476@example.com
CUS-0000445,Omar Smith,smb,none,ZN-000367,Shanghai,CN,APAC,286 Park Sq,31.261772,121.563375,2020-03-01,27.0,1207.35,4.27,any,True,,0.317,omar.smith588@example.com
CUS-0000446,Marcus Petrov,public_sector,bronze,ZN-000433,Bengaluru,IN,APAC,369 Church St,12.978651,77.527624,2022-10-13,19.0,664.25,5.0,morning,True,48.0,0.225,marcus.petrov820@example.com
CUS-0000447,Amara Kowalski,retail_consumer,bronze,ZN-000183,Sao Paulo,BR,LATAM,191 Warehouse Way,-23.6212,-46.706376,2024-03-24,33.0,1725.26,4.78,evening,False,,0.121,amara.kowalski623@example.com
CUS-0000448,Jun Rahman,retail_consumer,none,ZN-000239,Sao Paulo,BR,LATAM,351 Industrial Way,-23.61567,-46.569359,2019-07-05,7.0,2089.52,3.47,evening,False,,0.281,jun.rahman451@example.com
CUS-0000449,Tomas Bakker,retail_consumer,none,ZN-000015,Osaka,JP,APAC,466 Central Ave,34.664401,135.529573,2021-12-20,22.0,755.48,3.95,any,False,,0.175,tomas.bakker166@example.com
CUS-0000450,Rahul Costa,enterprise,silver,ZN-000133,Delhi,IN,APAC,291 Park Dr,28.598362,77.112498,2025-11-11,193.0,12224.34,3.94,any,True,48.0,0.153,rahul.costa354@example.com
CUS-0000451,Jun Rahman,retail_consumer,bronze,ZN-000497,Berlin,DE,EMEA,307 Central Blvd,52.42224,13.443534,2023-08-10,10.0,461.06,3.3,afternoon,False,,0.272,jun.rahman860@example.com
CUS-0000452,Amara Brown,smb,none,ZN-000303,Rome,IT,EMEA,420 Church Blvd,41.985177,12.46813,2023-03-27,32.0,1843.47,3.17,evening,True,,0.258,amara.brown109@example.com
CUS-0000453,Alex Kim,retail_consumer,bronze,ZN-000288,Amsterdam,NL,EMEA,332 Kings Blvd,52.384222,4.838657,2019-12-20,4.0,209.28,4.38,afternoon,False,,0.327,alex.kim704@example.com
CUS-0000454,Yuki Nguyen,smb,gold,ZN-000445,Delhi,IN,APAC,386 Kings Rd,28.693715,77.084308,2019-05-14,37.0,1053.2,3.76,morning,True,,0.08,yuki.nguyen198@example.com
CUS-0000455,Grace Nguyen,enterprise,none,ZN-000049,Stockholm,SE,EMEA,118 Market Blvd,59.237344,18.192042,2018-10-17,177.0,10524.23,4.72,afternoon,True,24.0,0.281,grace.nguyen342@example.com
CUS-0000456,Rahul Okafor,smb,none,ZN-000082,Mexico City,MX,LATAM,329 Market Sq,19.386059,-99.107021,2019-05-17,58.0,7801.73,4.61,morning,True,,0.031,rahul.okafor333@example.com
CUS-0000457,Maria Lindqvist,smb,gold,ZN-000497,Berlin,DE,EMEA,347 Central Ln,52.453161,13.425108,2022-05-01,31.0,1215.37,4.2,afternoon,True,,0.11,maria.lindqvist496@example.com
CUS-0000458,Lucas Hansen,retail_consumer,bronze,ZN-000335,Krakow,PL,EMEA,387 Cedar Rd,50.048562,20.013205,2024-10-17,6.0,253.29,4.39,evening,False,,0.637,lucas.hansen99@example.com
CUS-0000459,Peter Moreau,retail_consumer,bronze,ZN-000391,Stockholm,SE,EMEA,219 Warehouse Sq,59.351383,17.793164,2019-05-14,6.0,822.76,3.58,evening,False,,0.196,peter.moreau949@example.com
CUS-0000460,Nadia Kim,retail_consumer,none,ZN-000125,London,GB,EMEA,328 Pine St,51.453806,-0.199845,2023-10-27,3.0,638.1,2.95,afternoon,False,,0.279,nadia.kim56@example.com
CUS-0000461,Anna Costa,retail_consumer,none,ZN-000158,Shanghai,CN,APAC,158 Maple Sq,31.1714,121.569287,2022-07-24,7.0,556.26,3.84,any,False,,0.329,anna.costa816@example.com
CUS-0000462,Grace Garcia,enterprise,none,ZN-000088,Shanghai,CN,APAC,330 Grove Dr,31.225627,121.531472,2020-12-25,839.0,73574.92,4.21,afternoon,True,24.0,0.244,grace.garcia800@example.com
CUS-0000463,Nikolai Rahman,retail_consumer,none,ZN-000394,Krakow,PL,EMEA,10 Riverside Dr,50.030542,19.655916,2022-03-11,15.0,1382.11,4.04,afternoon,False,,0.287,nikolai.rahman72@example.com
CUS-0000464,Chen Silva,public_sector,bronze,ZN-000179,Osaka,JP,APAC,451 Oak Dr,34.687321,135.57142,2024-12-01,74.0,3071.74,4.86,evening,True,12.0,0.365,chen.silva44@example.com
CUS-0000465,Peter Dubois,smb,none,ZN-000072,Shanghai,CN,APAC,14 Maple St,31.279348,121.518766,2020-11-11,14.0,3115.07,3.19,morning,True,,0.435,peter.dubois490@example.com
CUS-0000466,Chen Bakker,smb,gold,ZN-000316,Mexico City,MX,LATAM,67 Church Ln,19.412971,-99.205259,2023-01-25,39.0,9114.79,4.08,any,True,,0.303,chen.bakker35@example.com
CUS-0000467,Anna Rossi,retail_consumer,silver,ZN-000441,Mexico City,MX,LATAM,255 Grove Blvd,19.491227,-99.138704,2022-09-25,19.0,559.1,4.47,any,False,,0.588,anna.rossi566@example.com
CUS-0000468,Omar Rahman,smb,bronze,ZN-000195,Krakow,PL,EMEA,451 Bridge Sq,50.024646,20.051962,2021-12-31,26.0,641.94,3.41,any,True,,0.271,omar.rahman178@example.com
CUS-0000469,Fatima Smith,smb,none,ZN-000014,Delhi,IN,APAC,227 Harbour Rd,28.764909,77.093831,2023-12-30,26.0,1278.9,4.06,evening,True,,0.038,fatima.smith322@example.com
CUS-0000470,Daniel Zhang,smb,bronze,ZN-000119,Manchester,GB,EMEA,433 Station Blvd,53.516263,-2.366722,2018-10-12,19.0,3996.62,4.76,any,True,,0.029,daniel.zhang869@example.com
CUS-0000471,Grace Rahman,retail_consumer,none,ZN-000437,Rome,IT,EMEA,414 Park Sq,41.872176,12.525225,2019-04-09,14.0,711.03,3.73,morning,False,,0.247,grace.rahman658@example.com
CUS-0000472,Nikolai Nguyen,enterprise,none,ZN-000092,London,GB,EMEA,458 Harbour Rd,51.545397,-0.197496,2024-03-29,459.0,15462.72,3.8,evening,True,12.0,0.215,nikolai.nguyen128@example.com
CUS-0000473,Jun Silva,retail_consumer,bronze,ZN-000027,Krakow,PL,EMEA,89 Kings Ave,50.011685,19.965705,2023-06-30,11.0,334.16,3.76,morning,False,,0.351,jun.silva115@example.com
CUS-0000474,Ivan Dubois,retail_consumer,none,ZN-000266,London,GB,EMEA,387 Victoria Sq,51.497119,-0.25347,2019-01-08,16.0,1248.05,5.0,evening,False,,0.416,ivan.dubois135@example.com
CUS-0000475,Omar Kowalski,retail_consumer,bronze,ZN-000497,Berlin,DE,EMEA,432 Warehouse Rd,52.432563,13.446704,2018-02-26,9.0,336.48,2.17,any,False,,0.482,omar.kowalski345@example.com
CUS-0000476,Sofia Lindqvist,retail_consumer,none,ZN-000461,Krakow,PL,EMEA,174 Bridge St,49.916741,20.42238,2023-05-09,8.0,231.18,4.39,afternoon,False,,0.451,sofia.lindqvist967@example.com
CUS-0000477,Mateo Brown,marketplace_seller,none,ZN-000076,Sao Paulo,BR,LATAM,343 Central Ave,-23.530821,-46.613238,2019-01-12,17.0,1206.59,3.69,any,False,,0.171,mateo.brown437@example.com
CUS-0000478,Priya Zhang,enterprise,none,ZN-000139,Atlanta,US,NA,140 Harbour Sq,33.762321,-84.458821,2023-08-05,188.0,2926.14,4.25,evening,True,48.0,0.229,priya.zhang789@example.com
CUS-0000479,Diego Hansen,enterprise,silver,ZN-000448,Rome,IT,EMEA,289 Elm Way,41.846273,12.366229,2021-11-29,314.0,24833.33,4.49,any,True,24.0,0.173,diego.hansen836@example.com
CUS-0000480,Sofia Smith,marketplace_seller,silver,ZN-000455,London,GB,EMEA,123 Pine Rd,51.174963,-0.183347,2022-05-10,8.0,1253.05,4.09,afternoon,False,,0.126,sofia.smith84@example.com
CUS-0000481,Zara Petrov,retail_consumer,none,ZN-000283,Los Angeles,US,NA,112 Oak St,34.080873,-118.317928,2024-01-28,3.0,224.51,5.0,morning,False,,0.347,zara.petrov866@example.com
CUS-0000482,Nadia Okafor,smb,none,ZN-000008,Krakow,PL,EMEA,388 Kings Ln,50.098184,20.014525,2024-06-13,35.0,661.47,4.44,morning,True,,0.206,nadia.okafor775@example.com
CUS-0000483,Aisha Petrov,enterprise,none,ZN-000139,Atlanta,US,NA,391 Elm Way,33.76487,-84.470138,2023-05-08,176.0,6877.67,5.0,afternoon,True,12.0,0.206,aisha.petrov102@example.com
CUS-0000484,Carlos Nakamura,smb,none,ZN-000458,Shanghai,CN,APAC,156 Union Blvd,31.187274,121.504363,2022-11-06,34.0,645.31,2.91,morning,True,,0.29,carlos.nakamura55@example.com
CUS-0000485,Daniel Ali,smb,bronze,ZN-000216,Stockholm,SE,EMEA,406 Grove St,59.238604,17.939383,2022-07-13,38.0,1509.4,3.87,afternoon,True,,0.511,daniel.ali56@example.com
CUS-0000486,Carlos Hansen,retail_consumer,bronze,ZN-000436,Mexico City,MX,LATAM,100 Riverside Way,19.775632,-98.743337,2022-03-11,9.0,317.99,3.71,evening,False,,0.351,carlos.hansen849@example.com
CUS-0000487,Fatima Muller,public_sector,none,ZN-000174,Jakarta,ID,APAC,437 Oak Ave,-6.146565,106.831602,2023-03-08,17.0,1156.4,4.58,afternoon,True,48.0,0.192,fatima.muller507@example.com
CUS-0000488,Aisha Silva,retail_consumer,none,ZN-000298,Bengaluru,IN,APAC,207 Grove Sq,13.147783,77.721717,2022-08-15,4.0,56.23,4.74,evening,False,,0.377,aisha.silva81@example.com
CUS-0000489,Lucas Kim,marketplace_seller,gold,ZN-000296,Sao Paulo,BR,LATAM,410 Warehouse Way,-23.525012,-46.571803,2025-09-21,8.0,366.17,3.76,evening,False,,0.354,lucas.kim824@example.com
CUS-0000490,Alex Silva,retail_consumer,none,ZN-000118,London,GB,EMEA,44 Cedar Rd,51.555729,-0.023146,2022-02-23,7.0,342.85,4.02,morning,False,,0.356,alex.silva320@example.com
CUS-0000491,Rahul Yilmaz,retail_consumer,silver,ZN-000021,Krakow,PL,EMEA,239 Cedar Dr,50.029884,19.776232,2024-07-11,5.0,132.25,5.0,any,False,,0.179,rahul.yilmaz781@example.com
CUS-0000492,Viktor Garcia,smb,bronze,ZN-000104,Krakow,PL,EMEA,163 Park Dr,50.103573,19.853767,2022-06-13,78.0,3174.56,3.54,evening,True,,0.374,viktor.garcia421@example.com
CUS-0000493,Marcus Weber,enterprise,bronze,ZN-000160,Mexico City,MX,LATAM,43 Pine Way,19.454061,-99.139473,2022-05-17,86.0,7956.33,4.25,afternoon,True,48.0,0.319,marcus.weber144@example.com
CUS-0000494,Rahul Costa,enterprise,bronze,ZN-000022,Shanghai,CN,APAC,314 Industrial Sq,31.256012,121.464498,2020-11-21,243.0,35749.4,4.27,any,True,24.0,0.477,rahul.costa214@example.com
CUS-0000495,Jun Hansen,retail_consumer,none,ZN-000384,Delhi,IN,APAC,193 Kings Way,28.761688,77.098942,2018-10-22,50.0,3148.69,3.55,any,False,,0.369,jun.hansen142@example.com
CUS-0000496,Chen Sharma,smb,silver,ZN-000216,Stockholm,SE,EMEA,259 Grove Blvd,59.23195,17.934766,2024-05-26,13.0,335.01,2.96,afternoon,True,,0.233,chen.sharma243@example.com
CUS-0000497,Grace Lindqvist,smb,none,ZN-000170,Atlanta,US,NA,436 Maple Sq,33.68303,-84.306804,2019-05-05,16.0,425.01,4.32,afternoon,True,,0.444,grace.lindqvist364@example.com
CUS-0000498,Yuki Rossi,smb,bronze,ZN-000473,London,GB,EMEA,156 Maple Rd,51.439279,-0.108807,2023-11-09,38.0,1664.62,3.66,afternoon,True,,0.282,yuki.rossi361@example.com
CUS-0000499,Zara Rahman,enterprise,none,ZN-000233,Atlanta,US,NA,82 Pine St,33.735639,-84.408065,2025-01-21,42.0,2625.25,4.76,afternoon,True,48.0,0.514,zara.rahman456@example.com
CUS-0000500,Nadia Nguyen,enterprise,silver,ZN-000434,Rome,IT,EMEA,356 Bridge Dr,41.963153,12.519391,2019-08-17,198.0,29164.25,4.3,evening,True,24.0,0.262,nadia.nguyen769@example.com
CUS-0000501,Leila Dubois,retail_consumer,none,ZN-000404,Berlin,DE,EMEA,86 Depot Dr,52.308433,13.363775,2021-03-15,27.0,936.7,5.0,evening,False,,0.019,leila.dubois916@example.com
CUS-0000502,Carlos Nguyen,smb,silver,ZN-000363,Bengaluru,IN,APAC,164 Warehouse Blvd,13.050182,77.588111,2020-12-10,17.0,675.91,4.68,any,True,,0.162,carlos.nguyen656@example.com
CUS-0000503,Carlos Hansen,retail_consumer,gold,ZN-000219,Los Angeles,US,NA,217 Market Dr,34.010629,-118.351655,2023-08-20,4.0,171.03,4.42,afternoon,False,,0.348,carlos.hansen400@example.com
CUS-0000504,Marcus Garcia,retail_consumer,silver,ZN-000488,Rome,IT,EMEA,182 Grove Rd,41.66429,12.585907,2018-05-17,13.0,373.62,3.62,evening,False,,0.127,marcus.garcia410@example.com
CUS-0000505,Leila Garcia,enterprise,bronze,ZN-000135,Manchester,GB,EMEA,23 Riverside Ln,53.415613,-2.127837,2019-01-25,251.0,11405.18,4.45,evening,True,24.0,0.025,leila.garcia558@example.com
CUS-0000506,Viktor Silva,smb,none,ZN-000075,Krakow,PL,EMEA,212 Union Ln,50.067659,19.851872,2021-06-26,23.0,998.75,3.88,evening,True,,0.586,viktor.silva840@example.com
CUS-0000507,Diego Lindqvist,smb,platinum,ZN-000263,Manchester,GB,EMEA,194 Union Sq,53.43802,-2.285481,2023-11-30,14.0,206.66,4.27,any,True,,0.609,diego.lindqvist81@example.com
CUS-0000508,Diego Dubois,enterprise,none,ZN-000419,Manchester,GB,EMEA,457 Harbour Ln,53.399935,-2.288043,2021-03-11,850.0,91289.62,3.66,afternoon,True,24.0,0.223,diego.dubois275@example.com
CUS-0000509,Elena Weber,smb,none,ZN-000263,Manchester,GB,EMEA,380 Kings Rd,53.428223,-2.260269,2022-05-09,29.0,1210.36,3.66,any,True,,0.169,elena.weber744@example.com
CUS-0000510,Diego Kowalski,retail_consumer,silver,ZN-000437,Rome,IT,EMEA,414 Victoria Ave,41.908995,12.540959,2019-05-13,24.0,1252.76,3.75,evening,False,,0.315,diego.kowalski582@example.com
CUS-0000511,Diego Rahman,retail_consumer,none,ZN-000127,Krakow,PL,EMEA,322 Elm St,49.999742,19.915445,2018-11-14,6.0,205.47,3.44,evening,False,,0.205,diego.rahman688@example.com
CUS-0000512,Tomas Lindqvist,retail_consumer,bronze,ZN-000219,Los Angeles,US,NA,287 Market St,34.006959,-118.351399,2019-09-03,5.0,292.81,4.21,morning,False,,0.0,tomas.lindqvist712@example.com
CUS-0000513,Hugo Moreau,smb,none,ZN-000417,London,GB,EMEA,321 Cedar Way,51.550872,-0.10896,2018-06-03,53.0,1046.37,5.0,any,True,,0.147,hugo.moreau68@example.com
CUS-0000514,Chen Moreau,public_sector,bronze,ZN-000078,Berlin,DE,EMEA,236 Warehouse Sq,52.557397,13.379099,2018-04-22,11.0,408.31,4.16,afternoon,True,12.0,0.374,chen.moreau133@example.com
CUS-0000515,Elena Sharma,retail_consumer,gold,ZN-000007,Los Angeles,US,NA,204 Cedar Ave,34.041833,-118.162273,2018-07-09,6.0,172.23,4.01,any,False,,0.096,elena.sharma689@example.com
CUS-0000516,Grace Sharma,retail_consumer,silver,ZN-000337,Shanghai,CN,APAC,402 Union St,31.190804,121.438391,2022-03-25,4.0,205.35,4.35,afternoon,False,,0.248,grace.sharma868@example.com
CUS-0000517,Hugo Hansen,retail_consumer,none,ZN-000228,Krakow,PL,EMEA,224 Market Blvd,50.155354,20.180261,2019-05-10,3.0,139.0,3.2,afternoon,False,,0.233,hugo.hansen484@example.com
CUS-0000518,Nikolai Yilmaz,retail_consumer,bronze,ZN-000495,Krakow,PL,EMEA,292 Bridge St,49.836349,20.005196,2021-08-05,13.0,372.48,3.96,morning,False,,0.304,nikolai.yilmaz847@example.com
CUS-0000519,Jun Kim,retail_consumer,silver,ZN-000207,Berlin,DE,EMEA,29 Maple Ave,52.608467,13.428063,2023-11-30,37.0,1917.63,4.67,evening,False,,0.322,jun.kim481@example.com
CUS-0000520,Chen Novak,retail_consumer,bronze,ZN-000178,Bengaluru,IN,APAC,235 Elm Dr,12.976537,77.514076,2021-04-17,4.0,259.2,5.0,evening,False,,0.268,chen.novak580@example.com
CUS-0000521,Rahul Ali,retail_consumer,platinum,ZN-000373,Amsterdam,NL,EMEA,463 Harbour Way,52.325015,4.905998,2023-04-16,20.0,925.77,4.2,evening,False,,0.432,rahul.ali900@example.com
CUS-0000522,Grace Bakker,retail_consumer,none,ZN-000399,Atlanta,US,NA,422 Harbour Sq,33.469707,-84.195454,2021-10-08,6.0,195.55,4.54,evening,False,,0.095,grace.bakker121@example.com
CUS-0000523,Lucas Ivanov,smb,bronze,ZN-000385,Krakow,PL,EMEA,434 Central Ave,50.164367,20.045364,2018-12-12,22.0,685.12,4.06,any,True,,0.126,lucas.ivanov629@example.com
CUS-0000524,Viktor Okafor,enterprise,silver,ZN-000429,Stockholm,SE,EMEA,274 Oak Dr,59.339962,17.917302,2019-04-26,156.0,4410.08,3.79,any,True,12.0,0.089,viktor.okafor199@example.com
CUS-0000525,Lucas Yilmaz,smb,silver,ZN-000170,Atlanta,US,NA,400 Pine Sq,33.686179,-84.337939,2018-10-15,10.0,418.3,3.13,morning,True,,0.124,lucas.yilmaz736@example.com
CUS-0000526,Nadia Brown,enterprise,none,ZN-000161,Delhi,IN,APAC,436 Church Rd,28.763142,77.1689,2018-05-10,133.0,4353.87,3.46,afternoon,True,48.0,0.262,nadia.brown479@example.com
CUS-0000527,Viktor Dubois,retail_consumer,platinum,ZN-000237,Delhi,IN,APAC,126 Industrial Rd,28.686653,77.069017,2018-02-08,24.0,3717.38,3.76,any,False,,0.101,viktor.dubois956@example.com
CUS-0000528,Maria Rossi,smb,none,ZN-000079,Delhi,IN,APAC,475 Union Ln,28.737062,77.136846,2023-06-06,53.0,1462.85,4.29,morning,True,,0.418,maria.rossi483@example.com
CUS-0000529,Mateo Okafor,retail_consumer,none,ZN-000110,London,GB,EMEA,349 Cedar St,51.533573,-0.176414,2020-02-07,5.0,146.59,3.51,morning,False,,0.381,mateo.okafor550@example.com
CUS-0000530,Aisha Ivanov,marketplace_seller,silver,ZN-000442,Amsterdam,NL,EMEA,383 Cedar Way,52.433556,4.914443,2020-11-08,11.0,890.42,4.36,any,False,,0.236,aisha.ivanov239@example.com
CUS-0000531,Omar Weber,retail_consumer,bronze,ZN-000419,Manchester,GB,EMEA,37 Grove Rd,53.423538,-2.324276,2023-03-25,44.0,3378.38,3.06,evening,False,,0.269,omar.weber293@example.com
CUS-0000532,Aisha Lindqvist,smb,silver,ZN-000279,Los Angeles,US,NA,398 Grove Sq,34.120306,-118.278904,2022-02-05,84.0,1612.6,4.25,any,True,,0.028,aisha.lindqvist835@example.com
CUS-0000533,Jun Bakker,retail_consumer,none,ZN-000090,Bengaluru,IN,APAC,167 Elm Blvd,13.058197,77.586879,2023-03-17,10.0,174.86,4.21,morning,False,,0.265,jun.bakker752@example.com
CUS-0000534,Freya Smith,retail_consumer,bronze,ZN-000308,Delhi,IN,APAC,280 Central Blvd,28.763189,77.075599,2019-10-25,4.0,234.13,3.92,any,False,,0.091,freya.smith525@example.com
CUS-0000535,Grace Ali,public_sector,none,ZN-000198,London,GB,EMEA,201 Park Rd,51.300735,-0.088767,2018-04-11,8.0,265.66,5.0,afternoon,True,48.0,0.337,grace.ali436@example.com
CUS-0000536,Diego Brown,retail_consumer,gold,ZN-000122,Berlin,DE,EMEA,48 Victoria Dr,52.45637,13.270043,2018-03-04,17.0,533.42,4.38,morning,False,,0.324,diego.brown186@example.com
CUS-0000537,Nikolai Nakamura,smb,none,ZN-000408,Osaka,JP,APAC,475 Park Blvd,34.667054,135.584316,2023-08-20,11.0,247.33,3.44,any,True,,0.0,nikolai.nakamura786@example.com
CUS-0000538,Grace Ali,retail_consumer,none,ZN-000245,Osaka,JP,APAC,245 Warehouse Way,34.694234,135.443453,2025-07-07,6.0,346.08,5.0,afternoon,False,,0.352,grace.ali359@example.com
CUS-0000539,Amara Petrov,smb,gold,ZN-000047,Jakarta,ID,APAC,391 Riverside Ln,-6.142856,106.867027,2023-10-29,36.0,2546.69,5.0,morning,True,,0.066,amara.petrov410@example.com
CUS-0000540,Isabella Dubois,smb,bronze,ZN-000355,Los Angeles,US,NA,134 Warehouse Sq,34.055867,-118.340768,2020-05-24,118.0,2625.49,2.1,morning,True,,0.298,isabella.dubois954@example.com
CUS-0000541,Daniel Kowalski,smb,none,ZN-000346,Amsterdam,NL,EMEA,46 Station Ave,52.314918,4.925561,2022-04-29,20.0,1015.7,4.12,any,True,,0.582,daniel.kowalski735@example.com
CUS-0000542,Peter Nguyen,smb,none,ZN-000178,Bengaluru,IN,APAC,225 Station Dr,12.94923,77.494635,2022-02-20,49.0,3092.74,5.0,any,True,,0.187,peter.nguyen773@example.com
CUS-0000543,Sofia Garcia,retail_consumer,none,ZN-000263,Manchester,GB,EMEA,37 Central Rd,53.420262,-2.327211,2019-11-29,5.0,456.95,3.3,evening,False,,0.249,sofia.garcia414@example.com
CUS-0000544,Tomas Sharma,marketplace_seller,gold,ZN-000187,Atlanta,US,NA,77 Market Ln,33.775143,-84.050324,2020-04-02,17.0,1418.75,4.55,evening,False,,0.427,tomas.sharma618@example.com
CUS-0000545,Maria Muller,retail_consumer,silver,ZN-000147,Osaka,JP,APAC,54 Kings Dr,34.693214,135.578597,2024-07-29,15.0,688.82,5.0,evening,False,,0.226,maria.muller791@example.com
CUS-0000546,Freya Muller,enterprise,bronze,ZN-000311,Krakow,PL,EMEA,88 Elm Ln,50.425069,20.053211,2022-12-18,429.0,11720.43,4.81,morning,True,12.0,0.365,freya.muller683@example.com
CUS-0000547,Hugo Hansen,smb,bronze,ZN-000059,Rome,IT,EMEA,458 Pine Sq,41.947304,12.552212,2022-02-23,21.0,2355.98,4.48,afternoon,True,,0.362,hugo.hansen238@example.com
CUS-0000548,Nikolai Nakamura,retail_consumer,silver,ZN-000172,Jakarta,ID,APAC,430 Central Ln,-6.152015,106.829093,2022-05-28,5.0,181.54,4.42,any,False,,0.297,nikolai.nakamura365@example.com
CUS-0000549,Priya Rahman,marketplace_seller,silver,ZN-000081,Berlin,DE,EMEA,103 Union Ln,52.47768,13.575243,2024-10-01,7.0,935.36,5.0,evening,False,,0.275,priya.rahman864@example.com
CUS-0000550,Freya Yilmaz,retail_consumer,gold,ZN-000311,Krakow,PL,EMEA,392 Industrial St,50.393926,20.046397,2022-05-19,12.0,299.97,4.24,morning,False,,0.496,freya.yilmaz389@example.com
CUS-0000551,Anna Silva,smb,bronze,ZN-000481,Rome,IT,EMEA,79 Depot Way,41.909393,12.484117,2024-12-08,19.0,1084.11,4.12,afternoon,True,,0.077,anna.silva632@example.com
CUS-0000552,Carlos Okafor,marketplace_seller,silver,ZN-000438,Bengaluru,IN,APAC,291 Depot Way,13.002284,77.577523,2018-03-16,17.0,582.95,3.68,any,False,,0.75,carlos.okafor779@example.com
CUS-0000553,Lucas Silva,smb,silver,ZN-000360,Delhi,IN,APAC,110 Pine Rd,28.66609,77.078706,2023-07-28,31.0,1960.09,3.57,evening,True,,0.387,lucas.silva927@example.com
CUS-0000554,Grace Garcia,retail_consumer,none,ZN-000015,Osaka,JP,APAC,181 Riverside Blvd,34.698242,135.512207,2020-07-10,33.0,3292.27,4.62,afternoon,False,,0.167,grace.garcia913@example.com
CUS-0000555,Alex Torres,retail_consumer,bronze,ZN-000016,Rome,IT,EMEA,209 Industrial Rd,41.849939,12.426846,2019-05-16,6.0,180.51,4.1,morning,False,,0.303,alex.torres981@example.com
CUS-0000556,Elena Silva,smb,bronze,ZN-000213,Osaka,JP,APAC,171 Pine Sq,34.761282,135.495237,2025-09-02,20.0,378.64,3.95,any,True,,0.12,elena.silva556@example.com
CUS-0000557,Omar Ivanov,retail_consumer,silver,ZN-000263,Manchester,GB,EMEA,297 Oak Ave,53.427366,-2.262402,2025-02-15,15.0,1386.32,4.38,evening,False,,0.539,omar.ivanov186@example.com
CUS-0000558,Sofia Ali,enterprise,gold,ZN-000222,Bengaluru,IN,APAC,142 Market Sq,12.960877,77.513046,2018-07-16,72.0,2147.01,4.47,evening,True,12.0,0.156,sofia.ali621@example.com
CUS-0000559,Grace Nakamura,marketplace_seller,none,ZN-000196,Amsterdam,NL,EMEA,277 Church Way,52.34838,4.958348,2022-02-11,15.0,396.37,5.0,any,False,,0.111,grace.nakamura423@example.com
CUS-0000560,Tomas Costa,smb,none,ZN-000022,Shanghai,CN,APAC,452 Cedar Blvd,31.264756,121.474204,2023-04-17,7.0,273.32,4.48,evening,True,,0.346,tomas.costa261@example.com
CUS-0000561,Carlos Bakker,retail_consumer,silver,ZN-000001,Manchester,GB,EMEA,302 Station Ln,53.38273,-2.337208,2023-04-14,12.0,341.12,4.35,afternoon,False,,0.216,carlos.bakker441@example.com
CUS-0000562,Nikolai Ivanov,retail_consumer,bronze,ZN-000092,London,GB,EMEA,439 Grove Rd,51.569723,-0.184379,2020-04-11,14.0,1501.25,4.59,afternoon,False,,0.081,nikolai.ivanov126@example.com
CUS-0000563,Tomas Bakker,retail_consumer,none,ZN-000227,Delhi,IN,APAC,356 Victoria Blvd,28.743058,77.052202,2021-10-18,10.0,443.61,4.95,any,False,,0.259,tomas.bakker983@example.com
CUS-0000564,Mateo Zhang,smb,none,ZN-000482,Sao Paulo,BR,LATAM,357 Victoria Rd,-23.613304,-46.673382,2025-01-09,21.0,1105.39,4.95,evening,True,,0.408,mateo.zhang934@example.com
CUS-0000565,Sofia Garcia,retail_consumer,none,ZN-000249,London,GB,EMEA,184 Maple Way,51.487566,0.042334,2021-10-09,14.0,1194.68,3.91,evening,False,,0.149,sofia.garcia275@example.com
CUS-0000566,Daniel Kowalski,retail_consumer,silver,ZN-000006,London,GB,EMEA,310 Bridge Ave,51.525561,-0.139831,2024-03-24,17.0,1385.11,4.4,evening,False,,0.508,daniel.kowalski879@example.com
CUS-0000567,Amara Weber,retail_consumer,none,ZN-000323,Mexico City,MX,LATAM,294 Industrial Blvd,19.411834,-99.045195,2023-03-11,41.0,1117.83,4.39,evening,False,,0.234,amara.weber450@example.com
CUS-0000568,Anna Nguyen,smb,silver,ZN-000166,Rome,IT,EMEA,321 Pine Dr,41.80184,12.55541,2018-01-09,18.0,4082.15,3.87,evening,True,,0.338,anna.nguyen230@example.com
CUS-0000569,Diego Ivanov,retail_consumer,silver,ZN-000070,Delhi,IN,APAC,449 Industrial Dr,28.676772,77.121427,2018-03-19,14.0,1794.58,5.0,any,False,,0.065,diego.ivanov608@example.com
CUS-0000570,Alex Okafor,retail_consumer,gold,ZN-000333,Krakow,PL,EMEA,152 Union St,50.277663,19.976413,2022-12-20,14.0,581.7,4.32,evening,False,,0.305,alex.okafor967@example.com
CUS-0000571,Isabella Petrov,retail_consumer,bronze,ZN-000103,Shanghai,CN,APAC,406 Riverside St,31.202237,121.46961,2023-09-17,12.0,195.69,4.37,morning,False,,0.631,isabella.petrov874@example.com
CUS-0000572,Hugo Dubois,smb,silver,ZN-000106,Atlanta,US,NA,100 Depot Way,33.749629,-84.483845,2021-04-21,26.0,4441.67,3.36,evening,True,,0.187,hugo.dubois946@example.com
CUS-0000573,Nikolai Smith,smb,bronze,ZN-000257,London,GB,EMEA,137 Depot Dr,51.58587,-0.148594,2019-09-25,52.0,4424.55,3.73,evening,True,,0.513,nikolai.smith26@example.com
CUS-0000574,Amara Sharma,retail_consumer,none,ZN-000480,Rome,IT,EMEA,280 Pine Blvd,41.821825,12.459354,2018-02-16,15.0,692.8,3.22,any,False,,0.475,amara.sharma636@example.com
CUS-0000575,Alex Smith,retail_consumer,silver,ZN-000475,London,GB,EMEA,354 Cedar St,51.561164,-0.044498,2020-02-20,14.0,926.88,4.3,evening,False,,0.287,alex.smith757@example.com
CUS-0000576,Ivan Ivanov,retail_consumer,gold,ZN-000200,London,GB,EMEA,63 Depot Rd,51.431293,-0.143422,2025-09-24,12.0,780.24,4.3,afternoon,False,,0.037,ivan.ivanov256@example.com
CUS-0000577,Anna Kim,retail_consumer,bronze,ZN-000188,Manchester,GB,EMEA,380 Union St,53.440661,-2.568931,2019-04-23,16.0,559.97,3.61,evening,False,,0.115,anna.kim683@example.com
CUS-0000578,Yuki Kowalski,smb,bronze,ZN-000379,Shanghai,CN,APAC,238 Depot Ave,31.311974,121.452441,2023-05-19,9.0,443.16,5.0,any,True,,0.156,yuki.kowalski752@example.com
CUS-0000579,Jun Smith,smb,silver,ZN-000323,Mexico City,MX,LATAM,432 Church Blvd,19.419424,-99.052625,2024-08-24,84.0,2317.29,4.12,afternoon,True,,0.276,jun.smith416@example.com
CUS-0000580,Elena Novak,marketplace_seller,gold,ZN-000255,Los Angeles,US,NA,61 Market St,34.05234,-118.173512,2022-10-13,2.0,61.2,3.2,morning,False,,0.197,elena.novak898@example.com
CUS-0000581,Sofia Fernandez,retail_consumer,bronze,ZN-000376,Rome,IT,EMEA,248 Market St,41.817678,12.434705,2019-08-29,10.0,409.73,4.77,evening,False,,0.362,sofia.fernandez156@example.com
CUS-0000582,Yuki Sharma,enterprise,bronze,ZN-000179,Osaka,JP,APAC,403 Cedar St,34.717579,135.583038,2020-04-10,176.0,25411.41,3.24,evening,True,48.0,0.27,yuki.sharma180@example.com
CUS-0000583,Ivan Zhang,retail_consumer,bronze,ZN-000318,Shanghai,CN,APAC,308 Market Way,31.121304,121.467046,2018-10-31,6.0,320.93,4.5,morning,False,,0.388,ivan.zhang27@example.com
CUS-0000584,Anna Rossi,marketplace_seller,bronze,ZN-000245,Osaka,JP,APAC,281 Kings Ln,34.695931,135.402584,2022-09-24,11.0,649.75,4.03,afternoon,False,,0.169,anna.rossi689@example.com
CUS-0000585,Omar Okafor,retail_consumer,none,ZN-000490,London,GB,EMEA,363 Industrial Blvd,51.468673,0.050259,2023-02-16,5.0,409.91,4.69,evening,False,,0.0,omar.okafor276@example.com
CUS-0000586,Carlos Yilmaz,enterprise,silver,ZN-000187,Atlanta,US,NA,174 Depot Ave,33.749957,-84.062603,2020-10-24,158.0,21690.07,4.77,any,True,24.0,0.138,carlos.yilmaz938@example.com
CUS-0000587,Sofia Moreau,retail_consumer,bronze,ZN-000266,London,GB,EMEA,278 Grove St,51.475573,-0.2305,2023-03-21,36.0,2480.94,3.63,any,False,,0.388,sofia.moreau712@example.com
CUS-0000588,Yuki Dubois,smb,none,ZN-000470,Shanghai,CN,APAC,421 Union St,31.236321,121.37079,2024-06-08,11.0,837.93,4.44,any,True,,0.441,yuki.dubois432@example.com
CUS-0000589,Ivan Nguyen,retail_consumer,gold,ZN-000048,Krakow,PL,EMEA,472 Church Ave,49.936913,20.234122,2021-07-31,8.0,136.08,4.88,evening,False,,0.404,ivan.nguyen945@example.com
CUS-0000590,Mateo Ali,smb,bronze,ZN-000179,Osaka,JP,APAC,175 Church St,34.707014,135.576092,2020-05-26,36.0,1128.29,4.65,evening,True,,0.488,mateo.ali804@example.com
CUS-0000591,Peter Bakker,smb,none,ZN-000243,Bengaluru,IN,APAC,75 Maple St,12.897898,77.632615,2023-08-21,54.0,4989.23,4.09,any,True,,0.469,peter.bakker153@example.com
CUS-0000592,Sofia Novak,smb,bronze,ZN-000090,Bengaluru,IN,APAC,352 Victoria Ave,13.03108,77.57912,2019-06-02,26.0,1171.09,5.0,morning,True,,0.285,sofia.novak432@example.com
CUS-0000593,Sofia Petrov,smb,silver,ZN-000034,Rome,IT,EMEA,238 Bridge St,42.076547,12.744044,2024-07-27,32.0,718.51,4.0,any,True,,0.174,sofia.petrov132@example.com
CUS-0000594,Leila Moreau,retail_consumer,bronze,ZN-000345,Stockholm,SE,EMEA,449 Depot St,59.426501,18.08149,2025-10-08,17.0,568.16,2.68,any,False,,0.337,leila.moreau7@example.com
CUS-0000595,Leila Nakamura,retail_consumer,gold,ZN-000113,Amsterdam,NL,EMEA,450 Grove Ave,52.291534,4.828981,2023-09-25,9.0,836.5,4.79,afternoon,False,,0.186,leila.nakamura738@example.com
CUS-0000596,Daniel Okafor,retail_consumer,none,ZN-000125,London,GB,EMEA,156 Warehouse Dr,51.475602,-0.169822,2020-10-06,11.0,361.96,2.85,evening,False,,0.0,daniel.okafor770@example.com
CUS-0000597,Alex Costa,smb,bronze,ZN-000082,Mexico City,MX,LATAM,190 Bridge Ave,19.374308,-99.082053,2018-11-03,23.0,838.8,4.05,evening,True,,0.23,alex.costa582@example.com
CUS-0000598,Sofia Weber,retail_consumer,silver,ZN-000119,Manchester,GB,EMEA,225 Pine Ave,53.523617,-2.353506,2019-09-30,17.0,785.35,4.58,afternoon,False,,0.176,sofia.weber500@example.com
CUS-0000599,Carlos Lindqvist,retail_consumer,none,ZN-000022,Shanghai,CN,APAC,33 Park St,31.252709,121.495718,2019-04-01,18.0,420.26,3.6,any,False,,0.383,carlos.lindqvist843@example.com
CUS-0000600,Leila Rossi,marketplace_seller,none,ZN-000136,Rome,IT,EMEA,234 Central Way,42.0631,12.714209,2025-11-08,15.0,399.63,4.66,morning,False,,0.327,leila.rossi956@example.com
CUS-0000601,Aisha Muller,retail_consumer,none,ZN-000220,Delhi,IN,APAC,387 Industrial Sq,28.635906,77.12041,2019-04-17,6.0,306.01,2.95,any,False,,0.254,aisha.muller473@example.com
CUS-0000602,Grace Yilmaz,smb,none,ZN-000158,Shanghai,CN,APAC,179 Warehouse St,31.183265,121.598683,2018-12-30,15.0,2212.42,3.6,afternoon,True,,0.272,grace.yilmaz26@example.com
CUS-0000603,Amara Weber,smb,gold,ZN-000126,London,GB,EMEA,319 Station Ave,51.424129,-0.195726,2020-11-28,18.0,716.14,4.76,evening,True,,0.152,amara.weber319@example.com
CUS-0000604,Alex Dubois,enterprise,none,ZN-000385,Krakow,PL,EMEA,427 Market Dr,50.19096,19.99511,2020-07-28,452.0,34046.96,3.23,evening,True,48.0,0.412,alex.dubois77@example.com
CUS-0000605,Isabella Fernandez,retail_consumer,silver,ZN-000393,Rome,IT,EMEA,63 Cedar Blvd,41.976695,12.568712,2020-12-21,6.0,297.22,4.96,morning,False,,0.188,isabella.fernandez579@example.com
CUS-0000606,Lucas Brown,enterprise,bronze,ZN-000394,Krakow,PL,EMEA,407 Industrial Ln,50.02387,19.628202,2023-03-25,73.0,6990.16,4.18,afternoon,True,24.0,0.178,lucas.brown480@example.com
CUS-0000607,Isabella Petrov,marketplace_seller,gold,ZN-000293,Shanghai,CN,APAC,273 Bridge St,31.148596,121.504163,2023-01-18,4.0,433.53,4.19,evening,False,,0.544,isabella.petrov376@example.com
CUS-0000608,Jun Kim,retail_consumer,silver,ZN-000356,Bengaluru,IN,APAC,266 Park Way,12.490009,77.46621,2019-10-10,5.0,774.05,3.72,afternoon,False,,0.386,jun.kim111@example.com
CUS-0000609,Mateo Kowalski,retail_consumer,none,ZN-000436,Mexico City,MX,LATAM,57 Pine Dr,19.781506,-98.728373,2024-12-10,7.0,435.21,4.8,evening,False,,0.219,mateo.kowalski165@example.com
CUS-0000610,Jun Nakamura,retail_consumer,silver,ZN-000173,Atlanta,US,NA,1 Harbour Dr,33.312935,-84.682456,2023-09-22,7.0,286.59,4.52,afternoon,False,,0.402,jun.nakamura441@example.com
CUS-0000611,Marcus Lindqvist,retail_consumer,silver,ZN-000264,Shanghai,CN,APAC,240 Bridge Ave,31.242218,121.378355,2019-11-12,14.0,333.59,3.46,any,False,,0.266,marcus.lindqvist219@example.com
CUS-0000612,Alex Costa,marketplace_seller,silver,ZN-000012,Shanghai,CN,APAC,261 Depot Blvd,31.1589,121.4703,2021-04-02,25.0,1096.1,3.31,afternoon,False,,0.44,alex.costa543@example.com
CUS-0000613,Lucas Moreau,smb,silver,ZN-000372,Shanghai,CN,APAC,237 Elm Blvd,31.28609,121.486157,2018-06-13,17.0,1884.68,4.98,evening,True,,0.244,lucas.moreau194@example.com
CUS-0000614,Lucas Yilmaz,retail_consumer,gold,ZN-000481,Rome,IT,EMEA,122 Central Ave,41.914394,12.445595,2020-04-07,22.0,849.88,3.33,afternoon,False,,0.392,lucas.yilmaz49@example.com
CUS-0000615,Chen Silva,enterprise,none,ZN-000240,Delhi,IN,APAC,96 Central Ln,28.715254,77.013932,2022-03-06,101.0,3071.93,3.45,evening,True,48.0,0.0,chen.silva124@example.com
CUS-0000616,Carlos Sharma,enterprise,gold,ZN-000447,Amsterdam,NL,EMEA,50 Cedar Blvd,52.435608,5.016973,2025-11-30,157.0,5531.06,3.96,evening,True,24.0,0.33,carlos.sharma653@example.com
CUS-0000617,Zara Lindqvist,marketplace_seller,platinum,ZN-000316,Mexico City,MX,LATAM,446 Industrial Rd,19.43359,-99.23044,2024-07-23,8.0,337.16,5.0,any,False,,0.297,zara.lindqvist86@example.com
CUS-0000618,Viktor Moreau,retail_consumer,bronze,ZN-000019,Krakow,PL,EMEA,31 Harbour Sq,50.056004,19.992141,2021-10-23,4.0,238.8,5.0,afternoon,False,,0.527,viktor.moreau364@example.com
CUS-0000619,Elena Petrov,retail_consumer,none,ZN-000494,Amsterdam,NL,EMEA,188 Bridge Sq,52.341748,5.070606,2019-02-11,5.0,269.89,4.69,any,False,,0.181,elena.petrov870@example.com
CUS-0000620,Leila Nakamura,marketplace_seller,bronze,ZN-000187,Atlanta,US,NA,447 Grove Way,33.756147,-84.026248,2023-02-11,8.0,301.19,4.1,morning,False,,0.346,leila.nakamura19@example.com
CUS-0000621,Chen Smith,retail_consumer,none,ZN-000465,Krakow,PL,EMEA,427 Cedar St,49.904904,19.580605,2021-08-15,11.0,234.75,3.86,morning,False,,0.426,chen.smith263@example.com
CUS-0000622,Priya Moreau,smb,gold,ZN-000149,Osaka,JP,APAC,213 Church Ave,34.600416,135.553641,2025-08-18,20.0,821.45,3.75,afternoon,True,,0.375,priya.moreau198@example.com
CUS-0000623,Freya Silva,public_sector,platinum,ZN-000064,Atlanta,US,NA,75 Grove Ave,33.831836,-84.444159,2018-12-17,5.0,97.54,4.53,evening,True,48.0,0.354,freya.silva912@example.com
CUS-0000624,Alex Sharma,retail_consumer,none,ZN-000478,Los Angeles,US,NA,452 Kings Blvd,33.946126,-118.018454,2025-05-11,6.0,2485.1,5.0,evening,False,,0.341,alex.sharma918@example.com
CUS-0000625,Chen Garcia,smb,bronze,ZN-000139,Atlanta,US,NA,163 Kings Sq,33.728635,-84.4497,2022-09-12,18.0,1139.81,4.4,any,True,,0.055,chen.garcia140@example.com
CUS-0000626,Rahul Nguyen,retail_consumer,bronze,ZN-000208,London,GB,EMEA,64 Pine Way,51.443013,-0.055756,2024-06-16,9.0,187.14,4.88,evening,False,,0.332,rahul.nguyen513@example.com
CUS-0000627,Isabella Garcia,smb,silver,ZN-000294,Berlin,DE,EMEA,124 Victoria Dr,51.991845,12.844707,2020-05-05,17.0,289.31,4.24,afternoon,True,,0.139,isabella.garcia270@example.com
CUS-0000628,Daniel Dubois,smb,none,ZN-000069,Berlin,DE,EMEA,136 Depot Blvd,52.546463,13.575002,2022-12-18,82.0,2513.25,3.17,morning,True,,0.259,daniel.dubois994@example.com
CUS-0000629,Nadia Okafor,retail_consumer,bronze,ZN-000259,Amsterdam,NL,EMEA,404 Pine Blvd,52.467835,4.862179,2022-03-17,25.0,755.46,3.79,evening,False,,0.236,nadia.okafor147@example.com
CUS-0000630,Alex Nakamura,enterprise,bronze,ZN-000228,Krakow,PL,EMEA,423 Warehouse Ln,50.173452,20.1445,2023-04-24,79.0,2581.58,3.97,evening,True,12.0,0.284,alex.nakamura603@example.com
CUS-0000631,Isabella Ivanov,enterprise,none,ZN-000250,Krakow,PL,EMEA,50 Elm Dr,50.245013,20.238183,2025-03-19,72.0,3530.42,4.14,any,True,48.0,0.356,isabella.ivanov61@example.com
CUS-0000632,Grace Garcia,smb,none,ZN-000273,Rome,IT,EMEA,330 Pine Blvd,41.922659,12.518986,2018-08-29,26.0,446.73,4.14,any,True,,0.096,grace.garcia962@example.com
CUS-0000633,Nikolai Ivanov,public_sector,none,ZN-000232,Manchester,GB,EMEA,158 Bridge Rd,53.436323,-2.330273,2021-09-25,20.0,1324.49,4.17,any,True,12.0,0.504,nikolai.ivanov33@example.com
CUS-0000634,Fatima Rahman,enterprise,none,ZN-000005,Krakow,PL,EMEA,433 Harbour Ln,50.162258,19.998269,2023-02-01,346.0,32169.96,4.5,morning,True,12.0,0.189,fatima.rahman261@example.com
CUS-0000635,Freya Kowalski,enterprise,silver,ZN-000405,Shanghai,CN,APAC,391 Grove Dr,31.233653,121.522298,2023-06-13,175.0,14173.18,4.64,any,True,48.0,0.262,freya.kowalski788@example.com
CUS-0000636,Sofia Fernandez,smb,bronze,ZN-000051,Krakow,PL,EMEA,464 Elm Blvd,50.023484,19.970089,2020-11-22,20.0,576.42,3.26,afternoon,True,,0.164,sofia.fernandez79@example.com
CUS-0000637,Zara Kim,retail_consumer,bronze,ZN-000017,Krakow,PL,EMEA,15 Industrial St,50.111204,19.851798,2024-10-19,2.0,43.7,4.62,morning,False,,0.199,zara.kim31@example.com
CUS-0000638,Daniel Smith,marketplace_seller,gold,ZN-000454,Delhi,IN,APAC,379 Industrial St,28.758188,77.06461,2025-11-06,6.0,200.0,3.68,evening,False,,0.0,daniel.smith476@example.com
CUS-0000639,Freya Garcia,retail_consumer,none,ZN-000336,London,GB,EMEA,287 Elm Dr,51.546903,-0.0123,2018-02-05,6.0,147.06,4.02,afternoon,False,,0.317,freya.garcia687@example.com
CUS-0000640,Daniel Ivanov,retail_consumer,silver,ZN-000308,Delhi,IN,APAC,415 Church Ln,28.740034,77.08794,2022-12-20,6.0,320.01,3.69,evening,False,,0.095,daniel.ivanov741@example.com
CUS-0000641,Chen Ali,smb,bronze,ZN-000267,Rome,IT,EMEA,371 Market Ln,41.829571,12.211686,2022-03-07,6.0,703.24,3.87,afternoon,True,,0.0,chen.ali911@example.com
CUS-0000642,Lucas Yilmaz,retail_consumer,platinum,ZN-000460,Krakow,PL,EMEA,329 Church Blvd,50.108422,19.86218,2025-09-30,15.0,235.25,5.0,any,False,,0.328,lucas.yilmaz393@example.com
CUS-0000643,Jun Brown,marketplace_seller,silver,ZN-000382,Shanghai,CN,APAC,379 Station Way,31.253261,121.43651,2024-08-23,7.0,649.56,4.64,morning,False,,0.505,jun.brown100@example.com
CUS-0000644,Aisha Petrov,retail_consumer,none,ZN-000062,London,GB,EMEA,277 Union Sq,51.499513,-0.057032,2019-10-17,18.0,785.15,3.82,morning,False,,0.197,aisha.petrov667@example.com
CUS-0000645,Jun Smith,smb,silver,ZN-000423,London,GB,EMEA,292 Church Way,51.569268,-0.198832,2024-06-02,20.0,1096.94,4.41,afternoon,True,,0.162,jun.smith656@example.com
CUS-0000646,Fatima Muller,retail_consumer,none,ZN-000250,Krakow,PL,EMEA,436 Park Ln,50.235575,20.251389,2019-02-20,21.0,3110.75,5.0,afternoon,False,,0.214,fatima.muller297@example.com
CUS-0000647,Priya Moreau,retail_consumer,gold,ZN-000149,Osaka,JP,APAC,162 Oak Ave,34.615599,135.568416,2018-09-02,12.0,236.21,4.1,any,False,,0.0,priya.moreau541@example.com
CUS-0000648,Leila Brown,retail_consumer,none,ZN-000287,Stockholm,SE,EMEA,262 Depot Ave,59.36405,17.926483,2023-03-22,37.0,1563.08,5.0,any,False,,0.403,leila.brown452@example.com
CUS-0000649,Lucas Bakker,enterprise,none,ZN-000277,Jakarta,ID,APAC,229 Elm Way,-6.214917,106.729441,2019-05-03,158.0,18457.91,5.0,morning,True,24.0,0.391,lucas.bakker946@example.com
CUS-0000650,Priya Nakamura,retail_consumer,none,ZN-000127,Krakow,PL,EMEA,92 Elm Ave,49.989419,19.952401,2024-10-22,8.0,830.44,5.0,afternoon,False,,0.125,priya.nakamura92@example.com
CUS-0000651,Leila Rahman,retail_consumer,silver,ZN-000256,Osaka,JP,APAC,433 Warehouse Dr,34.616229,135.646257,2023-12-17,12.0,1600.11,3.45,morning,False,,0.139,leila.rahman542@example.com
CUS-0000652,Alex Lindqvist,retail_consumer,none,ZN-000424,Mexico City,MX,LATAM,366 Pine Way,19.488353,-99.130124,2018-06-15,12.0,1569.45,3.27,afternoon,False,,0.382,alex.lindqvist802@example.com
CUS-0000653,Fatima Petrov,retail_consumer,none,ZN-000459,Mexico City,MX,LATAM,224 Grove Blvd,19.49281,-99.096685,2022-08-17,8.0,1580.43,5.0,evening,False,,0.105,fatima.petrov616@example.com
CUS-0000654,Diego Nakamura,marketplace_seller,none,ZN-000174,Jakarta,ID,APAC,10 Union St,-6.166557,106.829594,2019-10-26,24.0,1033.8,4.57,afternoon,False,,0.027,diego.nakamura56@example.com
CUS-0000655,Fatima Smith,retail_consumer,silver,ZN-000492,Krakow,PL,EMEA,27 Union Way,50.061481,19.831251,2022-02-21,8.0,360.04,3.82,morning,False,,0.183,fatima.smith595@example.com
CUS-0000656,Carlos Smith,smb,gold,ZN-000183,Sao Paulo,BR,LATAM,440 Victoria Ln,-23.62188,-46.697031,2024-02-06,49.0,881.46,4.41,morning,True,,0.707,carlos.smith728@example.com
CUS-0000657,Priya Silva,enterprise,none,ZN-000052,London,GB,EMEA,359 Riverside Sq,51.54042,-0.239635,2018-04-06,1349.0,26721.98,4.87,any,True,24.0,0.523,priya.silva648@example.com
CUS-0000658,Fatima Lindqvist,smb,none,ZN-000126,London,GB,EMEA,189 Warehouse Rd,51.423475,-0.185604,2020-03-17,15.0,1022.49,3.73,any,True,,0.244,fatima.lindqvist421@example.com
CUS-0000659,Mateo Torres,retail_consumer,gold,ZN-000411,Berlin,DE,EMEA,158 Cedar Blvd,52.563177,13.398863,2021-10-02,14.0,1168.04,3.52,afternoon,False,,0.284,mateo.torres87@example.com
CUS-0000660,Ivan Torres,retail_consumer,silver,ZN-000041,Berlin,DE,EMEA,90 Central Way,52.489717,13.231676,2019-08-02,26.0,363.67,4.89,evening,False,,0.263,ivan.torres56@example.com
CUS-0000661,Alex Kowalski,retail_consumer,bronze,ZN-000069,Berlin,DE,EMEA,202 Oak Sq,52.541969,13.521632,2025-03-04,8.0,248.16,4.16,morning,False,,0.462,alex.kowalski55@example.com
CUS-0000662,Diego Garcia,smb,bronze,ZN-000341,Sao Paulo,BR,LATAM,278 Church Sq,-23.59049,-46.716992,2020-09-14,17.0,1100.08,4.7,afternoon,True,,0.112,diego.garcia732@example.com
CUS-0000663,Carlos Rossi,retail_consumer,platinum,ZN-000198,London,GB,EMEA,436 Central Ln,51.311651,-0.121912,2024-12-23,5.0,240.72,4.3,any,False,,0.219,carlos.rossi415@example.com
CUS-0000664,Ivan Ali,smb,silver,ZN-000301,Atlanta,US,NA,163 Riverside Ave,33.709216,-84.349145,2022-08-29,13.0,319.15,5.0,afternoon,True,,0.129,ivan.ali841@example.com
CUS-0000665,Alex Novak,retail_consumer,gold,ZN-000032,Manchester,GB,EMEA,293 Maple Ln,53.292215,-1.996381,2019-01-27,25.0,732.06,4.2,any,False,,0.171,alex.novak704@example.com
CUS-0000666,Sofia Kim,public_sector,none,ZN-000262,Shanghai,CN,APAC,24 Harbour Blvd,31.229883,121.349119,2025-12-03,11.0,837.37,4.0,evening,True,24.0,0.005,sofia.kim419@example.com
CUS-0000667,Marcus Bakker,enterprise,bronze,ZN-000478,Los Angeles,US,NA,289 Warehouse Blvd,33.921376,-118.020908,2025-12-08,400.0,18743.78,3.65,any,True,12.0,0.174,marcus.bakker254@example.com
CUS-0000668,Leila Garcia,retail_consumer,gold,ZN-000312,Delhi,IN,APAC,256 Industrial St,28.749986,77.083068,2019-09-08,6.0,204.13,3.65,evening,False,,0.485,leila.garcia393@example.com
CUS-0000669,Hugo Kim,smb,gold,ZN-000009,Shanghai,CN,APAC,319 Harbour Ln,31.229632,121.582504,2021-12-03,17.0,253.86,4.7,morning,True,,0.239,hugo.kim229@example.com
CUS-0000670,Viktor Nakamura,retail_consumer,none,ZN-000245,Osaka,JP,APAC,91 Bridge Rd,34.707177,135.411747,2018-09-15,5.0,102.16,4.63,any,False,,0.425,viktor.nakamura808@example.com
CUS-0000671,Viktor Hansen,retail_consumer,platinum,ZN-000339,Rome,IT,EMEA,231 Elm Ln,41.961551,12.39513,2022-02-24,4.0,106.63,5.0,any,False,,0.179,viktor.hansen971@example.com
CUS-0000672,Isabella Okafor,smb,bronze,ZN-000414,Manchester,GB,EMEA,462 Church Ave,53.505581,-1.969771,2020-09-01,14.0,2470.25,5.0,morning,True,,0.189,isabella.okafor484@example.com
CUS-0000673,Aisha Novak,retail_consumer,none,ZN-000465,Krakow,PL,EMEA,154 Elm Ln,49.910782,19.581033,2019-04-16,4.0,903.1,3.35,any,False,,0.186,aisha.novak388@example.com
CUS-0000674,Tomas Nakamura,retail_consumer,silver,ZN-000147,Osaka,JP,APAC,158 Elm Ln,34.659099,135.600015,2020-08-14,14.0,546.37,4.81,any,False,,0.473,tomas.nakamura245@example.com
CUS-0000675,Carlos Silva,enterprise,bronze,ZN-000100,Shanghai,CN,APAC,249 Church Dr,31.187547,121.37044,2025-06-28,602.0,30497.2,2.88,afternoon,True,48.0,0.388,carlos.silva427@example.com
CUS-0000676,Diego Brown,retail_consumer,bronze,ZN-000148,Shanghai,CN,APAC,47 Victoria Rd,31.226005,121.407113,2018-05-10,6.0,146.91,3.42,evening,False,,0.035,diego.brown399@example.com
CUS-0000677,Rahul Sharma,retail_consumer,bronze,ZN-000242,Atlanta,US,NA,369 Harbour Rd,33.770827,-84.48781,2023-07-18,15.0,701.87,4.21,afternoon,False,,0.256,rahul.sharma777@example.com
CUS-0000678,Yuki Dubois,smb,none,ZN-000161,Delhi,IN,APAC,371 Harbour Sq,28.726742,77.17692,2018-05-31,83.0,66087.15,4.47,any,True,,0.447,yuki.dubois827@example.com
CUS-0000679,Anna Rossi,public_sector,gold,ZN-000323,Mexico City,MX,LATAM,378 Victoria Dr,19.434452,-99.046847,2023-01-05,5.0,188.5,4.6,any,True,12.0,0.131,anna.rossi143@example.com
CUS-0000680,Isabella Ivanov,enterprise,silver,ZN-000321,Amsterdam,NL,EMEA,86 Bridge St,52.387215,4.971874,2019-08-26,164.0,9445.45,3.17,evening,True,48.0,0.498,isabella.ivanov2@example.com
CUS-0000681,Daniel Dubois,retail_consumer,none,ZN-000059,Rome,IT,EMEA,22 Central Dr,41.948637,12.519,2024-12-27,10.0,687.88,4.45,morning,False,,0.28,daniel.dubois662@example.com
CUS-0000682,Maria Torres,retail_consumer,silver,ZN-000142,Manchester,GB,EMEA,307 Bridge Sq,53.240956,-2.27693,2018-01-25,8.0,705.69,4.92,evening,False,,0.375,maria.torres641@example.com
CUS-0000683,Rahul Hansen,retail_consumer,none,ZN-000223,London,GB,EMEA,116 Union Dr,51.410894,-0.148319,2023-01-02,23.0,1503.13,5.0,morning,False,,0.254,rahul.hansen847@example.com
CUS-0000684,Rahul Silva,retail_consumer,none,ZN-000259,Amsterdam,NL,EMEA,464 Warehouse Rd,52.461031,4.861326,2018-04-06,6.0,691.72,3.43,morning,False,,0.279,rahul.silva876@example.com
CUS-0000685,Rahul Dubois,enterprise,none,ZN-000028,Shanghai,CN,APAC,252 Warehouse Dr,31.248548,121.459651,2020-10-02,668.0,25367.12,4.12,any,True,24.0,0.451,rahul.dubois189@example.com
CUS-0000686,Nikolai Ali,enterprise,bronze,ZN-000435,Los Angeles,US,NA,130 Victoria Ave,34.11227,-118.246114,2024-08-25,378.0,22944.7,5.0,afternoon,True,24.0,0.451,nikolai.ali615@example.com
CUS-0000687,Lucas Garcia,smb,none,ZN-000432,Atlanta,US,NA,257 Bridge Sq,33.773531,-84.33989,2023-07-21,30.0,4948.55,3.78,evening,True,,0.4,lucas.garcia910@example.com
CUS-0000688,Viktor Moreau,smb,bronze,ZN-000255,Los Angeles,US,NA,373 Oak Ln,34.040445,-118.156609,2018-05-13,19.0,1467.56,4.62,evening,True,,0.265,viktor.moreau888@example.com
CUS-0000689,Grace Petrov,retail_consumer,gold,ZN-000392,London,GB,EMEA,288 Grove Sq,51.50452,0.04731,2025-10-19,6.0,370.08,3.89,afternoon,False,,0.12,grace.petrov914@example.com
CUS-0000690,Isabella Fernandez,retail_consumer,bronze,ZN-000488,Rome,IT,EMEA,412 Warehouse Dr,41.676758,12.600024,2018-07-29,15.0,1263.67,5.0,afternoon,False,,0.0,isabella.fernandez933@example.com
CUS-0000691,Marcus Novak,retail_consumer,bronze,ZN-000283,Los Angeles,US,NA,72 Kings Dr,34.07047,-118.301116,2024-06-15,3.0,144.96,4.24,afternoon,False,,0.256,marcus.novak897@example.com
CUS-0000692,Jun Smith,smb,gold,ZN-000445,Delhi,IN,APAC,424 Central Ave,28.652206,77.106252,2018-06-12,15.0,1062.58,3.81,evening,True,,0.313,jun.smith765@example.com
CUS-0000693,Priya Lindqvist,marketplace_seller,bronze,ZN-000448,Rome,IT,EMEA,356 Station Ave,41.841458,12.374079,2025-03-26,3.0,144.3,3.28,afternoon,False,,0.271,priya.lindqvist78@example.com
CUS-0000694,Maria Silva,enterprise,none,ZN-000100,Shanghai,CN,APAC,43 Kings Way,31.214329,121.392796,2024-02-08,208.0,14605.05,4.8,afternoon,True,48.0,0.257,maria.silva862@example.com
CUS-0000695,Priya Fernandez,retail_consumer,gold,ZN-000287,Stockholm,SE,EMEA,87 Industrial Blvd,59.370058,17.904101,2024-09-10,1.0,92.09,5.0,evening,False,,0.468,priya.fernandez924@example.com
CUS-0000696,Zara Fernandez,smb,none,ZN-000244,Shanghai,CN,APAC,198 Bridge Dr,31.188713,121.375021,2019-06-27,11.0,440.58,3.51,evening,True,,0.027,zara.fernandez745@example.com
CUS-0000697,Chen Nakamura,retail_consumer,none,ZN-000355,Los Angeles,US,NA,99 Bridge Sq,34.085562,-118.322866,2019-03-09,13.0,311.28,4.11,morning,False,,0.569,chen.nakamura196@example.com
CUS-0000698,Daniel Petrov,retail_consumer,none,ZN-000454,Delhi,IN,APAC,195 Riverside Ave,28.776301,77.075306,2018-06-05,5.0,129.0,3.25,evening,False,,0.37,daniel.petrov624@example.com
CUS-0000699,Aisha Lindqvist,smb,none,ZN-000077,Krakow,PL,EMEA,99 Cedar Rd,50.032877,19.898541,2021-10-09,83.0,2357.82,4.29,afternoon,True,,0.501,aisha.lindqvist698@example.com
CUS-0000700,Aisha Torres,retail_consumer,bronze,ZN-000488,Rome,IT,EMEA,175 Church Rd,41.640231,12.586536,2020-03-09,9.0,497.8,4.02,evening,False,,0.013,aisha.torres637@example.com
CUS-0000701,Rahul Costa,retail_consumer,bronze,ZN-000191,Bengaluru,IN,APAC,458 Harbour Ln,12.938397,77.536316,2021-08-21,19.0,1739.21,4.39,any,False,,0.0,rahul.costa976@example.com
CUS-0000702,Chen Zhang,smb,bronze,ZN-000273,Rome,IT,EMEA,236 Grove Ln,41.930529,12.55184,2025-01-05,85.0,22885.87,3.71,afternoon,True,,0.299,chen.zhang904@example.com
CUS-0000703,Isabella Okafor,retail_consumer,bronze,ZN-000408,Osaka,JP,APAC,149 Church Rd,34.659003,135.570552,2019-06-07,13.0,473.2,3.54,evening,False,,0.223,isabella.okafor542@example.com
CUS-0000704,Rahul Ali,smb,gold,ZN-000401,Krakow,PL,EMEA,77 Maple Ave,50.120295,20.205029,2019-10-17,24.0,891.18,5.0,afternoon,True,,0.316,rahul.ali821@example.com
CUS-0000705,Aisha Moreau,retail_consumer,silver,ZN-000263,Manchester,GB,EMEA,76 Harbour St,53.425,-2.254543,2019-07-13,14.0,825.91,3.59,any,False,,0.152,aisha.moreau863@example.com
CUS-0000706,Viktor Fernandez,retail_consumer,gold,ZN-000158,Shanghai,CN,APAC,339 Park Rd,31.208036,121.576959,2018-06-25,9.0,201.83,4.88,morning,False,,0.454,viktor.fernandez408@example.com
CUS-0000707,Jun Brown,smb,none,ZN-000041,Berlin,DE,EMEA,127 Church Ln,52.512652,13.281485,2021-09-10,8.0,227.44,5.0,any,True,,0.132,jun.brown453@example.com
CUS-0000708,Fatima Rossi,retail_consumer,bronze,ZN-000077,Krakow,PL,EMEA,251 Elm Sq,50.0449,19.908784,2022-03-20,7.0,119.49,4.8,any,False,,0.272,fatima.rossi337@example.com
CUS-0000709,Hugo Kim,smb,gold,ZN-000440,Rome,IT,EMEA,278 Union Dr,41.878967,12.388902,2021-07-06,22.0,925.58,3.53,morning,True,,0.31,hugo.kim396@example.com
CUS-0000710,Elena Sharma,smb,silver,ZN-000488,Rome,IT,EMEA,449 Cedar St,41.666142,12.58805,2019-08-13,11.0,519.82,5.0,afternoon,True,,0.135,elena.sharma835@example.com
CUS-0000711,Daniel Ali,smb,none,ZN-000296,Sao Paulo,BR,LATAM,432 Maple Ln,-23.566327,-46.545116,2023-12-16,22.0,575.29,4.34,any,True,,0.336,daniel.ali759@example.com
CUS-0000712,Tomas Ali,smb,none,ZN-000049,Stockholm,SE,EMEA,237 Riverside Ave,59.238073,18.170233,2023-06-30,62.0,4619.72,3.02,any,True,,0.088,tomas.ali921@example.com
CUS-0000713,Jun Hansen,smb,bronze,ZN-000464,Osaka,JP,APAC,450 Victoria Blvd,34.238253,135.032111,2022-07-08,10.0,440.41,3.71,evening,True,,0.1,jun.hansen531@example.com
CUS-0000714,Marcus Muller,retail_consumer,platinum,ZN-000094,Mexico City,MX,LATAM,342 Park Ln,19.531082,-99.145754,2022-03-11,41.0,2925.36,3.36,evening,False,,0.18,marcus.muller528@example.com
CUS-0000715,Priya Dubois,retail_consumer,silver,ZN-000002,Krakow,PL,EMEA,456 Oak Blvd,50.119575,19.853199,2024-07-22,17.0,1474.16,4.52,evening,False,,0.151,priya.dubois102@example.com
CUS-0000716,Omar Kowalski,retail_consumer,silver,ZN-000496,Osaka,JP,APAC,277 Riverside Way,34.623137,135.474168,2020-08-06,12.0,228.84,3.21,any,False,,0.417,omar.kowalski969@example.com
CUS-0000717,Aisha Rossi,enterprise,gold,ZN-000479,Delhi,IN,APAC,378 Church Ave,28.727623,77.129416,2020-02-25,202.0,6847.64,3.96,morning,True,48.0,0.455,aisha.rossi287@example.com
CUS-0000718,Zara Yilmaz,public_sector,gold,ZN-000132,Krakow,PL,EMEA,226 Grove Ave,49.92237,19.711023,2019-11-05,21.0,420.68,5.0,afternoon,True,48.0,0.393,zara.yilmaz793@example.com
CUS-0000719,Yuki Moreau,retail_consumer,none,ZN-000406,Manchester,GB,EMEA,389 Victoria Blvd,53.540632,-2.299294,2021-03-16,43.0,1688.11,3.95,any,False,,0.011,yuki.moreau19@example.com
CUS-0000720,Isabella Muller,retail_consumer,none,ZN-000345,Stockholm,SE,EMEA,9 Church Way,59.387489,18.048819,2021-06-03,30.0,7158.19,3.52,afternoon,False,,0.557,isabella.muller878@example.com
CUS-0000721,Aisha Novak,retail_consumer,gold,ZN-000354,Atlanta,US,NA,249 Pine Blvd,33.791426,-84.473977,2024-10-26,12.0,1550.62,4.34,evening,False,,0.323,aisha.novak517@example.com
CUS-0000722,Hugo Zhang,smb,gold,ZN-000124,London,GB,EMEA,324 Market Ave,51.496481,-0.041869,2018-06-04,39.0,3098.73,4.05,any,True,,0.079,hugo.zhang668@example.com
CUS-0000723,Nadia Muller,marketplace_seller,bronze,ZN-000309,Krakow,PL,EMEA,334 Park Rd,49.961788,19.608068,2023-05-16,6.0,336.37,4.91,evening,False,,0.143,nadia.muller573@example.com
CUS-0000724,Maria Ali,retail_consumer,silver,ZN-000385,Krakow,PL,EMEA,291 Harbour Rd,50.156592,20.011321,2023-03-30,13.0,922.73,5.0,evening,False,,0.333,maria.ali764@example.com
CUS-0000725,Fatima Brown,retail_consumer,silver,ZN-000383,London,GB,EMEA,328 Cedar Blvd,51.479156,-0.187494,2021-06-22,13.0,728.73,4.2,afternoon,False,,0.199,fatima.brown432@example.com
CUS-0000726,Alex Nakamura,smb,none,ZN-000269,Mexico City,MX,LATAM,335 Central Sq,19.491576,-99.104081,2021-07-30,13.0,298.11,4.51,afternoon,True,,0.374,alex.nakamura972@example.com
CUS-0000727,Carlos Fernandez,retail_consumer,bronze,ZN-000146,London,GB,EMEA,294 Industrial Rd,51.565535,-0.161134,2018-12-11,16.0,790.88,4.54,evening,False,,0.047,carlos.fernandez294@example.com
CUS-0000728,Anna Novak,retail_consumer,none,ZN-000283,Los Angeles,US,NA,141 Depot Ave,34.083378,-118.309573,2019-05-06,13.0,509.49,3.91,any,False,,0.095,anna.novak860@example.com
CUS-0000729,Priya Novak,retail_consumer,gold,ZN-000148,Shanghai,CN,APAC,111 Market Dr,31.205973,121.409298,2018-08-07,8.0,508.38,3.95,afternoon,False,,0.0,priya.novak595@example.com
CUS-0000730,Diego Silva,retail_consumer,silver,ZN-000004,London,GB,EMEA,183 Victoria Ave,51.439659,0.05983,2020-03-14,104.0,12939.15,4.76,afternoon,False,,0.399,diego.silva411@example.com
CUS-0000731,Chen Nguyen,marketplace_seller,none,ZN-000395,London,GB,EMEA,176 Grove Ave,51.555713,-0.22485,2023-04-18,14.0,790.1,3.71,afternoon,False,,0.335,chen.nguyen665@example.com
CUS-0000732,Marcus Costa,retail_consumer,bronze,ZN-000426,Krakow,PL,EMEA,280 Station Ln,49.872163,19.688807,2020-04-29,6.0,140.85,4.52,morning,False,,0.395,marcus.costa956@example.com
CUS-0000733,Zara Nakamura,smb,silver,ZN-000456,Berlin,DE,EMEA,304 Harbour Blvd,52.59914,13.352647,2020-03-14,10.0,207.13,3.71,morning,True,,0.0,zara.nakamura61@example.com
CUS-0000734,Rahul Garcia,smb,none,ZN-000077,Krakow,PL,EMEA,112 Church Ln,50.042135,19.850997,2024-07-26,30.0,4711.96,4.43,morning,True,,0.382,rahul.garcia535@example.com
CUS-0000735,Sofia Silva,retail_consumer,none,ZN-000037,Sao Paulo,BR,LATAM,121 Depot Blvd,-23.595291,-46.620859,2025-08-16,9.0,549.11,3.87,morning,False,,0.0,sofia.silva507@example.com
CUS-0000736,Sofia Kowalski,smb,silver,ZN-000089,Krakow,PL,EMEA,38 Warehouse Sq,50.174157,20.044314,2019-07-28,350.0,31502.85,3.73,afternoon,True,,0.293,sofia.kowalski724@example.com
CUS-0000737,Sofia Dubois,smb,bronze,ZN-000075,Krakow,PL,EMEA,321 Bridge Blvd,50.091019,19.865607,2024-01-22,59.0,1980.98,4.87,any,True,,0.355,sofia.dubois614@example.com
CUS-0000738,Viktor Lindqvist,retail_consumer,silver,ZN-000450,Krakow,PL,EMEA,40 Oak Blvd,50.122363,19.936666,2022-11-10,5.0,239.19,4.78,afternoon,False,,0.318,viktor.lindqvist483@example.com
CUS-0000739,Isabella Novak,retail_consumer,bronze,ZN-000188,Manchester,GB,EMEA,425 Victoria Sq,53.450441,-2.582096,2025-04-08,3.0,61.98,4.37,any,False,,0.503,isabella.novak692@example.com
CUS-0000740,Maria Zhang,retail_consumer,bronze,ZN-000198,London,GB,EMEA,46 Kings Rd,51.315425,-0.084871,2025-05-18,7.0,412.84,4.99,evening,False,,0.347,maria.zhang576@example.com
CUS-0000741,Ivan Smith,smb,silver,ZN-000028,Shanghai,CN,APAC,375 Kings Ln,31.231025,121.452777,2020-10-10,35.0,3379.02,5.0,morning,True,,0.414,ivan.smith158@example.com
CUS-0000742,Freya Garcia,smb,bronze,ZN-000174,Jakarta,ID,APAC,126 Harbour Ln,-6.173615,106.807792,2024-05-09,28.0,1746.03,3.53,afternoon,True,,0.24,freya.garcia536@example.com
CUS-0000743,Anna Kim,retail_consumer,bronze,ZN-000294,Berlin,DE,EMEA,349 Oak Way,51.991897,12.829481,2019-06-13,25.0,457.03,4.8,afternoon,False,,0.185,anna.kim306@example.com
CUS-0000744,Alex Okafor,retail_consumer,none,ZN-000061,Los Angeles,US,NA,211 Elm Dr,34.354577,-118.102305,2025-07-24,7.0,729.74,3.52,any,False,,0.175,alex.okafor466@example.com
CUS-0000745,Anna Silva,enterprise,none,ZN-000027,Krakow,PL,EMEA,451 Victoria Way,49.998877,19.987006,2021-09-19,667.0,34090.47,4.71,any,True,24.0,0.488,anna.silva74@example.com
CUS-0000746,Daniel Novak,retail_consumer,bronze,ZN-000043,Bengaluru,IN,APAC,343 Victoria Ln,12.959576,77.516047,2024-06-13,14.0,646.86,2.17,morning,False,,0.11,daniel.novak464@example.com
CUS-0000747,Marcus Ali,enterprise,silver,ZN-000275,London,GB,EMEA,89 Pine Ln,51.600092,-0.108107,2021-05-28,454.0,10825.53,3.51,any,True,24.0,0.425,marcus.ali947@example.com
CUS-0000748,Jun Okafor,retail_consumer,platinum,ZN-000296,Sao Paulo,BR,LATAM,357 Elm Ave,-23.53931,-46.53242,2025-05-01,15.0,2563.37,3.86,evening,False,,0.028,jun.okafor500@example.com
CUS-0000749,Hugo Garcia,enterprise,silver,ZN-000008,Krakow,PL,EMEA,403 Victoria Blvd,50.102487,20.082218,2025-09-03,125.0,11408.21,3.31,evening,True,48.0,0.059,hugo.garcia918@example.com
CUS-0000750,Anna Yilmaz,retail_consumer,none,ZN-000412,Osaka,JP,APAC,67 Union Sq,34.696861,135.483059,2025-01-14,17.0,797.28,4.44,morning,False,,0.174,anna.yilmaz710@example.com
CUS-0000751,Rahul Costa,marketplace_seller,gold,ZN-000107,London,GB,EMEA,5 Elm Sq,51.517058,-0.105091,2020-05-01,6.0,166.07,4.62,afternoon,False,,0.609,rahul.costa73@example.com
CUS-0000752,Fatima Petrov,smb,none,ZN-000264,Shanghai,CN,APAC,27 Riverside Blvd,31.225566,121.368499,2024-03-08,14.0,385.26,3.84,evening,True,,0.302,fatima.petrov380@example.com
CUS-0000753,Ivan Muller,smb,platinum,ZN-000365,Rome,IT,EMEA,343 Church Dr,41.915895,12.630741,2025-08-04,30.0,1554.36,3.81,morning,True,,0.258,ivan.muller16@example.com
CUS-0000754,Amara Weber,enterprise,none,ZN-000468,Krakow,PL,EMEA,57 Maple Blvd,49.971892,19.913645,2018-03-04,223.0,13545.86,4.44,any,True,12.0,0.408,amara.weber642@example.com
CUS-0000755,Nikolai Silva,enterprise,silver,ZN-000336,London,GB,EMEA,198 Park Rd,51.566637,-0.072864,2025-02-06,2448.0,152343.73,3.68,any,True,48.0,0.149,nikolai.silva832@example.com
CUS-0000756,Aisha Yilmaz,retail_consumer,bronze,ZN-000410,Shanghai,CN,APAC,155 Bridge Blvd,31.291837,121.439932,2022-07-27,4.0,144.88,4.72,morning,False,,0.409,aisha.yilmaz102@example.com
CUS-0000757,Rahul Rahman,retail_consumer,gold,ZN-000195,Krakow,PL,EMEA,467 Cedar St,49.995036,20.054668,2022-02-24,3.0,71.91,4.55,afternoon,False,,0.201,rahul.rahman338@example.com
CUS-0000758,Chen Nakamura,smb,none,ZN-000396,Krakow,PL,EMEA,136 Maple Ln,50.120329,19.67629,2018-01-17,36.0,2065.1,5.0,afternoon,True,,0.276,chen.nakamura448@example.com
CUS-0000759,Nadia Okafor,smb,none,ZN-000231,Berlin,DE,EMEA,230 Warehouse Ave,52.531772,13.540543,2020-02-04,8.0,701.91,3.25,morning,True,,0.32,nadia.okafor6@example.com
CUS-0000760,Mateo Ali,retail_consumer,silver,ZN-000233,Atlanta,US,NA,413 Warehouse Blvd,33.753666,-84.419493,2020-04-05,9.0,976.86,4.86,afternoon,False,,0.428,mateo.ali487@example.com
CUS-0000761,Maria Rossi,public_sector,none,ZN-000015,Osaka,JP,APAC,27 Warehouse St,34.701551,135.535941,2024-11-04,6.0,270.53,4.8,evening,True,48.0,0.229,maria.rossi795@example.com
CUS-0000762,Fatima Bakker,smb,silver,ZN-000309,Krakow,PL,EMEA,162 Maple Dr,49.942037,19.667962,2019-07-04,15.0,975.96,3.78,any,True,,0.393,fatima.bakker648@example.com
CUS-0000763,Rahul Rossi,retail_consumer,gold,ZN-000436,Mexico City,MX,LATAM,77 Market Ave,19.796582,-98.76222,2018-06-11,10.0,1087.91,4.31,afternoon,False,,0.555,rahul.rossi247@example.com
CUS-0000764,Jun Okafor,retail_consumer,silver,ZN-000189,Jakarta,ID,APAC,427 Industrial Sq,-6.31709,107.012769,2018-03-22,12.0,700.25,4.11,evening,False,,0.094,jun.okafor795@example.com
CUS-0000765,Fatima Lindqvist,enterprise,none,ZN-000372,Shanghai,CN,APAC,389 Oak Ave,31.296188,121.45845,2019-06-28,148.0,6749.56,3.2,afternoon,True,24.0,0.098,fatima.lindqvist132@example.com
CUS-0000766,Nikolai Fernandez,retail_consumer,none,ZN-000311,Krakow,PL,EMEA,199 Riverside Ln,50.382835,20.031375,2018-08-18,18.0,874.51,4.4,evening,False,,0.136,nikolai.fernandez554@example.com
CUS-0000767,Hugo Muller,retail_consumer,none,ZN-000190,Jakarta,ID,APAC,264 Riverside Blvd,-6.268087,106.796905,2022-02-14,3.0,127.89,5.0,any,False,,0.33,hugo.muller153@example.com
CUS-0000768,Maria Yilmaz,retail_consumer,gold,ZN-000002,Krakow,PL,EMEA,98 Church Blvd,50.092525,19.860314,2020-10-29,18.0,487.91,3.59,afternoon,False,,0.139,maria.yilmaz61@example.com
CUS-0000769,Maria Petrov,marketplace_seller,silver,ZN-000204,Manchester,GB,EMEA,448 Industrial Ln,53.615693,-1.839114,2021-07-10,22.0,887.72,5.0,evening,False,,0.305,maria.petrov601@example.com
CUS-0000770,Priya Garcia,retail_consumer,bronze,ZN-000220,Delhi,IN,APAC,200 Maple Rd,28.610989,77.144483,2022-05-25,35.0,3733.44,4.13,evening,False,,0.467,priya.garcia159@example.com
CUS-0000771,Marcus Kowalski,retail_consumer,bronze,ZN-000072,Shanghai,CN,APAC,232 Bridge Dr,31.263018,121.521394,2018-03-05,5.0,153.62,3.05,any,False,,0.201,marcus.kowalski373@example.com
CUS-0000772,Carlos Novak,retail_consumer,none,ZN-000305,Jakarta,ID,APAC,110 Pine Ave,-6.29452,106.847437,2018-04-16,6.0,294.95,4.17,evening,False,,0.259,carlos.novak650@example.com
CUS-0000773,Leila Smith,smb,none,ZN-000370,Rome,IT,EMEA,328 Industrial St,41.953869,12.553904,2025-09-17,57.0,2510.54,3.59,morning,True,,0.426,leila.smith460@example.com
CUS-0000774,Anna Nakamura,enterprise,none,ZN-000035,Manchester,GB,EMEA,291 Oak St,53.421804,-2.324614,2020-01-30,404.0,26495.91,4.69,afternoon,True,24.0,0.172,anna.nakamura477@example.com
CUS-0000775,Maria Ali,retail_consumer,gold,ZN-000342,Bengaluru,IN,APAC,416 Warehouse Ln,12.925809,77.616754,2023-04-21,3.0,127.57,4.05,evening,False,,0.53,maria.ali655@example.com
CUS-0000776,Priya Bakker,retail_consumer,gold,ZN-000099,London,GB,EMEA,199 Pine Dr,51.511614,-0.032058,2025-02-14,23.0,7479.0,3.79,any,False,,0.571,priya.bakker414@example.com
CUS-0000777,Alex Garcia,retail_consumer,none,ZN-000014,Delhi,IN,APAC,382 Grove Ave,28.813797,77.100123,2019-08-17,31.0,766.58,3.35,any,False,,0.271,alex.garcia20@example.com
CUS-0000778,Hugo Sharma,retail_consumer,none,ZN-000366,London,GB,EMEA,308 Grove Ln,51.456388,-0.042801,2021-02-18,7.0,1347.9,3.14,any,False,,0.353,hugo.sharma284@example.com
CUS-0000779,Zara Okafor,smb,bronze,ZN-000359,Jakarta,ID,APAC,137 Elm Way,-6.148262,106.918649,2018-04-03,9.0,651.69,5.0,evening,True,,0.281,zara.okafor990@example.com
CUS-0000780,Daniel Yilmaz,enterprise,none,ZN-000156,Atlanta,US,NA,191 Market Sq,33.821378,-84.357703,2024-12-19,483.0,19503.23,3.55,morning,True,24.0,0.161,daniel.yilmaz34@example.com
CUS-0000781,Priya Kim,retail_consumer,silver,ZN-000002,Krakow,PL,EMEA,7 Grove Ln,50.084751,19.891494,2020-08-31,11.0,1396.49,4.71,evening,False,,0.125,priya.kim158@example.com
CUS-0000782,Diego Nakamura,retail_consumer,bronze,ZN-000128,Shanghai,CN,APAC,379 Market Way,31.310315,121.445293,2019-01-05,14.0,2244.16,3.91,morning,False,,0.139,diego.nakamura439@example.com
CUS-0000783,Nikolai Silva,retail_consumer,none,ZN-000439,Stockholm,SE,EMEA,266 Oak Dr,59.280008,18.227509,2025-02-01,15.0,806.0,3.76,morning,False,,0.395,nikolai.silva421@example.com
CUS-0000784,Daniel Yilmaz,marketplace_seller,none,ZN-000254,Manchester,GB,EMEA,23 Park Blvd,53.444437,-2.687387,2023-09-26,12.0,331.3,4.38,morning,False,,0.009,daniel.yilmaz930@example.com
CUS-0000785,Leila Hansen,retail_consumer,silver,ZN-000483,Krakow,PL,EMEA,38 Maple Ln,50.010668,19.797376,2025-12-05,4.0,79.3,2.7,morning,False,,0.004,leila.hansen730@example.com
CUS-0000786,Grace Okafor,retail_consumer,gold,ZN-000287,Stockholm,SE,EMEA,78 Kings Way,59.373965,17.938212,2023-09-25,4.0,145.37,2.82,evening,False,,0.262,grace.okafor247@example.com
CUS-0000787,Fatima Kowalski,enterprise,bronze,ZN-000399,Atlanta,US,NA,247 Victoria Dr,33.475614,-84.19254,2019-11-14,233.0,7562.22,3.02,afternoon,True,12.0,0.324,fatima.kowalski223@example.com
CUS-0000788,Chen Rahman,retail_consumer,bronze,ZN-000032,Manchester,GB,EMEA,375 Central St,53.314493,-2.003315,2022-01-26,4.0,129.57,4.11,afternoon,False,,0.086,chen.rahman122@example.com
CUS-0000789,Sofia Nakamura,retail_consumer,platinum,ZN-000425,Rome,IT,EMEA,66 Riverside Sq,41.865766,12.585116,2018-12-16,11.0,573.61,3.59,any,False,,0.369,sofia.nakamura703@example.com
CUS-0000790,Omar Zhang,retail_consumer,bronze,ZN-000028,Shanghai,CN,APAC,64 Elm Way,31.224844,121.492055,2019-10-08,11.0,341.86,3.54,any,False,,0.0,omar.zhang643@example.com
CUS-0000791,Chen Ivanov,enterprise,bronze,ZN-000039,Osaka,JP,APAC,344 Church Blvd,34.782645,135.595123,2020-12-08,618.0,20712.68,4.28,any,True,24.0,0.243,chen.ivanov842@example.com
CUS-0000792,Grace Silva,retail_consumer,bronze,ZN-000426,Krakow,PL,EMEA,77 Elm Sq,49.90359,19.678993,2023-01-29,26.0,2132.1,3.93,any,False,,0.292,grace.silva833@example.com
CUS-0000793,Rahul Muller,retail_consumer,gold,ZN-000429,Stockholm,SE,EMEA,326 Church Ln,59.310671,17.968428,2018-07-03,9.0,170.33,3.97,afternoon,False,,0.52,rahul.muller925@example.com
CUS-0000794,Freya Lindqvist,public_sector,silver,ZN-000340,London,GB,EMEA,205 Pine Sq,51.5248,-0.091208,2019-09-29,8.0,350.91,5.0,afternoon,True,24.0,0.564,freya.lindqvist115@example.com
CUS-0000795,Chen Petrov,smb,none,ZN-000492,Krakow,PL,EMEA,467 Central Rd,50.039195,19.844932,2019-09-06,39.0,951.32,3.72,evening,True,,0.511,chen.petrov927@example.com
CUS-0000796,Tomas Kim,marketplace_seller,silver,ZN-000250,Krakow,PL,EMEA,419 Oak Blvd,50.22398,20.216385,2021-08-08,5.0,590.27,5.0,any,False,,0.0,tomas.kim962@example.com
CUS-0000797,Tomas Kim,retail_consumer,bronze,ZN-000213,Osaka,JP,APAC,115 Union Ave,34.76236,135.511316,2024-04-10,59.0,12169.03,3.51,evening,False,,0.554,tomas.kim765@example.com
CUS-0000798,Isabella Brown,enterprise,bronze,ZN-000280,Manchester,GB,EMEA,5 Industrial Ave,54.053408,-2.104646,2020-04-21,589.0,23527.5,2.27,morning,True,48.0,0.412,isabella.brown757@example.com
CUS-0000799,Marcus Sharma,smb,none,ZN-000148,Shanghai,CN,APAC,449 Market Blvd,31.217732,121.400763,2019-04-29,10.0,457.62,4.26,evening,True,,0.518,marcus.sharma482@example.com
CUS-0000800,Tomas Sharma,retail_consumer,gold,ZN-000114,London,GB,EMEA,372 Church Ln,51.81772,-0.675308,2021-11-07,6.0,311.8,5.0,any,False,,0.173,tomas.sharma922@example.com
CUS-0000801,Elena Sharma,enterprise,none,ZN-000272,Los Angeles,US,NA,62 Church Ave,34.065984,-118.104668,2020-09-19,240.0,6545.16,4.08,evening,True,24.0,0.337,elena.sharma524@example.com
CUS-0000802,Nadia Novak,smb,silver,ZN-000364,Manchester,GB,EMEA,308 Union Rd,53.539316,-2.140401,2018-06-28,43.0,1203.04,2.95,morning,True,,0.059,nadia.novak99@example.com
CUS-0000803,Nadia Moreau,enterprise,none,ZN-000318,Shanghai,CN,APAC,199 Oak Ave,31.130514,121.46298,2022-07-08,215.0,6026.19,4.98,morning,True,24.0,0.311,nadia.moreau979@example.com
CUS-0000804,Carlos Rahman,enterprise,none,ZN-000037,Sao Paulo,BR,LATAM,263 Oak Ln,-23.633536,-46.601457,2022-01-21,358.0,54746.24,5.0,morning,True,24.0,0.559,carlos.rahman671@example.com
CUS-0000805,Viktor Nguyen,smb,silver,ZN-000385,Krakow,PL,EMEA,264 Industrial Rd,50.180768,19.977303,2018-01-31,20.0,594.94,4.0,morning,True,,0.122,viktor.nguyen165@example.com
CUS-0000806,Alex Torres,smb,bronze,ZN-000361,Delhi,IN,APAC,182 Union Dr,28.704787,76.999695,2021-01-26,62.0,1887.66,3.61,afternoon,True,,0.516,alex.torres704@example.com
CUS-0000807,Nadia Hansen,retail_consumer,none,ZN-000347,Rome,IT,EMEA,223 Union Sq,41.907823,12.500196,2023-12-29,32.0,4954.03,4.54,any,False,,0.0,nadia.hansen487@example.com
CUS-0000808,Isabella Zhang,enterprise,bronze,ZN-000073,Amsterdam,NL,EMEA,279 Depot Dr,52.276489,4.818842,2023-03-05,448.0,46272.26,3.63,afternoon,True,48.0,0.254,isabella.zhang513@example.com
CUS-0000809,Amara Nguyen,smb,none,ZN-000195,Krakow,PL,EMEA,72 Station St,50.003113,20.05411,2024-08-17,106.0,10338.76,3.88,any,True,,0.427,amara.nguyen645@example.com
CUS-0000810,Leila Kowalski,retail_consumer,gold,ZN-000452,Delhi,IN,APAC,392 Maple Way,28.768468,77.102171,2024-08-11,28.0,528.04,4.4,any,False,,0.0,leila.kowalski285@example.com
CUS-0000811,Nadia Petrov,retail_consumer,none,ZN-000359,Jakarta,ID,APAC,231 Cedar Ave,-6.138208,106.902416,2022-03-08,5.0,257.49,4.56,evening,False,,0.325,nadia.petrov292@example.com
CUS-0000812,Nikolai Zhang,retail_consumer,bronze,ZN-000174,Jakarta,ID,APAC,113 Victoria Sq,-6.159218,106.806885,2025-07-03,31.0,1503.1,5.0,afternoon,False,,0.228,nikolai.zhang998@example.com
CUS-0000813,Tomas Yilmaz,marketplace_seller,bronze,ZN-000100,Shanghai,CN,APAC,434 Warehouse Sq,31.220586,121.380523,2018-11-09,11.0,1888.97,4.82,afternoon,False,,0.273,tomas.yilmaz993@example.com
CUS-0000814,Zara Rahman,retail_consumer,platinum,ZN-000170,Atlanta,US,NA,54 Riverside Sq,33.680394,-84.351453,2024-09-25,17.0,663.9,3.02,evening,False,,0.426,zara.rahman194@example.com
CUS-0000815,Fatima Silva,retail_consumer,none,ZN-000481,Rome,IT,EMEA,17 Cedar Rd,41.894214,12.462325,2022-07-15,7.0,597.44,2.58,afternoon,False,,0.378,fatima.silva205@example.com
CUS-0000816,Daniel Torres,retail_consumer,bronze,ZN-000487,London,GB,EMEA,84 Market Dr,51.593711,-0.080638,2020-05-02,20.0,1083.82,4.25,evening,False,,0.224,daniel.torres811@example.com
CUS-0000817,Diego Torres,retail_consumer,none,ZN-000392,London,GB,EMEA,53 Oak Sq,51.522772,0.03072,2018-11-10,22.0,889.17,5.0,morning,False,,0.289,diego.torres831@example.com
CUS-0000818,Chen Novak,retail_consumer,none,ZN-000136,Rome,IT,EMEA,446 Kings Sq,42.053821,12.684342,2018-07-03,6.0,175.99,4.55,evening,False,,0.41,chen.novak308@example.com
CUS-0000819,Grace Lindqvist,enterprise,none,ZN-000256,Osaka,JP,APAC,211 Oak Rd,34.613654,135.661901,2022-05-14,709.0,26563.4,4.47,afternoon,True,48.0,0.204,grace.lindqvist470@example.com
CUS-0000820,Marcus Bakker,retail_consumer,none,ZN-000475,London,GB,EMEA,164 Industrial Rd,51.526536,-0.06548,2020-08-23,23.0,1804.85,3.38,evening,False,,0.426,marcus.bakker546@example.com
CUS-0000821,Lucas Nakamura,marketplace_seller,silver,ZN-000077,Krakow,PL,EMEA,474 Harbour St,50.049124,19.907436,2018-09-16,18.0,602.38,2.74,afternoon,False,,0.4,lucas.nakamura380@example.com
CUS-0000822,Daniel Torres,marketplace_seller,none,ZN-000157,Rome,IT,EMEA,8 Warehouse Ln,41.929421,12.366987,2018-06-30,12.0,571.14,3.16,afternoon,False,,0.393,daniel.torres851@example.com
CUS-0000823,Aisha Kim,smb,bronze,ZN-000461,Krakow,PL,EMEA,350 Park Way,49.92609,20.39256,2025-06-01,33.0,6116.53,2.39,any,True,,0.45,aisha.kim237@example.com
CUS-0000824,Fatima Moreau,retail_consumer,bronze,ZN-000493,Krakow,PL,EMEA,189 Victoria Ln,49.979868,19.87475,2020-02-14,33.0,633.34,4.17,morning,False,,0.401,fatima.moreau152@example.com
CUS-0000825,Lucas Torres,retail_consumer,gold,ZN-000457,London,GB,EMEA,474 Maple Rd,51.483174,-0.138475,2018-06-11,5.0,140.34,4.76,evening,False,,0.0,lucas.torres403@example.com
CUS-0000826,Sofia Lindqvist,marketplace_seller,platinum,ZN-000221,Atlanta,US,NA,415 Pine Sq,33.716449,-84.452312,2024-03-26,8.0,181.67,3.99,afternoon,False,,0.111,sofia.lindqvist101@example.com
CUS-0000827,Carlos Rossi,marketplace_seller,gold,ZN-000007,Los Angeles,US,NA,124 Church Way,34.047018,-118.174677,2021-04-19,4.0,114.99,4.22,afternoon,False,,0.389,carlos.rossi463@example.com
CUS-0000828,Aisha Lindqvist,enterprise,none,ZN-000485,Stockholm,SE,EMEA,463 Industrial Rd,59.24244,18.382153,2020-01-11,102.0,5905.33,3.77,evening,True,12.0,0.304,aisha.lindqvist274@example.com
CUS-0000829,Sofia Dubois,enterprise,silver,ZN-000289,Sao Paulo,BR,LATAM,377 Harbour Dr,-23.571334,-46.520058,2025-06-14,254.0,21983.49,3.85,any,True,12.0,0.366,sofia.dubois530@example.com
CUS-0000830,Priya Okafor,retail_consumer,silver,ZN-000321,Amsterdam,NL,EMEA,237 Industrial Blvd,52.371966,4.939645,2025-03-05,5.0,242.51,4.03,any,False,,0.399,priya.okafor441@example.com
CUS-0000831,Mateo Silva,retail_consumer,none,ZN-000382,Shanghai,CN,APAC,309 Union Rd,31.23721,121.454167,2025-11-24,3.0,47.27,3.86,evening,False,,0.249,mateo.silva68@example.com
CUS-0000832,Mateo Lindqvist,retail_consumer,bronze,ZN-000183,Sao Paulo,BR,LATAM,108 Union Rd,-23.615792,-46.692959,2019-03-16,7.0,307.94,5.0,evening,False,,0.484,mateo.lindqvist155@example.com
CUS-0000833,Marcus Hansen,smb,bronze,ZN-000165,London,GB,EMEA,236 Harbour Sq,51.540888,-0.18319,2019-02-24,16.0,1701.08,2.51,afternoon,True,,0.254,marcus.hansen993@example.com
CUS-0000834,Maria Rossi,enterprise,gold,ZN-000007,Los Angeles,US,NA,433 Riverside Blvd,34.071388,-118.153977,2023-01-24,127.0,11299.21,4.48,afternoon,True,12.0,0.311,maria.rossi517@example.com
CUS-0000835,Anna Sharma,smb,none,ZN-000384,Delhi,IN,APAC,344 Grove Rd,28.749518,77.097414,2019-03-31,72.0,3099.83,4.51,any,True,,0.213,anna.sharma746@example.com
CUS-0000836,Grace Lindqvist,retail_consumer,silver,ZN-000270,Los Angeles,US,NA,39 Market St,33.999738,-118.255009,2019-11-17,6.0,89.73,3.89,evening,False,,0.0,grace.lindqvist807@example.com
CUS-0000837,Hugo Petrov,retail_consumer,bronze,ZN-000222,Bengaluru,IN,APAC,246 Grove Rd,12.98348,77.496219,2022-10-19,31.0,646.31,3.82,morning,False,,0.274,hugo.petrov401@example.com
CUS-0000838,Freya Novak,smb,bronze,ZN-000438,Bengaluru,IN,APAC,338 Cedar Way,12.971779,77.576695,2024-01-21,26.0,945.88,3.85,morning,True,,0.285,freya.novak600@example.com
CUS-0000839,Lucas Sharma,retail_consumer,bronze,ZN-000089,Krakow,PL,EMEA,428 Grove Blvd,50.191795,20.003811,2024-12-24,6.0,296.33,4.93,evening,False,,0.431,lucas.sharma814@example.com
CUS-0000840,Mateo Costa,retail_consumer,none,ZN-000067,Los Angeles,US,NA,260 Cedar St,33.854184,-118.226103,2019-05-23,26.0,960.3,4.41,afternoon,False,,0.176,mateo.costa980@example.com
CUS-0000841,Leila Kowalski,retail_consumer,none,ZN-000096,Krakow,PL,EMEA,424 Victoria Blvd,49.661457,20.171669,2019-09-23,16.0,1398.45,3.14,any,False,,0.0,leila.kowalski628@example.com
CUS-0000842,Rahul Nakamura,retail_consumer,silver,ZN-000426,Krakow,PL,EMEA,35 Victoria Ave,49.903337,19.7126,2024-12-22,7.0,232.76,4.6,evening,False,,0.267,rahul.nakamura505@example.com
CUS-0000843,Nikolai Petrov,marketplace_seller,silver,ZN-000198,London,GB,EMEA,35 Victoria Sq,51.314895,-0.099335,2019-10-24,9.0,1346.47,4.97,afternoon,False,,0.402,nikolai.petrov771@example.com
CUS-0000844,Mateo Ivanov,smb,none,ZN-000276,Delhi,IN,APAC,290 Cedar Dr,28.690672,77.089404,2025-02-03,10.0,562.03,4.75,evening,True,,0.365,mateo.ivanov927@example.com
CUS-0000845,Anna Kowalski,retail_consumer,gold,ZN-000199,Mexico City,MX,LATAM,393 Park Ln,18.923471,-98.926989,2024-05-04,11.0,1044.14,4.15,afternoon,False,,0.459,anna.kowalski829@example.com
CUS-0000846,Maria Dubois,public_sector,none,ZN-000387,Atlanta,US,NA,269 Grove St,33.820632,-84.336159,2022-08-27,138.0,7286.5,4.12,evening,True,12.0,0.12,maria.dubois607@example.com
CUS-0000847,Viktor Muller,retail_consumer,none,ZN-000190,Jakarta,ID,APAC,95 Park Rd,-6.26245,106.810717,2024-04-08,8.0,481.03,4.92,any,False,,0.116,viktor.muller228@example.com
CUS-0000848,Priya Nguyen,retail_consumer,none,ZN-000253,Krakow,PL,EMEA,252 Victoria Blvd,50.134076,19.988172,2023-02-19,17.0,445.1,3.67,evening,False,,0.352,priya.nguyen140@example.com
CUS-0000849,Rahul Kowalski,smb,silver,ZN-000192,Mexico City,MX,LATAM,455 Pine Dr,19.440717,-99.129526,2023-08-22,24.0,892.43,4.02,afternoon,True,,0.324,rahul.kowalski841@example.com
CUS-0000850,Lucas Weber,marketplace_seller,bronze,ZN-000421,Shanghai,CN,APAC,296 Market Way,31.164204,121.429689,2018-06-23,12.0,375.62,3.95,afternoon,False,,0.02,lucas.weber389@example.com
CUS-0000851,Carlos Moreau,retail_consumer,none,ZN-000102,Delhi,IN,APAC,131 Market Dr,28.750633,77.145436,2023-12-07,10.0,344.54,3.94,any,False,,0.109,carlos.moreau247@example.com
CUS-0000852,Omar Kim,marketplace_seller,none,ZN-000291,Atlanta,US,NA,463 Warehouse Way,33.725999,-84.315578,2020-03-18,13.0,1023.34,3.76,evening,False,,0.418,omar.kim620@example.com
CUS-0000853,Carlos Weber,retail_consumer,none,ZN-000445,Delhi,IN,APAC,70 Cedar Dr,28.699238,77.092832,2020-05-22,11.0,566.27,4.64,evening,False,,0.411,carlos.weber538@example.com
CUS-0000854,Chen Torres,retail_consumer,silver,ZN-000496,Osaka,JP,APAC,38 Grove Ln,34.592314,135.515004,2021-04-14,10.0,253.12,4.33,morning,False,,0.217,chen.torres282@example.com
CUS-0000855,Zara Lindqvist,retail_consumer,none,ZN-000371,Amsterdam,NL,EMEA,133 Maple St,52.309486,4.920505,2023-08-05,28.0,1284.48,5.0,afternoon,False,,0.381,zara.lindqvist781@example.com
CUS-0000856,Diego Costa,enterprise,bronze,ZN-000251,Jakarta,ID,APAC,336 Riverside Sq,-6.310038,106.834004,2020-07-01,486.0,37788.98,5.0,morning,True,48.0,0.122,diego.costa861@example.com
CUS-0000857,Marcus Rossi,enterprise,silver,ZN-000301,Atlanta,US,NA,243 Harbour Ln,33.712895,-84.396034,2020-11-02,244.0,9466.25,2.96,afternoon,True,12.0,0.385,marcus.rossi864@example.com
CUS-0000858,Ivan Kim,enterprise,silver,ZN-000278,Atlanta,US,NA,441 Elm St,33.804495,-84.292304,2019-01-16,759.0,68048.93,4.05,evening,True,24.0,0.476,ivan.kim640@example.com
CUS-0000859,Omar Petrov,retail_consumer,none,ZN-000184,London,GB,EMEA,274 Maple Ln,51.504686,-0.040809,2022-12-28,5.0,663.05,3.61,afternoon,False,,0.134,omar.petrov136@example.com
CUS-0000860,Zara Kim,public_sector,bronze,ZN-000279,Los Angeles,US,NA,203 Church Rd,34.135971,-118.263352,2021-04-01,19.0,1179.47,4.65,evening,True,12.0,0.451,zara.kim432@example.com
CUS-0000861,Grace Ivanov,retail_consumer,silver,ZN-000098,Rome,IT,EMEA,114 Church Ln,41.881297,13.231241,2020-06-20,5.0,204.52,3.72,evening,False,,0.466,grace.ivanov792@example.com
CUS-0000862,Sofia Muller,retail_consumer,gold,ZN-000477,Shanghai,CN,APAC,206 Elm Ave,31.155951,121.524755,2020-04-01,16.0,3404.87,4.97,evening,False,,0.424,sofia.muller647@example.com
CUS-0000863,Elena Muller,smb,none,ZN-000289,Sao Paulo,BR,LATAM,237 Industrial Rd,-23.577659,-46.554083,2020-03-20,18.0,1757.7,3.63,afternoon,True,,0.17,elena.muller494@example.com
CUS-0000864,Freya Bakker,smb,none,ZN-000317,Manchester,GB,EMEA,408 Riverside Ave,53.455385,-2.389771,2022-01-14,17.0,1034.67,3.28,morning,True,,0.236,freya.bakker128@example.com
CUS-0000865,Marcus Rossi,marketplace_seller,bronze,ZN-000144,Stockholm,SE,EMEA,373 Elm Ln,59.435659,18.055769,2019-07-19,8.0,1007.71,4.43,morning,False,,0.452,marcus.rossi458@example.com
CUS-0000866,Freya Torres,retail_consumer,gold,ZN-000167,Shanghai,CN,APAC,13 Park Rd,31.136185,121.445241,2024-10-11,11.0,933.03,4.27,evening,False,,0.404,freya.torres200@example.com
CUS-0000867,Fatima Weber,retail_consumer,bronze,ZN-000205,Rome,IT,EMEA,108 Riverside St,41.962663,12.379333,2025-12-08,4.0,185.48,4.22,any,False,,0.167,fatima.weber83@example.com
CUS-0000868,Chen Torres,retail_consumer,bronze,ZN-000319,Amsterdam,NL,EMEA,81 Victoria St,52.333528,4.826797,2020-09-17,23.0,717.4,2.62,afternoon,False,,0.538,chen.torres570@example.com
CUS-0000869,Sofia Bakker,marketplace_seller,platinum,ZN-000186,Mexico City,MX,LATAM,447 Kings Dr,19.430569,-99.24699,2019-09-16,8.0,758.24,3.59,morning,False,,0.093,sofia.bakker409@example.com
CUS-0000870,Leila Dubois,smb,bronze,ZN-000488,Rome,IT,EMEA,120 Bridge Ln,41.645315,12.60237,2023-01-20,13.0,947.72,5.0,any,True,,0.59,leila.dubois791@example.com
CUS-0000871,Sofia Petrov,retail_consumer,none,ZN-000366,London,GB,EMEA,340 Market St,51.448032,-0.009663,2018-10-14,9.0,411.97,4.69,evening,False,,0.338,sofia.petrov578@example.com
CUS-0000872,Hugo Rahman,enterprise,silver,ZN-000324,Rome,IT,EMEA,334 Victoria Way,41.957425,12.612551,2021-05-12,306.0,21926.76,3.52,afternoon,True,12.0,0.255,hugo.rahman962@example.com
CUS-0000873,Viktor Ivanov,retail_consumer,silver,ZN-000084,Manchester,GB,EMEA,92 Church Rd,53.497567,-2.181851,2023-09-26,9.0,704.53,3.65,morning,False,,0.685,viktor.ivanov73@example.com
CUS-0000874,Marcus Muller,smb,bronze,ZN-000143,Delhi,IN,APAC,234 Bridge Sq,28.690735,77.234928,2019-10-28,18.0,388.46,4.05,any,True,,0.328,marcus.muller837@example.com
CUS-0000875,Zara Ivanov,retail_consumer,gold,ZN-000138,Jakarta,ID,APAC,443 Church St,-6.228256,106.965523,2018-08-12,11.0,529.24,3.2,evening,False,,0.095,zara.ivanov573@example.com
CUS-0000876,Marcus Smith,retail_consumer,silver,ZN-000467,Manchester,GB,EMEA,120 Victoria Blvd,53.404766,-2.138648,2023-05-16,14.0,1374.47,3.98,morning,False,,0.1,marcus.smith328@example.com
CUS-0000877,Maria Torres,retail_consumer,bronze,ZN-000297,Krakow,PL,EMEA,347 Oak Sq,50.092907,20.012738,2023-04-05,15.0,694.9,4.7,morning,False,,0.351,maria.torres241@example.com
CUS-0000878,Nikolai Rahman,retail_consumer,platinum,ZN-000099,London,GB,EMEA,418 Oak Ln,51.492625,-0.055741,2021-05-29,4.0,108.34,3.42,afternoon,False,,0.567,nikolai.rahman19@example.com
CUS-0000879,Fatima Bakker,retail_consumer,platinum,ZN-000324,Rome,IT,EMEA,11 Oak Ln,41.968915,12.610393,2023-05-31,2.0,80.65,3.98,any,False,,0.139,fatima.bakker827@example.com
CUS-0000880,Tomas Ali,enterprise,bronze,ZN-000347,Rome,IT,EMEA,432 Park Ave,41.909097,12.471833,2022-03-30,207.0,17377.51,3.8,any,True,12.0,0.351,tomas.ali475@example.com
CUS-0000881,Jun Fernandez,retail_consumer,silver,ZN-000251,Jakarta,ID,APAC,51 Market St,-6.30254,106.823291,2022-12-16,8.0,251.1,4.92,morning,False,,0.425,jun.fernandez702@example.com
CUS-0000882,Mateo Ivanov,retail_consumer,gold,ZN-000103,Shanghai,CN,APAC,331 Harbour Dr,31.216796,121.468282,2022-08-31,42.0,4188.57,3.56,evening,False,,0.537,mateo.ivanov815@example.com
CUS-0000883,Tomas Ivanov,smb,platinum,ZN-000253,Krakow,PL,EMEA,104 Station Way,50.148569,19.993293,2025-04-16,13.0,1058.49,4.86,afternoon,True,,0.284,tomas.ivanov108@example.com
CUS-0000884,Aisha Dubois,marketplace_seller,none,ZN-000143,Delhi,IN,APAC,165 Industrial Ln,28.687701,77.205518,2021-02-01,4.0,204.61,4.81,evening,False,,0.373,aisha.dubois224@example.com
CUS-0000885,Carlos Nakamura,smb,none,ZN-000180,Manchester,GB,EMEA,243 Oak Rd,53.513775,-2.083674,2024-11-26,28.0,858.27,4.1,evening,True,,0.532,carlos.nakamura976@example.com
CUS-0000886,Mateo Moreau,retail_consumer,silver,ZN-000360,Delhi,IN,APAC,351 Harbour Blvd,28.657026,77.066726,2021-03-30,6.0,145.28,4.21,any,False,,0.237,mateo.moreau779@example.com
CUS-0000887,Yuki Sharma,retail_consumer,bronze,ZN-000313,Sao Paulo,BR,LATAM,145 Depot Dr,-23.459591,-46.818665,2019-01-18,11.0,995.43,3.27,morning,False,,0.188,yuki.sharma349@example.com
CUS-0000888,Ivan Sharma,enterprise,silver,ZN-000287,Stockholm,SE,EMEA,241 Elm Rd,59.34927,17.923326,2023-01-09,123.0,6375.89,5.0,any,True,48.0,0.107,ivan.sharma101@example.com
CUS-0000889,Isabella Okafor,public_sector,none,ZN-000412,Osaka,JP,APAC,26 Grove Way,34.698302,135.436359,2019-02-21,14.0,907.84,4.75,evening,True,12.0,0.288,isabella.okafor778@example.com
CUS-0000890,Amara Moreau,retail_consumer,bronze,ZN-000127,Krakow,PL,EMEA,317 Warehouse Way,49.987307,19.981078,2021-02-04,37.0,2581.16,3.98,any,False,,0.45,amara.moreau384@example.com
CUS-0000891,Nadia Dubois,retail_consumer,none,ZN-000271,London,GB,EMEA,200 Kings Sq,51.395221,-0.276847,2018-07-27,5.0,188.81,2.85,morning,False,,0.5,nadia.dubois727@example.com
CUS-0000892,Elena Costa,retail_consumer,gold,ZN-000330,Rome,IT,EMEA,160 Depot Ln,41.915411,12.403725,2020-09-30,8.0,388.0,4.96,morning,False,,0.18,elena.costa325@example.com
CUS-0000893,Chen Ivanov,retail_consumer,none,ZN-000467,Manchester,GB,EMEA,349 Depot Rd,53.394931,-2.208748,2023-10-13,5.0,249.18,5.0,any,False,,0.243,chen.ivanov921@example.com
CUS-0000894,Hugo Fernandez,retail_consumer,none,ZN-000085,Osaka,JP,APAC,81 Depot Rd,34.603377,135.562507,2021-01-14,49.0,2298.23,5.0,morning,False,,0.516,hugo.fernandez428@example.com
CUS-0000895,Marcus Zhang,smb,none,ZN-000019,Krakow,PL,EMEA,117 Depot Sq,50.018913,19.990784,2023-05-19,7.0,582.29,5.0,any,True,,0.188,marcus.zhang998@example.com
CUS-0000896,Alex Novak,retail_consumer,platinum,ZN-000194,Delhi,IN,APAC,149 Pine Sq,28.634173,77.058369,2023-05-24,8.0,182.58,3.32,evening,False,,0.305,alex.novak188@example.com
CUS-0000897,Carlos Lindqvist,retail_consumer,none,ZN-000309,Krakow,PL,EMEA,60 Maple Ave,49.950775,19.663179,2020-01-24,18.0,3153.28,4.77,morning,False,,0.255,carlos.lindqvist340@example.com
CUS-0000898,Elena Rahman,marketplace_seller,silver,ZN-000088,Shanghai,CN,APAC,243 Cedar Ln,31.195857,121.544023,2020-08-02,23.0,3320.29,3.66,any,False,,0.371,elena.rahman893@example.com
CUS-0000899,Omar Novak,enterprise,platinum,ZN-000037,Sao Paulo,BR,LATAM,282 Victoria Blvd,-23.608972,-46.577436,2020-11-24,309.0,6797.89,4.48,afternoon,True,24.0,0.271,omar.novak990@example.com
CUS-0000900,Diego Costa,smb,silver,ZN-000500,Shanghai,CN,APAC,186 Victoria St,31.256133,121.434757,2021-05-16,10.0,319.17,4.12,afternoon,True,,0.628,diego.costa451@example.com
CUS-0000901,Yuki Yilmaz,retail_consumer,platinum,ZN-000226,Delhi,IN,APAC,366 Victoria Ave,28.119865,77.10472,2025-09-01,6.0,195.39,3.98,afternoon,False,,0.203,yuki.yilmaz71@example.com
CUS-0000902,Freya Moreau,smb,bronze,ZN-000032,Manchester,GB,EMEA,253 Oak Dr,53.292675,-1.961525,2025-06-09,37.0,6968.04,3.93,evening,True,,0.322,freya.moreau37@example.com
CUS-0000903,Daniel Rahman,smb,silver,ZN-000091,Shanghai,CN,APAC,19 Warehouse Rd,31.190763,121.415657,2025-05-12,168.0,10295.19,4.9,any,True,,0.328,daniel.rahman448@example.com
CUS-0000904,Peter Kowalski,enterprise,bronze,ZN-000290,Rome,IT,EMEA,470 Elm Blvd,41.932255,12.385296,2020-07-14,277.0,122207.49,2.8,morning,True,48.0,0.132,peter.kowalski694@example.com
CUS-0000905,Nikolai Muller,public_sector,silver,ZN-000326,Shanghai,CN,APAC,138 Grove Dr,31.139413,121.448294,2020-11-19,4.0,222.99,5.0,afternoon,True,48.0,0.388,nikolai.muller187@example.com
CUS-0000906,Jun Yilmaz,smb,none,ZN-000347,Rome,IT,EMEA,150 Union Dr,41.882415,12.49284,2024-11-01,27.0,618.25,3.38,evening,True,,0.159,jun.yilmaz466@example.com
CUS-0000907,Nadia Costa,retail_consumer,none,ZN-000409,Osaka,JP,APAC,29 Harbour Dr,34.724985,135.384778,2023-10-21,11.0,629.65,4.74,evening,False,,0.457,nadia.costa882@example.com
CUS-0000908,Carlos Yilmaz,smb,bronze,ZN-000318,Shanghai,CN,APAC,79 Park Sq,31.155801,121.509578,2024-04-26,21.0,2881.71,3.74,afternoon,True,,0.171,carlos.yilmaz933@example.com
CUS-0000909,Aisha Silva,smb,silver,ZN-000382,Shanghai,CN,APAC,296 Maple Dr,31.215948,121.470893,2022-06-11,28.0,1212.87,4.56,evening,True,,0.263,aisha.silva28@example.com
CUS-0000910,Tomas Rahman,marketplace_seller,none,ZN-000155,Berlin,DE,EMEA,17 Cedar Blvd,52.545516,13.465984,2020-07-23,19.0,884.64,4.33,morning,False,,0.262,tomas.rahman176@example.com
CUS-0000911,Diego Sharma,retail_consumer,platinum,ZN-000036,Shanghai,CN,APAC,26 Bridge Rd,31.2624,121.423459,2024-12-24,13.0,3763.25,4.91,afternoon,False,,0.305,diego.sharma114@example.com
CUS-0000912,Jun Bakker,retail_consumer,gold,ZN-000228,Krakow,PL,EMEA,225 Pine Ln,50.158462,20.15563,2023-10-25,6.0,146.75,2.79,morning,False,,0.086,jun.bakker739@example.com
CUS-0000913,Marcus Sharma,retail_consumer,gold,ZN-000291,Atlanta,US,NA,374 Oak St,33.699339,-84.287072,2021-01-27,8.0,532.0,4.52,evening,False,,0.27,marcus.sharma614@example.com
CUS-0000914,Lucas Nguyen,smb,silver,ZN-000307,Manchester,GB,EMEA,117 Market Sq,53.534269,-2.182232,2018-09-30,37.0,1252.82,4.06,morning,True,,0.365,lucas.nguyen191@example.com
CUS-0000915,Freya Muller,marketplace_seller,bronze,ZN-000274,Sao Paulo,BR,LATAM,392 Depot Blvd,-23.607584,-46.708045,2023-11-14,4.0,1105.81,4.71,any,False,,0.583,freya.muller556@example.com
CUS-0000916,Fatima Bakker,retail_consumer,none,ZN-000174,Jakarta,ID,APAC,95 Maple Way,-6.154946,106.783514,2023-09-16,6.0,896.31,3.96,evening,False,,0.219,fatima.bakker95@example.com
CUS-0000917,Jun Moreau,retail_consumer,bronze,ZN-000293,Shanghai,CN,APAC,198 Riverside Ln,31.138361,121.51508,2018-07-25,10.0,375.77,4.84,evening,False,,0.305,jun.moreau922@example.com
CUS-0000918,Rahul Costa,retail_consumer,silver,ZN-000332,Delhi,IN,APAC,148 Park Ln,28.759718,77.038333,2023-08-09,9.0,276.39,3.65,evening,False,,0.015,rahul.costa852@example.com
CUS-0000919,Leila Ivanov,retail_consumer,none,ZN-000320,Stockholm,SE,EMEA,400 Oak Ave,59.284645,18.217737,2018-10-18,5.0,212.89,4.97,any,False,,0.259,leila.ivanov838@example.com
CUS-0000920,Omar Ivanov,retail_consumer,none,ZN-000309,Krakow,PL,EMEA,34 Market Ln,49.972224,19.602031,2020-05-30,4.0,426.97,4.96,any,False,,0.22,omar.ivanov474@example.com
CUS-0000921,Anna Novak,smb,bronze,ZN-000373,Amsterdam,NL,EMEA,376 Warehouse Rd,52.30267,4.891646,2024-01-16,36.0,1968.69,4.72,afternoon,True,,0.557,anna.novak321@example.com
CUS-0000922,Nikolai Novak,retail_consumer,none,ZN-000077,Krakow,PL,EMEA,53 Park Rd,50.049604,19.886569,2021-04-25,7.0,202.91,3.61,afternoon,False,,0.068,nikolai.novak387@example.com
CUS-0000923,Alex Dubois,retail_consumer,none,ZN-000079,Delhi,IN,APAC,286 Industrial Rd,28.756449,77.110639,2018-09-23,9.0,211.44,1.19,evening,False,,0.414,alex.dubois871@example.com
CUS-0000924,Daniel Muller,retail_consumer,none,ZN-000497,Berlin,DE,EMEA,447 Harbour Blvd,52.440722,13.427562,2019-05-28,29.0,720.5,5.0,evening,False,,0.376,daniel.muller814@example.com
CUS-0000925,Zara Petrov,retail_consumer,silver,ZN-000229,Rome,IT,EMEA,475 Maple Blvd,41.834861,12.520471,2018-02-11,9.0,687.96,4.69,any,False,,0.267,zara.petrov63@example.com
CUS-0000926,Marcus Sharma,smb,silver,ZN-000237,Delhi,IN,APAC,104 Park Ave,28.701828,77.07779,2022-01-20,75.0,5348.18,5.0,morning,True,,0.12,marcus.sharma287@example.com
CUS-0000927,Freya Muller,public_sector,bronze,ZN-000133,Delhi,IN,APAC,309 Depot St,28.589161,77.134967,2023-05-24,4.0,280.66,5.0,morning,True,48.0,0.266,freya.muller916@example.com
CUS-0000928,Zara Dubois,smb,none,ZN-000410,Shanghai,CN,APAC,442 Harbour Rd,31.27238,121.421489,2018-04-25,7.0,321.2,4.12,afternoon,True,,0.273,zara.dubois5@example.com
CUS-0000929,Freya Costa,retail_consumer,gold,ZN-000064,Atlanta,US,NA,150 Kings Rd,33.814831,-84.437683,2024-06-19,4.0,116.78,5.0,evening,False,,0.417,freya.costa685@example.com
CUS-0000930,Anna Torres,retail_consumer,none,ZN-000107,London,GB,EMEA,246 Station Dr,51.534083,-0.070235,2025-06-03,10.0,321.6,5.0,morning,False,,0.214,anna.torres517@example.com
CUS-0000931,Mateo Kowalski,retail_consumer,bronze,ZN-000138,Jakarta,ID,APAC,28 Church St,-6.236408,106.92377,2024-06-06,7.0,574.48,5.0,afternoon,False,,0.357,mateo.kowalski257@example.com
CUS-0000932,Alex Garcia,retail_consumer,gold,ZN-000006,London,GB,EMEA,189 Cedar Ln,51.546754,-0.160528,2021-05-18,27.0,1012.7,4.58,evening,False,,0.129,alex.garcia698@example.com
CUS-0000933,Chen Dubois,retail_consumer,none,ZN-000085,Osaka,JP,APAC,230 Cedar Ln,34.604586,135.557613,2024-06-21,5.0,193.83,4.09,afternoon,False,,0.074,chen.dubois973@example.com
CUS-0000934,Mateo Lindqvist,smb,gold,ZN-000139,Atlanta,US,NA,109 Bridge Ave,33.73819,-84.443957,2022-11-14,21.0,1218.09,3.88,afternoon,True,,0.244,mateo.lindqvist330@example.com
CUS-0000935,Hugo Nakamura,enterprise,none,ZN-000493,Krakow,PL,EMEA,162 Central Dr,50.006875,19.877696,2019-02-23,343.0,27391.92,5.0,morning,True,24.0,0.267,hugo.nakamura174@example.com
CUS-0000936,Ivan Brown,retail_consumer,none,ZN-000374,Delhi,IN,APAC,116 Cedar Dr,28.685781,77.056222,2024-06-27,15.0,1551.17,3.7,morning,False,,0.188,ivan.brown767@example.com
CUS-0000937,Marcus Nakamura,public_sector,platinum,ZN-000324,Rome,IT,EMEA,149 Church Dr,41.966769,12.579487,2020-10-02,7.0,106.14,2.72,afternoon,True,12.0,0.334,marcus.nakamura842@example.com
CUS-0000938,Viktor Ali,retail_consumer,silver,ZN-000331,Shanghai,CN,APAC,193 Station Sq,31.136805,121.549391,2023-07-09,10.0,430.55,3.09,afternoon,False,,0.457,viktor.ali669@example.com
CUS-0000939,Priya Nakamura,retail_consumer,platinum,ZN-000094,Mexico City,MX,LATAM,467 Maple Rd,19.526241,-99.130588,2024-01-27,18.0,649.76,3.03,any,False,,0.312,priya.nakamura907@example.com
CUS-0000940,Omar Dubois,retail_consumer,gold,ZN-000029,Mexico City,MX,LATAM,16 Riverside Rd,19.337364,-99.096564,2018-02-25,19.0,1081.72,4.58,any,False,,0.0,omar.dubois883@example.com
CUS-0000941,Nadia Lindqvist,retail_consumer,gold,ZN-000449,Stockholm,SE,EMEA,285 Cedar Dr,59.286496,18.027048,2018-05-11,58.0,1400.11,2.74,morning,False,,0.238,nadia.lindqvist855@example.com
CUS-0000942,Fatima Fernandez,enterprise,none,ZN-000267,Rome,IT,EMEA,124 Maple Dr,41.797958,12.224611,2021-12-25,573.0,28121.18,3.74,any,True,24.0,0.521,fatima.fernandez965@example.com
CUS-0000943,Nikolai Brown,marketplace_seller,bronze,ZN-000361,Delhi,IN,APAC,458 Grove Sq,28.699977,76.990716,2020-07-20,11.0,1086.7,4.64,any,False,,0.09,nikolai.brown528@example.com
CUS-0000944,Aisha Garcia,retail_consumer,silver,ZN-000349,London,GB,EMEA,357 Station Ln,51.445464,-0.109956,2019-04-04,17.0,1061.73,5.0,afternoon,False,,0.173,aisha.garcia550@example.com
CUS-0000945,Ivan Yilmaz,public_sector,none,ZN-000274,Sao Paulo,BR,LATAM,151 Oak St,-23.611374,-46.685879,2023-07-01,7.0,389.01,2.03,morning,True,12.0,0.399,ivan.yilmaz490@example.com
CUS-0000946,Peter Sharma,retail_consumer,bronze,ZN-000182,Manchester,GB,EMEA,128 Union Ave,53.470745,-2.595227,2021-03-24,11.0,256.56,4.96,any,False,,0.247,peter.sharma706@example.com
CUS-0000947,Ivan Muller,smb,none,ZN-000360,Delhi,IN,APAC,168 Maple Sq,28.680228,77.064443,2020-02-06,58.0,3267.18,3.2,afternoon,True,,0.43,ivan.muller652@example.com
CUS-0000948,Marcus Fernandez,retail_consumer,none,ZN-000075,Krakow,PL,EMEA,297 Depot Way,50.08207,19.845848,2020-11-30,3.0,516.27,3.76,evening,False,,0.673,marcus.fernandez708@example.com
CUS-0000949,Viktor Sharma,smb,none,ZN-000281,Mexico City,MX,LATAM,231 Bridge Way,19.448335,-99.250935,2020-12-11,10.0,584.73,4.26,morning,True,,0.468,viktor.sharma697@example.com
CUS-0000950,Aisha Kim,retail_consumer,none,ZN-000114,London,GB,EMEA,226 Market Dr,51.83997,-0.6962,2022-10-22,19.0,457.63,3.84,evening,False,,0.301,aisha.kim15@example.com
CUS-0000951,Carlos Silva,retail_consumer,none,ZN-000271,London,GB,EMEA,29 Oak Way,51.418702,-0.269473,2020-10-29,3.0,73.63,4.71,evening,False,,0.281,carlos.silva427@example.com
CUS-0000952,Peter Ali,retail_consumer,bronze,ZN-000128,Shanghai,CN,APAC,71 Station Way,31.287856,121.442336,2018-04-30,2.0,55.15,2.67,any,False,,0.547,peter.ali448@example.com
CUS-0000953,Jun Weber,retail_consumer,none,ZN-000269,Mexico City,MX,LATAM,95 Harbour Rd,19.499459,-99.096696,2022-05-24,9.0,383.68,4.51,afternoon,False,,0.161,jun.weber427@example.com
CUS-0000954,Amara Garcia,retail_consumer,gold,ZN-000118,London,GB,EMEA,17 Cedar Dr,51.557059,-0.00736,2023-05-06,4.0,408.09,3.47,morning,False,,0.276,amara.garcia658@example.com
CUS-0000955,Grace Kowalski,retail_consumer,silver,ZN-000417,London,GB,EMEA,161 Depot Rd,51.527242,-0.086401,2019-02-22,12.0,1836.11,4.47,any,False,,0.053,grace.kowalski612@example.com
CUS-0000956,Marcus Kim,smb,bronze,ZN-000269,Mexico City,MX,LATAM,217 Cedar Rd,19.461964,-99.119164,2021-12-16,19.0,433.71,2.95,morning,True,,0.385,marcus.kim564@example.com
CUS-0000957,Yuki Zhang,retail_consumer,none,ZN-000120,Rome,IT,EMEA,266 Riverside Ave,41.823874,12.453237,2022-10-14,10.0,1845.05,5.0,evening,False,,0.468,yuki.zhang103@example.com
CUS-0000958,Leila Dubois,retail_consumer,silver,ZN-000401,Krakow,PL,EMEA,12 Elm Sq,50.123422,20.188573,2019-08-05,19.0,1177.14,4.21,afternoon,False,,0.421,leila.dubois371@example.com
CUS-0000959,Elena Lindqvist,retail_consumer,bronze,ZN-000468,Krakow,PL,EMEA,80 Kings Ln,49.982974,19.938372,2020-08-17,14.0,640.41,3.7,morning,False,,0.0,elena.lindqvist569@example.com
CUS-0000960,Diego Okafor,smb,bronze,ZN-000407,Bengaluru,IN,APAC,96 Station Way,12.970459,77.240866,2018-08-25,12.0,583.77,4.25,afternoon,True,,0.088,diego.okafor525@example.com
CUS-0000961,Ivan Kowalski,retail_consumer,none,ZN-000326,Shanghai,CN,APAC,138 Pine Way,31.144952,121.456805,2020-10-19,10.0,568.27,5.0,evening,False,,0.081,ivan.kowalski108@example.com
CUS-0000962,Nadia Sharma,retail_consumer,none,ZN-000345,Stockholm,SE,EMEA,362 Warehouse St,59.402507,18.002534,2020-04-06,34.0,792.51,3.82,any,False,,0.442,nadia.sharma118@example.com
CUS-0000963,Jun Rahman,retail_consumer,none,ZN-000497,Berlin,DE,EMEA,189 Cedar Ave,52.458627,13.417762,2019-02-23,15.0,1418.91,3.99,any,False,,0.289,jun.rahman805@example.com
CUS-0000964,Fatima Bakker,retail_consumer,none,ZN-000187,Atlanta,US,NA,445 Warehouse Ave,33.749588,-84.044297,2023-07-28,23.0,3051.08,4.0,morning,False,,0.286,fatima.bakker834@example.com
CUS-0000965,Amara Okafor,public_sector,gold,ZN-000368,Delhi,IN,APAC,457 Victoria Blvd,28.657328,77.1866,2018-01-13,14.0,648.98,3.57,afternoon,True,48.0,0.245,amara.okafor453@example.com
CUS-0000966,Carlos Brown,retail_consumer,platinum,ZN-000335,Krakow,PL,EMEA,385 Central Ave,50.071911,19.991673,2022-08-13,4.0,400.96,3.59,any,False,,0.373,carlos.brown192@example.com
CUS-0000967,Ivan Novak,smb,silver,ZN-000119,Manchester,GB,EMEA,309 Cedar Ln,53.544022,-2.396272,2025-10-14,11.0,620.07,5.0,afternoon,True,,0.133,ivan.novak549@example.com
CUS-0000968,Peter Smith,smb,bronze,ZN-000326,Shanghai,CN,APAC,14 Riverside Ln,31.168613,121.440426,2020-03-21,44.0,1132.23,4.37,afternoon,True,,0.296,peter.smith772@example.com
CUS-0000969,Hugo Garcia,smb,gold,ZN-000404,Berlin,DE,EMEA,14 Park Sq,52.288883,13.327386,2019-09-14,11.0,578.59,3.73,any,True,,0.113,hugo.garcia912@example.com
CUS-0000970,Freya Brown,smb,silver,ZN-000421,Shanghai,CN,APAC,10 Maple Blvd,31.155825,121.433349,2018-01-13,21.0,1063.12,3.62,morning,True,,0.468,freya.brown811@example.com
CUS-0000971,Amara Fernandez,enterprise,none,ZN-000078,Berlin,DE,EMEA,421 Grove Dr,52.55526,13.349687,2022-06-18,815.0,87723.44,4.34,morning,True,24.0,0.174,amara.fernandez640@example.com
CUS-0000972,Yuki Rahman,smb,silver,ZN-000469,Rome,IT,EMEA,282 Cedar Ln,41.914075,12.418487,2019-07-20,19.0,1412.29,3.85,evening,True,,0.205,yuki.rahman935@example.com
CUS-0000973,Yuki Zhang,public_sector,bronze,ZN-000002,Krakow,PL,EMEA,287 Cedar Sq,50.130873,19.904111,2023-02-21,45.0,3462.21,3.88,evening,True,48.0,0.423,yuki.zhang828@example.com
CUS-0000974,Amara Petrov,enterprise,silver,ZN-000060,Delhi,IN,APAC,371 Union Ave,28.653072,77.090807,2018-03-05,574.0,33819.71,5.0,morning,True,12.0,0.211,amara.petrov771@example.com
CUS-0000975,Leila Ali,retail_consumer,bronze,ZN-000054,Osaka,JP,APAC,268 Warehouse Blvd,34.659947,135.443799,2023-03-21,9.0,725.54,3.76,afternoon,False,,0.211,leila.ali178@example.com
CUS-0000976,Aisha Sharma,public_sector,none,ZN-000185,Delhi,IN,APAC,262 Warehouse Ln,28.638614,77.05773,2023-08-25,6.0,793.17,5.0,any,True,12.0,0.408,aisha.sharma962@example.com
CUS-0000977,Tomas Torres,smb,none,ZN-000262,Shanghai,CN,APAC,30 Central Way,31.24667,121.383151,2024-01-12,37.0,2406.51,3.38,any,True,,0.043,tomas.torres326@example.com
CUS-0000978,Aisha Ali,retail_consumer,bronze,ZN-000432,Atlanta,US,NA,194 Depot Sq,33.807959,-84.331787,2025-10-01,7.0,345.31,4.09,any,False,,0.148,aisha.ali695@example.com
CUS-0000979,Peter Weber,retail_consumer,platinum,ZN-000197,Atlanta,US,NA,404 Kings Sq,33.78277,-84.385213,2025-10-19,10.0,3225.45,3.63,any,False,,0.21,peter.weber780@example.com
CUS-0000980,Marcus Zhang,retail_consumer,gold,ZN-000464,Osaka,JP,APAC,214 Central Way,34.237183,135.016715,2018-07-09,4.0,234.24,3.5,evening,False,,0.422,marcus.zhang493@example.com
CUS-0000981,Isabella Muller,retail_consumer,none,ZN-000377,Bengaluru,IN,APAC,201 Depot Way,12.98589,77.636919,2025-11-29,9.0,872.87,3.99,afternoon,False,,0.586,isabella.muller734@example.com
CUS-0000982,Viktor Brown,retail_consumer,none,ZN-000113,Amsterdam,NL,EMEA,19 Warehouse Way,52.285126,4.792278,2019-04-27,6.0,205.53,4.81,afternoon,False,,0.046,viktor.brown407@example.com
CUS-0000983,Viktor Petrov,public_sector,none,ZN-000358,London,GB,EMEA,446 Kings Sq,51.562811,-0.07002,2023-02-20,6.0,411.82,4.3,evening,True,24.0,0.312,viktor.petrov773@example.com
CUS-0000984,Amara Moreau,smb,none,ZN-000425,Rome,IT,EMEA,7 Pine Blvd,41.875007,12.549153,2022-05-19,31.0,2009.58,4.61,any,True,,0.354,amara.moreau629@example.com
CUS-0000985,Fatima Dubois,enterprise,gold,ZN-000352,Los Angeles,US,NA,418 Bridge Sq,34.050873,-118.303888,2020-10-21,1538.0,99780.36,4.66,any,True,12.0,0.207,fatima.dubois320@example.com
CUS-0000986,Rahul Brown,smb,silver,ZN-000292,Krakow,PL,EMEA,158 Station St,50.364734,19.161771,2018-10-19,77.0,6562.96,3.93,any,True,,0.073,rahul.brown751@example.com
CUS-0000987,Freya Torres,retail_consumer,bronze,ZN-000335,Krakow,PL,EMEA,14 Maple Blvd,50.058319,19.989611,2022-01-05,7.0,219.68,3.83,evening,False,,0.461,freya.torres587@example.com
CUS-0000988,Freya Hansen,public_sector,none,ZN-000161,Delhi,IN,APAC,452 Victoria Way,28.757122,77.168567,2023-05-13,39.0,1641.61,3.47,morning,True,12.0,0.033,freya.hansen630@example.com
CUS-0000989,Maria Kim,retail_consumer,none,ZN-000148,Shanghai,CN,APAC,443 Industrial St,31.224318,121.361222,2021-06-07,14.0,689.86,5.0,evening,False,,0.141,maria.kim258@example.com
CUS-0000990,Peter Rossi,retail_consumer,bronze,ZN-000116,Delhi,IN,APAC,94 Harbour St,28.699572,77.129618,2021-08-25,3.0,263.17,4.91,evening,False,,0.162,peter.rossi432@example.com
CUS-0000991,Grace Rahman,retail_consumer,gold,ZN-000134,Berlin,DE,EMEA,414 Elm Way,52.892806,13.898321,2025-10-25,5.0,773.86,5.0,evening,False,,0.484,grace.rahman931@example.com
CUS-0000992,Leila Garcia,retail_consumer,silver,ZN-000343,Mexico City,MX,LATAM,221 Kings St,19.440274,-99.075887,2020-05-20,45.0,2197.02,3.64,any,False,,0.523,leila.garcia282@example.com
CUS-0000993,Mateo Ivanov,retail_consumer,none,ZN-000340,London,GB,EMEA,99 Grove Sq,51.515156,-0.055018,2022-02-24,8.0,247.4,3.82,any,False,,0.21,mateo.ivanov949@example.com
CUS-0000994,Grace Sharma,retail_consumer,silver,ZN-000031,Rome,IT,EMEA,342 Central Blvd,41.7838,11.932882,2024-02-03,5.0,160.15,4.91,afternoon,False,,0.572,grace.sharma537@example.com
CUS-0000995,Priya Torres,enterprise,none,ZN-000117,London,GB,EMEA,327 Station Ln,51.431762,-0.072143,2022-06-03,42.0,2927.31,4.33,afternoon,True,12.0,0.274,priya.torres382@example.com
CUS-0000996,Anna Kowalski,smb,none,ZN-000304,Rome,IT,EMEA,278 Riverside Blvd,41.921792,12.580489,2020-09-25,61.0,10076.0,4.83,evening,True,,0.461,anna.kowalski406@example.com
CUS-0000997,Freya Kim,marketplace_seller,gold,ZN-000073,Amsterdam,NL,EMEA,91 Victoria Rd,52.298455,4.77227,2024-02-03,31.0,765.57,4.26,afternoon,False,,0.397,freya.kim622@example.com
CUS-0000998,Jun Yilmaz,retail_consumer,bronze,ZN-000142,Manchester,GB,EMEA,433 Park St,53.213479,-2.302759,2022-02-14,13.0,716.23,3.73,afternoon,False,,0.054,jun.yilmaz934@example.com
CUS-0000999,Priya Yilmaz,retail_consumer,none,ZN-000421,Shanghai,CN,APAC,162 Central Ave,31.167442,121.462789,2021-07-31,13.0,814.16,4.01,evening,False,,0.262,priya.yilmaz730@example.com
CUS-0001000,Carlos Silva,smb,gold,ZN-000401,Krakow,PL,EMEA,113 Harbour St,50.096994,20.184891,2025-01-14,12.0,281.11,4.98,any,True,,0.088,carlos.silva680@example.com
CUS-0001001,Mateo Brown,smb,silver,ZN-000455,London,GB,EMEA,451 Central Rd,51.182732,-0.168029,2023-06-06,22.0,1709.39,3.66,any,True,,0.435,mateo.brown347@example.com
CUS-0001002,Freya Kim,smb,none,ZN-000081,Berlin,DE,EMEA,192 Riverside Blvd,52.503086,13.53455,2018-09-03,9.0,334.91,5.0,morning,True,,0.338,freya.kim601@example.com
CUS-0001003,Viktor Rahman,retail_consumer,bronze,ZN-000125,London,GB,EMEA,33 Market Ave,51.455617,-0.176126,2019-10-12,31.0,2813.72,4.89,afternoon,False,,0.03,viktor.rahman315@example.com
CUS-0001004,Yuki Costa,retail_consumer,bronze,ZN-000138,Jakarta,ID,APAC,396 Harbour Blvd,-6.231632,106.929766,2022-02-27,15.0,2491.41,4.04,morning,False,,0.138,yuki.costa648@example.com
CUS-0001005,Leila Kim,retail_consumer,gold,ZN-000003,London,GB,EMEA,43 Elm Sq,51.52329,-0.084225,2019-01-21,77.0,5768.93,4.62,any,False,,0.673,leila.kim466@example.com
CUS-0001006,Hugo Kim,retail_consumer,none,ZN-000039,Osaka,JP,APAC,292 Grove Blvd,34.761064,135.553185,2019-09-15,4.0,196.39,4.66,afternoon,False,,0.221,hugo.kim958@example.com
CUS-0001007,Chen Muller,retail_consumer,silver,ZN-000205,Rome,IT,EMEA,406 Warehouse Ave,41.947969,12.384762,2023-11-08,31.0,2053.11,3.99,afternoon,False,,0.1,chen.muller927@example.com
CUS-0001008,Leila Rossi,retail_consumer,bronze,ZN-000492,Krakow,PL,EMEA,96 Harbour Rd,50.02799,19.852603,2023-08-10,6.0,139.97,3.11,morning,False,,0.506,leila.rossi826@example.com
CUS-0001009,Omar Dubois,enterprise,platinum,ZN-000209,Sao Paulo,BR,LATAM,340 Pine Sq,-23.39774,-46.966143,2023-09-29,79.0,6665.29,5.0,any,True,48.0,0.324,omar.dubois592@example.com
CUS-0001010,Lucas Dubois,smb,platinum,ZN-000290,Rome,IT,EMEA,311 Pine Sq,41.942676,12.365576,2021-03-18,103.0,16765.16,3.52,evening,True,,0.0,lucas.dubois917@example.com
CUS-0001011,Rahul Brown,retail_consumer,gold,ZN-000496,Osaka,JP,APAC,387 Kings Sq,34.633781,135.498511,2020-03-31,3.0,151.62,5.0,any,False,,0.621,rahul.brown202@example.com
CUS-0001012,Jun Rahman,retail_consumer,bronze,ZN-000448,Rome,IT,EMEA,174 Depot Ln,41.842116,12.403838,2019-05-12,8.0,306.78,3.78,evening,False,,0.294,jun.rahman704@example.com
CUS-0001013,Marcus Novak,retail_consumer,gold,ZN-000468,Krakow,PL,EMEA,172 Bridge Blvd,49.986323,19.95061,2023-05-28,9.0,3213.17,3.57,afternoon,False,,0.304,marcus.novak502@example.com
CUS-0001014,Anna Novak,retail_consumer,bronze,ZN-000424,Mexico City,MX,LATAM,95 Park Blvd,19.503124,-99.111644,2022-10-05,5.0,449.24,3.57,evening,False,,0.156,anna.novak176@example.com
CUS-0001015,Carlos Weber,retail_consumer,silver,ZN-000013,Delhi,IN,APAC,52 Union Rd,28.835147,77.327428,2025-08-30,3.0,387.13,4.49,evening,False,,0.322,carlos.weber874@example.com
CUS-0001016,Zara Yilmaz,marketplace_seller,bronze,ZN-000200,London,GB,EMEA,470 Harbour Sq,51.431339,-0.197949,2020-01-17,9.0,546.98,4.01,afternoon,False,,0.434,zara.yilmaz161@example.com
CUS-0001017,Peter Zhang,retail_consumer,none,ZN-000093,Sao Paulo,BR,LATAM,466 Oak St,-23.58389,-46.549093,2023-10-29,5.0,381.91,3.23,afternoon,False,,0.205,peter.zhang723@example.com
CUS-0001018,Priya Garcia,public_sector,gold,ZN-000424,Mexico City,MX,LATAM,136 Church St,19.490303,-99.149557,2022-10-13,31.0,1617.65,3.41,afternoon,True,12.0,0.359,priya.garcia772@example.com
CUS-0001019,Diego Costa,enterprise,none,ZN-000412,Osaka,JP,APAC,208 Bridge St,34.718684,135.479108,2021-02-05,245.0,7604.97,3.83,any,True,48.0,0.363,diego.costa546@example.com
CUS-0001020,Grace Muller,retail_consumer,none,ZN-000428,London,GB,EMEA,192 Market Way,51.425173,-0.066632,2025-11-14,3.0,88.15,4.57,afternoon,False,,0.162,grace.muller611@example.com
CUS-0001021,Peter Lindqvist,marketplace_seller,none,ZN-000338,Manchester,GB,EMEA,116 Union Blvd,53.569758,-2.3346,2024-01-06,7.0,289.9,3.57,any,False,,0.307,peter.lindqvist155@example.com
CUS-0001022,Marcus Muller,retail_consumer,none,ZN-000216,Stockholm,SE,EMEA,64 Bridge Way,59.221485,17.870778,2024-09-13,21.0,1223.49,3.27,evening,False,,0.337,marcus.muller985@example.com
CUS-0001023,Maria Fernandez,retail_consumer,gold,ZN-000188,Manchester,GB,EMEA,137 Oak Blvd,53.454997,-2.508298,2024-02-08,16.0,324.17,2.71,evening,False,,0.318,maria.fernandez641@example.com
CUS-0001024,Peter Lindqvist,retail_consumer,none,ZN-000454,Delhi,IN,APAC,330 Oak St,28.774159,77.063665,2025-10-30,97.0,5571.09,3.85,any,False,,0.353,peter.lindqvist449@example.com
CUS-0001025,Chen Fernandez,public_sector,silver,ZN-000434,Rome,IT,EMEA,377 Depot Rd,41.939795,12.525238,2018-07-04,13.0,913.84,5.0,morning,True,24.0,0.0,chen.fernandez527@example.com
CUS-0001026,Aisha Kowalski,smb,gold,ZN-000177,Shanghai,CN,APAC,241 Harbour St,31.223055,121.462862,2019-07-21,24.0,537.29,5.0,evening,True,,0.559,aisha.kowalski623@example.com
CUS-0001027,Aisha Rossi,marketplace_seller,bronze,ZN-000242,Atlanta,US,NA,92 Kings Blvd,33.788005,-84.482118,2023-06-16,2.0,140.58,2.73,afternoon,False,,0.403,aisha.rossi415@example.com
CUS-0001028,Chen Torres,retail_consumer,bronze,ZN-000448,Rome,IT,EMEA,198 Harbour Rd,41.821986,12.414919,2018-09-19,9.0,1936.25,3.59,evening,False,,0.542,chen.torres265@example.com
CUS-0001029,Zara Dubois,retail_consumer,bronze,ZN-000359,Jakarta,ID,APAC,59 Depot Ave,-6.148641,106.92957,2019-03-13,6.0,277.83,3.01,afternoon,False,,0.257,zara.dubois959@example.com
CUS-0001030,Rahul Yilmaz,enterprise,none,ZN-000385,Krakow,PL,EMEA,194 Grove Blvd,50.177252,20.025824,2021-03-08,183.0,8801.11,3.11,any,True,24.0,0.441,rahul.yilmaz695@example.com
CUS-0001031,Mateo Garcia,retail_consumer,none,ZN-000092,London,GB,EMEA,268 Pine Blvd,51.546067,-0.194873,2018-04-10,5.0,179.92,5.0,any,False,,0.0,mateo.garcia95@example.com
CUS-0001032,Peter Smith,smb,gold,ZN-000178,Bengaluru,IN,APAC,207 Victoria Blvd,12.964778,77.508621,2021-09-16,30.0,908.85,4.72,morning,True,,0.53,peter.smith925@example.com
CUS-0001033,Nadia Muller,retail_consumer,gold,ZN-000303,Rome,IT,EMEA,361 Central Dr,41.999589,12.507965,2024-04-16,6.0,434.41,2.37,afternoon,False,,0.313,nadia.muller600@example.com
CUS-0001034,Lucas Nakamura,retail_consumer,platinum,ZN-000047,Jakarta,ID,APAC,133 Harbour Ln,-6.117046,106.839804,2019-11-12,7.0,336.37,3.99,any,False,,0.535,lucas.nakamura467@example.com
CUS-0001035,Yuki Weber,retail_consumer,gold,ZN-000320,Stockholm,SE,EMEA,288 Station Sq,59.29641,18.200565,2018-08-12,20.0,551.45,3.92,any,False,,0.207,yuki.weber914@example.com
CUS-0001036,Lucas Torres,retail_consumer,none,ZN-000403,Atlanta,US,NA,393 Cedar Ave,33.920772,-84.446176,2023-05-28,3.0,192.32,4.36,any,False,,0.314,lucas.torres945@example.com
CUS-0001037,Lucas Hansen,enterprise,silver,ZN-000075,Krakow,PL,EMEA,179 Warehouse Blvd,50.078558,19.876237,2021-08-15,89.0,8433.76,3.38,evening,True,48.0,0.42,lucas.hansen980@example.com
CUS-0001038,Isabella Nakamura,smb,silver,ZN-000312,Delhi,IN,APAC,205 Elm Ave,28.72818,77.067298,2020-09-09,17.0,920.0,3.35,any,True,,0.177,isabella.nakamura452@example.com
CUS-0001039,Nikolai Muller,public_sector,none,ZN-000284,Bengaluru,IN,APAC,436 Victoria Rd,13.029922,77.55133,2018-02-05,3.0,221.16,5.0,any,True,12.0,0.52,nikolai.muller810@example.com
CUS-0001040,Grace Novak,retail_consumer,bronze,ZN-000344,Bengaluru,IN,APAC,271 Park Rd,13.042373,77.659404,2024-11-04,7.0,265.04,4.57,morning,False,,0.125,grace.novak335@example.com
CUS-0001041,Ivan Sharma,smb,silver,ZN-000253,Krakow,PL,EMEA,371 Oak St,50.130298,20.017292,2023-02-25,66.0,4695.5,4.34,evening,True,,0.531,ivan.sharma753@example.com
CUS-0001042,Alex Novak,smb,none,ZN-000106,Atlanta,US,NA,93 Pine Ln,33.746848,-84.446491,2022-12-24,17.0,681.8,4.12,any,True,,0.449,alex.novak173@example.com
CUS-0001043,Sofia Kim,retail_consumer,bronze,ZN-000436,Mexico City,MX,LATAM,290 Grove St,19.781735,-98.72229,2020-07-19,20.0,314.16,4.51,evening,False,,0.116,sofia.kim419@example.com
CUS-0001044,Carlos Petrov,marketplace_seller,bronze,ZN-000269,Mexico City,MX,LATAM,63 Market St,19.476786,-99.121626,2018-11-21,7.0,803.92,5.0,afternoon,False,,0.345,carlos.petrov383@example.com
CUS-0001045,Leila Muller,enterprise,silver,ZN-000041,Berlin,DE,EMEA,477 Maple Ln,52.49628,13.206532,2024-12-13,448.0,21438.94,4.55,any,True,24.0,0.061,leila.muller191@example.com
CUS-0001046,Isabella Okafor,retail_consumer,bronze,ZN-000172,Jakarta,ID,APAC,374 Oak Sq,-6.139166,106.811634,2019-09-19,2.0,76.61,4.3,any,False,,0.502,isabella.okafor54@example.com
CUS-0001047,Zara Muller,retail_consumer,none,ZN-000049,Stockholm,SE,EMEA,293 Oak Sq,59.266911,18.18854,2023-07-02,4.0,563.63,4.22,any,False,,0.073,zara.muller880@example.com
CUS-0001048,Peter Lindqvist,enterprise,bronze,ZN-000353,London,GB,EMEA,330 Maple Way,51.460447,-0.17053,2023-08-03,184.0,5466.11,5.0,any,True,12.0,0.327,peter.lindqvist405@example.com
CUS-0001049,Elena Nakamura,public_sector,bronze,ZN-000197,Atlanta,US,NA,139 Market St,33.786831,-84.381029,2023-01-13,5.0,219.57,3.0,evening,True,48.0,0.064,elena.nakamura444@example.com
CUS-0001050,Hugo Kim,smb,none,ZN-000109,Atlanta,US,NA,334 Maple St,33.957979,-84.355597,2021-06-07,67.0,3133.62,3.77,morning,True,,0.0,hugo.kim726@example.com
CUS-0001051,Viktor Moreau,enterprise,platinum,ZN-000261,Shanghai,CN,APAC,416 Kings Ave,31.256673,121.401212,2020-03-03,793.0,12906.76,5.0,any,True,12.0,0.173,viktor.moreau188@example.com
CUS-0001052,Freya Okafor,enterprise,gold,ZN-000357,Sao Paulo,BR,LATAM,57 Central Rd,-23.571971,-46.62683,2025-03-10,202.0,9177.33,4.98,afternoon,True,24.0,0.408,freya.okafor688@example.com
CUS-0001053,Fatima Garcia,retail_consumer,bronze,ZN-000257,London,GB,EMEA,44 Warehouse Dr,51.58584,-0.189388,2019-02-15,10.0,913.1,2.9,afternoon,False,,0.359,fatima.garcia399@example.com
CUS-0001054,Mateo Yilmaz,enterprise,gold,ZN-000237,Delhi,IN,APAC,19 Station Ln,28.711616,77.089269,2023-07-25,213.0,5603.25,3.31,morning,True,12.0,0.514,mateo.yilmaz481@example.com
CUS-0001055,Alex Costa,smb,platinum,ZN-000094,Mexico City,MX,LATAM,432 Elm Ln,19.482999,-99.124382,2021-09-22,38.0,3284.71,3.5,evening,True,,0.084,alex.costa57@example.com
CUS-0001056,Jun Smith,retail_consumer,gold,ZN-000217,Rome,IT,EMEA,139 Elm Rd,41.975579,12.540051,2018-04-12,5.0,164.86,3.51,morning,False,,0.174,jun.smith728@example.com
CUS-0001057,Zara Sharma,enterprise,silver,ZN-000207,Berlin,DE,EMEA,119 Cedar Sq,52.618644,13.424321,2022-11-21,79.0,8563.12,3.34,any,True,48.0,0.066,zara.sharma412@example.com
CUS-0001058,Jun Nakamura,retail_consumer,none,ZN-000379,Shanghai,CN,APAC,62 Kings Blvd,31.297337,121.433062,2024-03-24,25.0,771.44,3.74,any,False,,0.607,jun.nakamura615@example.com
CUS-0001059,Aisha Costa,smb,none,ZN-000248,Mexico City,MX,LATAM,47 Elm Blvd,19.451342,-99.05271,2018-02-16,40.0,2132.41,4.51,any,True,,0.142,aisha.costa631@example.com
CUS-0001060,Amara Ivanov,enterprise,none,ZN-000370,Rome,IT,EMEA,365 Union Blvd,41.997957,12.5605,2020-03-22,381.0,40117.02,4.19,any,True,24.0,0.366,amara.ivanov596@example.com
CUS-0001061,Elena Ali,retail_consumer,gold,ZN-000298,Bengaluru,IN,APAC,75 Park Dr,13.16098,77.717825,2024-06-07,7.0,1804.8,4.16,any,False,,0.166,elena.ali96@example.com
CUS-0001062,Leila Petrov,smb,gold,ZN-000276,Delhi,IN,APAC,317 Pine Rd,28.697496,77.116443,2019-06-30,8.0,499.4,2.79,afternoon,True,,0.462,leila.petrov476@example.com
CUS-0001063,Diego Zhang,marketplace_seller,none,ZN-000412,Osaka,JP,APAC,154 Station Ln,34.678457,135.456834,2019-03-21,7.0,252.07,3.41,morning,False,,0.4,diego.zhang242@example.com
CUS-0001064,Isabella Torres,retail_consumer,silver,ZN-000441,Mexico City,MX,LATAM,30 Victoria Ln,19.49452,-99.154611,2018-08-30,14.0,460.57,3.67,afternoon,False,,0.537,isabella.torres997@example.com
CUS-0001065,Nadia Yilmaz,enterprise,none,ZN-000062,London,GB,EMEA,309 Market Blvd,51.477526,-0.023741,2024-08-30,412.0,58698.94,3.31,afternoon,True,12.0,0.221,nadia.yilmaz504@example.com
CUS-0001066,Peter Sharma,retail_consumer,gold,ZN-000361,Delhi,IN,APAC,347 Elm Ave,28.69582,77.043842,2020-09-21,16.0,609.62,4.85,any,False,,0.349,peter.sharma988@example.com
CUS-0001067,Maria Yilmaz,retail_consumer,bronze,ZN-000432,Atlanta,US,NA,375 Kings Way,33.792413,-84.299023,2024-07-07,1.0,42.33,4.96,afternoon,False,,0.399,maria.yilmaz19@example.com
CUS-0001068,Sofia Kowalski,smb,none,ZN-000353,London,GB,EMEA,477 Elm Sq,51.461024,-0.205524,2021-09-26,27.0,3303.35,4.4,evening,True,,0.165,sofia.kowalski988@example.com
CUS-0001069,Amara Torres,enterprise,gold,ZN-000475,London,GB,EMEA,355 Riverside Sq,51.525907,-0.069966,2024-08-15,653.0,36336.65,4.19,morning,True,48.0,0.274,amara.torres24@example.com
CUS-0001070,Carlos Costa,retail_consumer,none,ZN-000175,Los Angeles,US,NA,280 Union Sq,34.09219,-118.025088,2020-04-04,15.0,900.2,4.1,afternoon,False,,0.233,carlos.costa375@example.com
CUS-0001071,Omar Nguyen,smb,none,ZN-000295,London,GB,EMEA,460 Victoria Ave,51.167218,-0.147899,2021-12-18,37.0,923.65,2.69,evening,True,,0.436,omar.nguyen972@example.com
CUS-0001072,Fatima Yilmaz,enterprise,none,ZN-000366,London,GB,EMEA,311 Bridge Dr,51.43786,-0.042847,2020-08-20,488.0,17031.98,3.07,evening,True,12.0,0.615,fatima.yilmaz535@example.com
CUS-0001073,Freya Garcia,retail_consumer,none,ZN-000176,Los Angeles,US,NA,338 Market Rd,34.061259,-118.164332,2023-11-28,7.0,271.8,3.51,evening,False,,0.352,freya.garcia200@example.com
CUS-0001074,Aisha Hansen,retail_consumer,silver,ZN-000168,Krakow,PL,EMEA,93 Union Sq,49.867139,19.75793,2018-04-29,9.0,758.77,3.54,evening,False,,0.526,aisha.hansen665@example.com
CUS-0001075,Yuki Petrov,retail_consumer,gold,ZN-000128,Shanghai,CN,APAC,384 Warehouse Ave,31.315249,121.465316,2024-09-21,6.0,640.08,3.39,evening,False,,0.143,yuki.petrov267@example.com
CUS-0001076,Alex Ivanov,retail_consumer,bronze,ZN-000447,Amsterdam,NL,EMEA,468 Industrial Ln,52.467854,4.985303,2025-11-19,6.0,151.75,3.66,afternoon,False,,0.132,alex.ivanov549@example.com
CUS-0001077,Grace Rahman,retail_consumer,none,ZN-000060,Delhi,IN,APAC,353 Riverside Way,28.625675,77.104146,2021-04-11,2.0,64.41,3.26,evening,False,,0.436,grace.rahman254@example.com
CUS-0001078,Anna Rossi,retail_consumer,none,ZN-000090,Bengaluru,IN,APAC,132 Union Blvd,13.031935,77.567785,2022-09-30,8.0,1097.85,4.55,evening,False,,0.2,anna.rossi596@example.com
CUS-0001079,Daniel Muller,enterprise,gold,ZN-000042,Osaka,JP,APAC,35 Station Rd,34.686023,135.467496,2018-09-19,504.0,23340.88,3.66,morning,True,48.0,0.348,daniel.muller564@example.com
CUS-0001080,Zara Smith,retail_consumer,none,ZN-000315,Jakarta,ID,APAC,65 Maple Ave,-6.21779,106.861009,2025-11-13,18.0,475.67,4.51,afternoon,False,,0.228,zara.smith958@example.com
CUS-0001081,Carlos Rossi,smb,gold,ZN-000398,Rome,IT,EMEA,288 Depot Dr,41.995592,12.452665,2022-10-12,12.0,628.7,4.02,afternoon,True,,0.078,carlos.rossi934@example.com
CUS-0001082,Yuki Torres,enterprise,gold,ZN-000298,Bengaluru,IN,APAC,416 Riverside Sq,13.162039,77.727989,2022-12-02,111.0,4627.55,4.61,evening,True,48.0,0.204,yuki.torres223@example.com
CUS-0001083,Ivan Costa,retail_consumer,bronze,ZN-000136,Rome,IT,EMEA,418 Church Way,42.033167,12.672051,2021-10-24,8.0,1188.41,4.09,any,False,,0.024,ivan.costa801@example.com
CUS-0001084,Rahul Fernandez,retail_consumer,none,ZN-000292,Krakow,PL,EMEA,349 Elm Ave,50.329107,19.203325,2018-07-10,123.0,6991.74,4.47,evening,False,,0.147,rahul.fernandez844@example.com
CUS-0001085,Leila Petrov,public_sector,gold,ZN-000377,Bengaluru,IN,APAC,41 Market Blvd,13.007,77.643277,2020-06-27,36.0,1284.26,3.67,afternoon,True,48.0,0.212,leila.petrov272@example.com
CUS-0001086,Maria Nakamura,smb,gold,ZN-000093,Sao Paulo,BR,LATAM,332 Market St,-23.567474,-46.570162,2023-03-22,16.0,1362.3,4.93,morning,True,,0.113,maria.nakamura651@example.com
CUS-0001087,Yuki Rahman,retail_consumer,none,ZN-000377,Bengaluru,IN,APAC,11 Cedar Ln,12.99219,77.647524,2020-03-18,29.0,544.92,3.25,morning,False,,0.196,yuki.rahman70@example.com
CUS-0001088,Peter Moreau,enterprise,bronze,ZN-000041,Berlin,DE,EMEA,104 Station Way,52.516921,13.261078,2021-08-11,311.0,6569.32,5.0,any,True,12.0,0.207,peter.moreau937@example.com
CUS-0001089,Diego Yilmaz,retail_consumer,none,ZN-000453,Krakow,PL,EMEA,463 Industrial Ln,50.108454,19.97437,2025-04-22,13.0,491.62,4.15,afternoon,False,,0.403,diego.yilmaz776@example.com
CUS-0001090,Viktor Bakker,smb,none,ZN-000064,Atlanta,US,NA,145 Harbour Sq,33.828755,-84.444792,2025-01-18,16.0,1306.9,3.31,morning,True,,0.344,viktor.bakker858@example.com
CUS-0001091,Chen Smith,retail_consumer,gold,ZN-000011,Berlin,DE,EMEA,231 Industrial Ave,52.526497,13.561342,2023-12-25,40.0,1432.31,4.09,afternoon,False,,0.266,chen.smith369@example.com
CUS-0001092,Zara Costa,retail_consumer,bronze,ZN-000493,Krakow,PL,EMEA,211 Oak Ln,49.977026,19.867497,2024-01-26,15.0,765.78,3.91,evening,False,,0.418,zara.costa678@example.com
CUS-0001093,Diego Kim,enterprise,none,ZN-000228,Krakow,PL,EMEA,293 Central Blvd,50.137689,20.191722,2024-02-02,219.0,7387.41,5.0,morning,True,12.0,0.138,diego.kim754@example.com
CUS-0001094,Nadia Weber,retail_consumer,silver,ZN-000193,London,GB,EMEA,198 Central St,51.485228,-0.040431,2023-02-19,11.0,260.6,4.07,evening,False,,0.064,nadia.weber80@example.com
CUS-0001095,Tomas Novak,smb,none,ZN-000148,Shanghai,CN,APAC,116 Market Way,31.240156,121.367763,2020-10-09,11.0,1728.05,5.0,evening,True,,0.285,tomas.novak702@example.com
CUS-0001096,Amara Nakamura,enterprise,bronze,ZN-000063,London,GB,EMEA,17 Church Sq,51.622014,-0.112429,2021-12-04,239.0,37819.59,3.34,evening,True,48.0,0.222,amara.nakamura344@example.com
CUS-0001097,Ivan Dubois,marketplace_seller,gold,ZN-000030,Krakow,PL,EMEA,43 Pine Dr,50.005102,20.033142,2022-03-06,2.0,107.14,3.35,evening,False,,0.009,ivan.dubois688@example.com
CUS-0001098,Amara Nguyen,retail_consumer,gold,ZN-000185,Delhi,IN,APAC,406 Riverside Ln,28.660985,77.012831,2022-02-07,4.0,208.83,3.52,any,False,,0.223,amara.nguyen215@example.com
CUS-0001099,Tomas Okafor,retail_consumer,silver,ZN-000008,Krakow,PL,EMEA,14 Maple Ave,50.083238,20.057254,2020-11-05,9.0,745.69,4.63,any,False,,0.25,tomas.okafor141@example.com
CUS-0001100,Diego Zhang,retail_consumer,none,ZN-000139,Atlanta,US,NA,257 Park Way,33.741662,-84.471181,2019-11-25,39.0,2259.77,2.62,evening,False,,0.0,diego.zhang908@example.com
CUS-0001101,Diego Sharma,smb,bronze,ZN-000277,Jakarta,ID,APAC,418 Kings Sq,-6.216568,106.750086,2024-03-30,46.0,1637.63,3.5,afternoon,True,,0.458,diego.sharma825@example.com
CUS-0001102,Diego Torres,public_sector,bronze,ZN-000150,Rome,IT,EMEA,137 Warehouse Dr,41.998877,12.571902,2021-12-16,19.0,1125.28,4.07,evening,True,24.0,0.398,diego.torres320@example.com
CUS-0001103,Chen Bakker,retail_consumer,none,ZN-000274,Sao Paulo,BR,LATAM,258 Victoria Dr,-23.610018,-46.665976,2023-01-11,18.0,402.62,4.23,any,False,,0.282,chen.bakker44@example.com
CUS-0001104,Sofia Moreau,smb,silver,ZN-000380,Shanghai,CN,APAC,105 Grove Way,31.236073,121.380117,2025-01-17,14.0,1735.74,4.94,any,True,,0.215,sofia.moreau115@example.com
CUS-0001105,Lucas Ivanov,retail_consumer,none,ZN-000256,Osaka,JP,APAC,116 Maple Sq,34.61598,135.626533,2021-10-02,11.0,2629.71,4.24,any,False,,0.328,lucas.ivanov537@example.com
CUS-0001106,Zara Lindqvist,smb,gold,ZN-000232,Manchester,GB,EMEA,312 Oak Ave,53.418874,-2.362331,2023-08-08,9.0,229.18,4.58,afternoon,True,,0.244,zara.lindqvist400@example.com
CUS-0001107,Amara Ivanov,retail_consumer,gold,ZN-000122,Berlin,DE,EMEA,455 Kings Way,52.46537,13.265796,2019-07-28,26.0,1720.78,4.28,morning,False,,0.192,amara.ivanov292@example.com
CUS-0001108,Priya Muller,retail_consumer,gold,ZN-000094,Mexico City,MX,LATAM,300 Industrial Dr,19.495841,-99.137841,2019-03-14,18.0,4823.42,5.0,evening,False,,0.389,priya.muller744@example.com
CUS-0001109,Carlos Petrov,retail_consumer,bronze,ZN-000050,Sao Paulo,BR,LATAM,385 Central Ave,-23.652863,-46.630008,2019-10-24,7.0,148.08,3.35,morning,False,,0.628,carlos.petrov198@example.com
CUS-0001110,Sofia Nakamura,enterprise,none,ZN-000047,Jakarta,ID,APAC,352 Union Ln,-6.101589,106.85414,2025-02-06,282.0,6560.26,3.49,evening,True,12.0,0.289,sofia.nakamura178@example.com
CUS-0001111,Ivan Muller,retail_consumer,none,ZN-000388,Atlanta,US,NA,191 Oak Dr,33.620466,-84.467125,2019-11-01,12.0,460.98,4.52,afternoon,False,,0.366,ivan.muller247@example.com
CUS-0001112,Anna Fernandez,smb,none,ZN-000094,Mexico City,MX,LATAM,199 Church Blvd,19.491534,-99.140605,2021-04-04,37.0,999.65,4.76,evening,True,,0.388,anna.fernandez611@example.com
CUS-0001113,Peter Moreau,smb,bronze,ZN-000446,London,GB,EMEA,305 Central Way,51.550597,-0.079607,2019-06-27,47.0,2854.59,4.76,evening,True,,0.525,peter.moreau433@example.com
CUS-0001114,Diego Novak,enterprise,bronze,ZN-000209,Sao Paulo,BR,LATAM,254 Oak Dr,-23.390023,-46.994516,2023-10-09,140.0,6574.52,3.41,evening,True,12.0,0.145,diego.novak668@example.com
CUS-0001115,Nadia Rahman,retail_consumer,none,ZN-000323,Mexico City,MX,LATAM,97 Central Ln,19.422599,-99.066535,2023-11-15,8.0,786.01,5.0,morning,False,,0.268,nadia.rahman723@example.com
CUS-0001116,Freya Lindqvist,enterprise,bronze,ZN-000090,Bengaluru,IN,APAC,403 Harbour Ave,13.04717,77.5784,2024-08-03,69.0,3316.6,4.29,morning,True,12.0,0.421,freya.lindqvist251@example.com
CUS-0001117,Viktor Yilmaz,retail_consumer,gold,ZN-000132,Krakow,PL,EMEA,454 Pine St,49.911189,19.684286,2020-05-08,28.0,2446.67,4.07,evening,False,,0.042,viktor.yilmaz860@example.com
CUS-0001118,Tomas Ali,retail_consumer,bronze,ZN-000450,Krakow,PL,EMEA,292 Station Way,50.114785,19.964394,2022-09-10,5.0,238.58,4.79,morning,False,,0.497,tomas.ali76@example.com
CUS-0001119,Nikolai Ali,retail_consumer,silver,ZN-000100,Shanghai,CN,APAC,103 Cedar Ave,31.173696,121.387108,2019-12-09,3.0,430.16,5.0,afternoon,False,,0.454,nikolai.ali793@example.com
CUS-0001120,Jun Moreau,retail_consumer,none,ZN-000165,London,GB,EMEA,94 Warehouse Way,51.531677,-0.166176,2018-03-16,10.0,1255.71,5.0,afternoon,False,,0.376,jun.moreau937@example.com
CUS-0001121,Omar Rossi,enterprise,none,ZN-000390,Stockholm,SE,EMEA,333 Grove Blvd,59.33907,17.991704,2021-06-27,448.0,48458.15,3.22,afternoon,True,48.0,0.449,omar.rossi591@example.com
CUS-0001122,Amara Sharma,retail_consumer,silver,ZN-000292,Krakow,PL,EMEA,211 Central Blvd,50.327301,19.199992,2022-03-29,9.0,2988.41,3.93,afternoon,False,,0.325,amara.sharma163@example.com
CUS-0001123,Sofia Smith,retail_consumer,none,ZN-000225,London,GB,EMEA,155 Park Ave,51.530975,-0.121566,2021-08-27,14.0,702.77,4.02,evening,False,,0.201,sofia.smith628@example.com
CUS-0001124,Aisha Silva,retail_consumer,none,ZN-000318,Shanghai,CN,APAC,105 Church Rd,31.130783,121.508078,2025-01-07,8.0,265.3,2.95,any,False,,0.0,aisha.silva384@example.com
CUS-0001125,Grace Hansen,retail_consumer,silver,ZN-000233,Atlanta,US,NA,274 Oak Sq,33.74248,-84.434557,2024-02-13,4.0,288.91,5.0,evening,False,,0.088,grace.hansen281@example.com
CUS-0001126,Peter Ali,retail_consumer,none,ZN-000356,Bengaluru,IN,APAC,239 Union Ave,12.499977,77.440198,2020-05-09,5.0,94.9,3.31,evening,False,,0.427,peter.ali85@example.com
CUS-0001127,Chen Hansen,smb,gold,ZN-000470,Shanghai,CN,APAC,401 Central Way,31.223089,121.358221,2018-10-14,29.0,1132.93,3.73,evening,True,,0.0,chen.hansen878@example.com
CUS-0001128,Freya Bakker,retail_consumer,platinum,ZN-000334,Atlanta,US,NA,460 Elm Blvd,33.69772,-84.452814,2024-08-27,13.0,440.69,3.12,any,False,,0.165,freya.bakker85@example.com
CUS-0001129,Amara Kim,smb,none,ZN-000090,Bengaluru,IN,APAC,359 Kings Ave,13.049467,77.587012,2022-09-24,47.0,10906.71,4.38,afternoon,True,,0.304,amara.kim773@example.com
CUS-0001130,Jun Kowalski,retail_consumer,bronze,ZN-000339,Rome,IT,EMEA,213 Kings Rd,41.969472,12.403962,2024-06-24,5.0,479.84,3.61,evening,False,,0.14,jun.kowalski531@example.com
CUS-0001131,Grace Zhang,public_sector,platinum,ZN-000217,Rome,IT,EMEA,374 Cedar Dr,41.963155,12.524727,2018-02-23,15.0,934.57,4.67,afternoon,True,24.0,0.273,grace.zhang340@example.com
CUS-0001132,Nadia Rossi,marketplace_seller,bronze,ZN-000485,Stockholm,SE,EMEA,216 Kings Way,59.23995,18.350596,2025-10-04,9.0,402.04,3.93,evening,False,,0.233,nadia.rossi965@example.com
CUS-0001133,Yuki Rossi,smb,none,ZN-000196,Amsterdam,NL,EMEA,393 Church Ave,52.320541,4.938419,2022-06-23,26.0,1905.01,3.97,any,True,,0.393,yuki.rossi21@example.com
CUS-0001134,Diego Weber,enterprise,bronze,ZN-000256,Osaka,JP,APAC,35 Harbour Ln,34.607507,135.649007,2024-01-30,152.0,5526.61,3.26,afternoon,True,12.0,0.178,diego.weber70@example.com
CUS-0001135,Chen Zhang,retail_consumer,bronze,ZN-000493,Krakow,PL,EMEA,259 Oak Ave,49.984462,19.903017,2020-01-30,6.0,593.04,4.11,afternoon,False,,0.0,chen.zhang875@example.com
CUS-0001136,Hugo Lindqvist,retail_consumer,gold,ZN-000298,Bengaluru,IN,APAC,41 Victoria Ave,13.14573,77.730622,2019-08-25,66.0,1920.88,5.0,evening,False,,0.282,hugo.lindqvist827@example.com
CUS-0001137,Peter Ivanov,retail_consumer,none,ZN-000313,Sao Paulo,BR,LATAM,98 Grove Ln,-23.440199,-46.81556,2019-09-25,14.0,497.39,3.97,afternoon,False,,0.22,peter.ivanov673@example.com
CUS-0001138,Priya Petrov,public_sector,none,ZN-000255,Los Angeles,US,NA,179 Park Ave,34.06137,-118.149839,2022-05-15,5.0,224.16,3.85,any,True,48.0,0.306,priya.petrov16@example.com
CUS-0001139,Rahul Kim,retail_consumer,none,ZN-000131,Amsterdam,NL,EMEA,81 Elm Ave,52.276588,4.947804,2021-10-24,20.0,902.57,3.83,evening,False,,0.59,rahul.kim866@example.com
CUS-0001140,Maria Petrov,retail_consumer,none,ZN-000407,Bengaluru,IN,APAC,452 Harbour St,12.945966,77.236172,2019-02-12,10.0,647.63,5.0,morning,False,,0.051,maria.petrov741@example.com
CUS-0001141,Mateo Muller,smb,none,ZN-000419,Manchester,GB,EMEA,279 Harbour Dr,53.433808,-2.280449,2020-05-16,8.0,919.91,4.16,evening,True,,0.186,mateo.muller448@example.com
CUS-0001142,Tomas Novak,retail_consumer,bronze,ZN-000202,Krakow,PL,EMEA,72 Grove Ave,50.062596,19.926262,2022-06-12,8.0,871.05,3.68,any,False,,0.552,tomas.novak155@example.com
CUS-0001143,Hugo Kim,retail_consumer,none,ZN-000308,Delhi,IN,APAC,278 Pine Way,28.735162,77.075387,2022-04-04,8.0,1483.9,4.42,afternoon,False,,0.406,hugo.kim655@example.com
CUS-0001144,Alex Brown,retail_consumer,silver,ZN-000041,Berlin,DE,EMEA,35 Depot Sq,52.503724,13.255057,2023-01-20,11.0,287.21,4.02,evening,False,,0.344,alex.brown124@example.com
CUS-0001145,Aisha Hansen,marketplace_seller,silver,ZN-000494,Amsterdam,NL,EMEA,332 Cedar Ave,52.31843,5.027402,2021-08-09,3.0,166.31,4.13,afternoon,False,,0.117,aisha.hansen393@example.com
CUS-0001146,Amara Ali,retail_consumer,bronze,ZN-000017,Krakow,PL,EMEA,259 Pine Blvd,50.092804,19.857979,2024-06-16,8.0,447.92,4.21,afternoon,False,,0.446,amara.ali864@example.com
CUS-0001147,Tomas Dubois,smb,none,ZN-000153,Krakow,PL,EMEA,207 Kings Way,50.007,20.18576,2024-10-15,9.0,255.75,4.03,any,True,,0.201,tomas.dubois445@example.com
CUS-0001148,Anna Kim,smb,silver,ZN-000086,Rome,IT,EMEA,44 Riverside Dr,41.910902,12.460907,2018-11-04,12.0,1962.5,4.87,afternoon,True,,0.287,anna.kim580@example.com
CUS-0001149,Jun Weber,retail_consumer,none,ZN-000325,Delhi,IN,APAC,417 Grove Sq,28.626554,77.092105,2019-01-15,29.0,876.91,3.02,afternoon,False,,0.282,jun.weber925@example.com
CUS-0001150,Hugo Petrov,retail_consumer,none,ZN-000492,Krakow,PL,EMEA,451 Church St,50.060836,19.820235,2018-02-15,15.0,366.12,3.88,evening,False,,0.166,hugo.petrov730@example.com
CUS-0001151,Alex Dubois,retail_consumer,none,ZN-000385,Krakow,PL,EMEA,279 Oak Blvd,50.158947,20.007278,2021-06-16,8.0,183.14,4.28,morning,False,,0.246,alex.dubois493@example.com
CUS-0001152,Peter Petrov,smb,none,ZN-000425,Rome,IT,EMEA,307 Maple Way,41.851252,12.566635,2024-02-09,25.0,654.09,3.65,evening,True,,0.208,peter.petrov351@example.com
CUS-0001153,Aisha Dubois,retail_consumer,bronze,ZN-000009,Shanghai,CN,APAC,109 Grove Way,31.266273,121.580922,2019-04-08,16.0,783.06,4.56,morning,False,,0.117,aisha.dubois511@example.com
CUS-0001154,Peter Rossi,retail_consumer,bronze,ZN-000038,Atlanta,US,NA,102 Riverside Blvd,34.034492,-84.809795,2018-03-28,13.0,488.91,3.15,any,False,,0.51,peter.rossi522@example.com
CUS-0001155,Priya Hansen,smb,silver,ZN-000276,Delhi,IN,APAC,227 Bridge Sq,28.710607,77.074723,2024-08-28,86.0,5344.6,4.24,evening,True,,0.206,priya.hansen232@example.com
CUS-0001156,Chen Kim,smb,bronze,ZN-000117,London,GB,EMEA,283 Pine Rd,51.411324,-0.020902,2023-06-22,11.0,309.42,5.0,morning,True,,0.0,chen.kim645@example.com
CUS-0001157,Yuki Kim,retail_consumer,bronze,ZN-000035,Manchester,GB,EMEA,26 Warehouse Rd,53.423787,-2.310719,2018-05-22,8.0,2022.1,4.48,morning,False,,0.183,yuki.kim426@example.com
CUS-0001158,Alex Nguyen,smb,none,ZN-000135,Manchester,GB,EMEA,193 Park Sq,53.428526,-2.099395,2023-09-03,35.0,3132.5,4.36,evening,True,,0.519,alex.nguyen894@example.com
CUS-0001159,Alex Costa,retail_consumer,platinum,ZN-000187,Atlanta,US,NA,249 Victoria Blvd,33.775711,-84.042562,2025-04-08,10.0,483.85,4.24,afternoon,False,,0.435,alex.costa208@example.com
CUS-0001160,Ivan Nguyen,enterprise,none,ZN-000424,Mexico City,MX,LATAM,137 Union Way,19.470451,-99.107604,2023-09-26,978.0,98561.17,5.0,any,True,48.0,0.404,ivan.nguyen58@example.com
CUS-0001161,Mateo Ali,marketplace_seller,none,ZN-000045,Rome,IT,EMEA,450 Market St,42.000982,12.621083,2023-08-05,14.0,305.86,3.39,afternoon,False,,0.38,mateo.ali370@example.com
CUS-0001162,Anna Okafor,marketplace_seller,silver,ZN-000149,Osaka,JP,APAC,239 Elm Rd,34.607676,135.52618,2024-09-13,18.0,932.81,2.86,any,False,,0.382,anna.okafor804@example.com
CUS-0001163,Hugo Garcia,smb,none,ZN-000333,Krakow,PL,EMEA,156 Industrial Sq,50.264088,19.947081,2018-07-20,26.0,1458.22,4.48,evening,True,,0.685,hugo.garcia779@example.com
CUS-0001164,Leila Rossi,retail_consumer,bronze,ZN-000089,Krakow,PL,EMEA,448 Park Blvd,50.196373,20.055771,2024-08-04,3.0,123.81,4.28,any,False,,0.403,leila.rossi583@example.com
CUS-0001165,Jun Costa,retail_consumer,bronze,ZN-000356,Bengaluru,IN,APAC,276 Bridge Blvd,12.482015,77.448327,2019-07-09,8.0,756.93,4.8,any,False,,0.223,jun.costa375@example.com
CUS-0001166,Lucas Yilmaz,enterprise,none,ZN-000386,Mexico City,MX,LATAM,252 Victoria Ln,19.486731,-99.190809,2022-10-06,140.0,4343.24,4.79,evening,True,24.0,0.154,lucas.yilmaz532@example.com
CUS-0001167,Rahul Smith,smb,none,ZN-000317,Manchester,GB,EMEA,186 Central Dr,53.47095,-2.369436,2022-07-19,63.0,2262.68,4.17,afternoon,True,,0.129,rahul.smith311@example.com
CUS-0001168,Priya Kowalski,retail_consumer,bronze,ZN-000052,London,GB,EMEA,123 Warehouse Sq,51.555348,-0.272287,2025-02-25,19.0,832.72,4.21,morning,False,,0.44,priya.kowalski191@example.com
CUS-0001169,Daniel Costa,retail_consumer,gold,ZN-000161,Delhi,IN,APAC,182 Industrial Way,28.719385,77.168924,2021-06-06,4.0,333.06,4.76,any,False,,0.37,daniel.costa254@example.com
CUS-0001170,Priya Petrov,enterprise,none,ZN-000328,Manchester,GB,EMEA,265 Central Dr,53.56387,-2.261413,2023-10-28,94.0,3503.78,3.8,morning,True,24.0,0.373,priya.petrov918@example.com
CUS-0001171,Leila Kowalski,smb,silver,ZN-000497,Berlin,DE,EMEA,132 Kings Way,52.432445,13.448403,2024-03-10,29.0,997.49,4.03,any,True,,0.362,leila.kowalski64@example.com
CUS-0001172,Carlos Lindqvist,marketplace_seller,silver,ZN-000108,Krakow,PL,EMEA,358 Industrial Way,50.027538,20.042946,2020-10-28,8.0,150.36,3.99,any,False,,0.483,carlos.lindqvist171@example.com
CUS-0001173,Peter Novak,retail_consumer,none,ZN-000008,Krakow,PL,EMEA,214 Oak Sq,50.123912,20.034645,2025-10-16,28.0,1455.43,4.14,any,False,,0.284,peter.novak309@example.com
CUS-0001174,Viktor Kowalski,enterprise,silver,ZN-000163,Delhi,IN,APAC,463 Union Way,28.705853,77.052487,2024-12-20,155.0,2741.26,3.05,afternoon,True,12.0,0.311,viktor.kowalski425@example.com
CUS-0001175,Hugo Rahman,marketplace_seller,none,ZN-000319,Amsterdam,NL,EMEA,280 Maple Rd,52.322466,4.84299,2018-02-17,5.0,262.92,5.0,any,False,,0.445,hugo.rahman126@example.com
CUS-0001176,Chen Nguyen,retail_consumer,bronze,ZN-000019,Krakow,PL,EMEA,145 Church Way,50.019131,19.973888,2025-07-21,8.0,381.09,3.69,afternoon,False,,0.299,chen.nguyen978@example.com
CUS-0001177,Leila Kim,marketplace_seller,silver,ZN-000273,Rome,IT,EMEA,429 Industrial Rd,41.936565,12.546002,2023-02-18,8.0,429.25,3.66,evening,False,,0.521,leila.kim261@example.com
CUS-0001178,Hugo Ivanov,retail_consumer,silver,ZN-000325,Delhi,IN,APAC,370 Bridge St,28.610907,77.111441,2020-08-12,57.0,3723.22,3.53,evening,False,,0.292,hugo.ivanov21@example.com
CUS-0001179,Priya Rahman,retail_consumer,platinum,ZN-000472,Sao Paulo,BR,LATAM,93 Market Way,-23.516038,-46.662985,2020-06-27,27.0,2110.56,4.64,morning,False,,0.177,priya.rahman655@example.com
CUS-0001180,Yuki Torres,public_sector,none,ZN-000008,Krakow,PL,EMEA,298 Cedar Sq,50.11092,20.076403,2018-10-05,8.0,2850.13,4.08,evening,True,24.0,0.173,yuki.torres908@example.com
CUS-0001181,Anna Ali,retail_consumer,none,ZN-000420,Krakow,PL,EMEA,153 Victoria Rd,50.10094,19.970551,2025-08-29,6.0,371.8,4.52,evening,False,,0.615,anna.ali848@example.com
CUS-0001182,Carlos Rossi,retail_consumer,gold,ZN-000088,Shanghai,CN,APAC,415 Central Dr,31.188219,121.538999,2022-05-19,4.0,281.82,2.4,afternoon,False,,0.0,carlos.rossi909@example.com
CUS-0001183,Anna Lindqvist,marketplace_seller,none,ZN-000203,London,GB,EMEA,108 Grove Blvd,51.75241,-0.202194,2023-02-17,29.0,611.71,5.0,evening,False,,0.33,anna.lindqvist405@example.com
CUS-0001184,Peter Hansen,retail_consumer,silver,ZN-000209,Sao Paulo,BR,LATAM,106 Oak Ave,-23.421437,-46.994705,2020-06-13,9.0,352.33,4.09,afternoon,False,,0.396,peter.hansen409@example.com
CUS-0001185,Fatima Silva,retail_consumer,none,ZN-000208,London,GB,EMEA,141 Victoria Dr,51.477262,-0.043178,2020-12-01,8.0,308.38,4.12,any,False,,0.0,fatima.silva359@example.com
CUS-0001186,Carlos Sharma,retail_consumer,none,ZN-000155,Berlin,DE,EMEA,236 Cedar St,52.541317,13.428479,2020-03-30,22.0,822.82,4.53,afternoon,False,,0.235,carlos.sharma324@example.com
CUS-0001187,Daniel Hansen,smb,none,ZN-000424,Mexico City,MX,LATAM,162 Warehouse Blvd,19.487856,-99.106472,2024-10-11,22.0,1438.28,3.67,morning,True,,0.381,daniel.hansen354@example.com
CUS-0001188,Isabella Nguyen,retail_consumer,none,ZN-000358,London,GB,EMEA,192 Grove Rd,51.56035,-0.031769,2018-05-03,27.0,845.73,3.42,any,False,,0.014,isabella.nguyen550@example.com
CUS-0001189,Tomas Kowalski,enterprise,gold,ZN-000377,Bengaluru,IN,APAC,248 Riverside Ave,12.98545,77.63144,2022-01-27,101.0,8559.23,4.16,afternoon,True,24.0,0.219,tomas.kowalski125@example.com
CUS-0001190,Daniel Bakker,smb,none,ZN-000229,Rome,IT,EMEA,34 Maple St,41.859156,12.544531,2018-08-14,25.0,4749.3,3.53,morning,True,,0.351,daniel.bakker521@example.com
CUS-0001191,Anna Yilmaz,retail_consumer,silver,ZN-000103,Shanghai,CN,APAC,409 Grove Way,31.211093,121.445291,2025-06-10,11.0,2329.47,5.0,any,False,,0.203,anna.yilmaz131@example.com
CUS-0001192,Amara Muller,enterprise,none,ZN-000271,London,GB,EMEA,320 Elm Ln,51.400639,-0.252888,2019-05-06,123.0,23169.58,4.15,afternoon,True,24.0,0.202,amara.muller671@example.com
CUS-0001193,Hugo Moreau,smb,silver,ZN-000236,Bengaluru,IN,APAC,164 Pine Dr,13.066374,77.59135,2022-01-27,39.0,2054.84,3.67,morning,True,,0.057,hugo.moreau935@example.com
CUS-0001194,Jun Garcia,smb,gold,ZN-000151,Delhi,IN,APAC,276 Central Sq,28.725433,77.027544,2024-06-15,12.0,471.94,4.31,evening,True,,0.562,jun.garcia955@example.com
CUS-0001195,Leila Kowalski,smb,bronze,ZN-000132,Krakow,PL,EMEA,308 Industrial Ln,49.933576,19.748785,2024-03-06,11.0,311.01,4.22,any,True,,0.038,leila.kowalski532@example.com
CUS-0001196,Viktor Smith,retail_consumer,bronze,ZN-000318,Shanghai,CN,APAC,245 Kings St,31.118284,121.472456,2022-04-13,14.0,1257.14,3.76,any,False,,0.351,viktor.smith955@example.com
CUS-0001197,Peter Smith,retail_consumer,bronze,ZN-000439,Stockholm,SE,EMEA,238 Oak Sq,59.256301,18.178448,2021-11-28,4.0,302.57,4.52,any,False,,0.541,peter.smith958@example.com
CUS-0001198,Diego Novak,enterprise,none,ZN-000250,Krakow,PL,EMEA,369 Bridge Ave,50.213907,20.205509,2021-05-24,233.0,9466.59,3.5,morning,True,12.0,0.288,diego.novak650@example.com
CUS-0001199,Rahul Dubois,marketplace_seller,none,ZN-000202,Krakow,PL,EMEA,378 Grove Blvd,50.099699,19.920567,2024-01-19,10.0,257.29,4.96,any,False,,0.415,rahul.dubois740@example.com
CUS-0001200,Yuki Novak,enterprise,bronze,ZN-000417,London,GB,EMEA,162 Kings Ln,51.510054,-0.112353,2018-01-20,424.0,20664.39,4.96,any,True,12.0,0.103,yuki.novak656@example.com
CUS-0001201,Lucas Ali,enterprise,none,ZN-000354,Atlanta,US,NA,403 Bridge Blvd,33.805874,-84.483183,2024-11-24,314.0,25778.27,3.57,afternoon,True,48.0,0.193,lucas.ali577@example.com
CUS-0001202,Marcus Bakker,smb,gold,ZN-000227,Delhi,IN,APAC,107 Victoria Dr,28.748534,77.040242,2025-03-30,43.0,1240.9,5.0,any,True,,0.0,marcus.bakker971@example.com
CUS-0001203,Nikolai Yilmaz,smb,none,ZN-000323,Mexico City,MX,LATAM,266 Industrial Dr,19.416679,-99.03761,2022-02-13,97.0,5428.16,4.66,morning,True,,0.133,nikolai.yilmaz681@example.com
CUS-0001204,Fatima Kowalski,retail_consumer,none,ZN-000072,Shanghai,CN,APAC,174 Church Blvd,31.258415,121.532601,2025-04-29,7.0,655.39,2.75,evening,False,,0.412,fatima.kowalski426@example.com
CUS-0001205,Nadia Lindqvist,retail_consumer,gold,ZN-000495,Krakow,PL,EMEA,161 Church Ave,49.871652,19.980501,2020-08-18,10.0,170.97,3.47,afternoon,False,,0.263,nadia.lindqvist191@example.com
CUS-0001206,Amara Rahman,public_sector,silver,ZN-000161,Delhi,IN,APAC,145 Market Rd,28.733234,77.201315,2023-01-06,7.0,167.98,5.0,afternoon,True,24.0,0.179,amara.rahman485@example.com
CUS-0001207,Elena Sharma,enterprise,bronze,ZN-000460,Krakow,PL,EMEA,311 Pine Sq,50.100997,19.875555,2022-02-17,878.0,39682.12,4.07,evening,True,12.0,0.148,elena.sharma941@example.com
CUS-0001208,Viktor Garcia,retail_consumer,none,ZN-000124,London,GB,EMEA,115 Cedar Way,51.511317,-0.009996,2020-12-16,20.0,785.04,4.77,evening,False,,0.318,viktor.garcia324@example.com
CUS-0001209,Sofia Costa,enterprise,silver,ZN-000461,Krakow,PL,EMEA,472 Park Ave,49.903261,20.357084,2025-10-05,70.0,3243.17,4.2,evening,True,24.0,0.12,sofia.costa91@example.com
CUS-0001210,Lucas Dubois,smb,none,ZN-000396,Krakow,PL,EMEA,35 Elm Blvd,50.113976,19.643505,2019-04-22,47.0,1394.18,4.54,any,True,,0.243,lucas.dubois983@example.com
CUS-0001211,Ivan Dubois,smb,bronze,ZN-000447,Amsterdam,NL,EMEA,377 Station Dr,52.461457,5.011608,2020-05-03,50.0,2287.84,3.89,evening,True,,0.295,ivan.dubois438@example.com
CUS-0001212,Jun Petrov,retail_consumer,gold,ZN-000029,Mexico City,MX,LATAM,420 Grove Sq,19.363248,-99.093917,2024-05-01,10.0,519.85,3.54,evening,False,,0.105,jun.petrov352@example.com
CUS-0001213,Zara Dubois,retail_consumer,bronze,ZN-000486,Bengaluru,IN,APAC,228 Station Sq,13.001768,77.569259,2023-08-30,8.0,898.83,4.04,evening,False,,0.266,zara.dubois349@example.com
CUS-0001214,Leila Zhang,smb,silver,ZN-000375,Manchester,GB,EMEA,163 Pine Ave,53.554288,-2.221946,2018-09-22,62.0,1632.69,3.68,evening,True,,0.345,leila.zhang459@example.com
CUS-0001215,Viktor Kowalski,retail_consumer,bronze,ZN-000103,Shanghai,CN,APAC,15 Grove St,31.196792,121.45433,2024-05-22,10.0,267.35,4.65,evening,False,,0.443,viktor.kowalski566@example.com
CUS-0001216,Omar Okafor,marketplace_seller,none,ZN-000420,Krakow,PL,EMEA,152 Maple St,50.094844,20.003754,2025-03-31,8.0,331.13,4.3,any,False,,0.494,omar.okafor407@example.com
CUS-0001217,Elena Garcia,enterprise,silver,ZN-000417,London,GB,EMEA,111 Park Sq,51.533714,-0.060421,2018-08-28,78.0,3088.18,3.34,morning,True,48.0,0.047,elena.garcia83@example.com
CUS-0001218,Elena Rossi,retail_consumer,none,ZN-000285,London,GB,EMEA,14 Cedar Rd,51.515148,0.006611,2019-07-15,11.0,247.44,4.59,morning,False,,0.344,elena.rossi748@example.com
CUS-0001219,Mateo Moreau,smb,gold,ZN-000067,Los Angeles,US,NA,418 Oak St,33.832732,-118.206045,2020-11-30,19.0,845.49,5.0,any,True,,0.288,mateo.moreau970@example.com
CUS-0001220,Tomas Nakamura,retail_consumer,none,ZN-000015,Osaka,JP,APAC,28 Warehouse Blvd,34.673397,135.518685,2022-05-28,6.0,366.6,4.06,morning,False,,0.332,tomas.nakamura108@example.com
CUS-0001221,Carlos Lindqvist,retail_consumer,platinum,ZN-000404,Berlin,DE,EMEA,239 Pine Blvd,52.321586,13.355337,2024-03-23,9.0,856.2,2.91,morning,False,,0.318,carlos.lindqvist286@example.com
CUS-0001222,Marcus Ali,retail_consumer,none,ZN-000489,Manchester,GB,EMEA,264 Riverside Ave,53.554065,-2.233036,2018-07-05,28.0,1559.19,4.21,afternoon,False,,0.436,marcus.ali487@example.com
CUS-0001223,Ivan Muller,enterprise,platinum,ZN-000258,Jakarta,ID,APAC,121 Riverside Dr,-6.119618,106.799777,2023-05-20,155.0,6643.26,3.93,evening,True,48.0,0.231,ivan.muller810@example.com
CUS-0001224,Marcus Kowalski,smb,none,ZN-000293,Shanghai,CN,APAC,286 Park Rd,31.159483,121.536513,2022-10-24,167.0,2846.22,3.04,any,True,,0.38,marcus.kowalski69@example.com
CUS-0001225,Freya Silva,public_sector,gold,ZN-000372,Shanghai,CN,APAC,460 Park Blvd,31.309169,121.473782,2024-05-20,6.0,925.59,4.27,any,True,48.0,0.186,freya.silva660@example.com
CUS-0001226,Fatima Novak,marketplace_seller,bronze,ZN-000174,Jakarta,ID,APAC,389 Depot St,-6.1592,106.829271,2020-11-27,8.0,251.91,3.29,morning,False,,0.16,fatima.novak638@example.com
CUS-0001227,Nadia Muller,enterprise,silver,ZN-000316,Mexico City,MX,LATAM,391 Church Ave,19.407837,-99.22895,2021-09-23,97.0,3189.52,4.41,afternoon,True,24.0,0.567,nadia.muller57@example.com
CUS-0001228,Aisha Petrov,retail_consumer,gold,ZN-000359,Jakarta,ID,APAC,122 Market Dr,-6.149034,106.888205,2025-08-23,22.0,659.4,4.18,afternoon,False,,0.155,aisha.petrov299@example.com
CUS-0001229,Rahul Moreau,retail_consumer,none,ZN-000451,London,GB,EMEA,458 Kings Dr,51.605699,-0.171919,2024-03-21,6.0,286.04,5.0,evening,False,,0.357,rahul.moreau642@example.com
CUS-0001230,Jun Lindqvist,smb,gold,ZN-000115,Krakow,PL,EMEA,319 Industrial Ln,50.016114,19.886337,2022-06-28,32.0,2137.28,4.48,evening,True,,0.286,jun.lindqvist462@example.com
CUS-0001231,Amara Ali,retail_consumer,bronze,ZN-000378,Manchester,GB,EMEA,307 Depot Way,52.916397,-1.961913,2021-07-16,17.0,2305.14,4.2,afternoon,False,,0.392,amara.ali81@example.com
CUS-0001232,Yuki Costa,retail_consumer,bronze,ZN-000041,Berlin,DE,EMEA,63 Union Rd,52.482394,13.248932,2018-01-30,4.0,202.63,4.2,morning,False,,0.0,yuki.costa632@example.com
CUS-0001233,Maria Moreau,retail_consumer,bronze,ZN-000262,Shanghai,CN,APAC,129 Industrial Rd,31.22214,121.391362,2024-11-21,11.0,243.84,3.39,afternoon,False,,0.137,maria.moreau817@example.com
CUS-0001234,Ivan Moreau,retail_consumer,gold,ZN-000407,Bengaluru,IN,APAC,378 Riverside Blvd,12.960947,77.232113,2021-03-02,8.0,1153.5,3.62,afternoon,False,,0.379,ivan.moreau565@example.com
CUS-0001235,Priya Costa,smb,silver,ZN-000166,Rome,IT,EMEA,160 Church St,41.818883,12.564408,2019-03-20,24.0,865.06,4.81,morning,True,,0.437,priya.costa301@example.com
CUS-0001236,Maria Hansen,retail_consumer,bronze,ZN-000443,Rome,IT,EMEA,416 Union Ave,41.694227,12.33371,2024-06-26,7.0,891.8,3.81,afternoon,False,,0.341,maria.hansen757@example.com
CUS-0001237,Jun Yilmaz,smb,bronze,ZN-000376,Rome,IT,EMEA,299 Pine Way,41.817966,12.465522,2023-05-17,71.0,5700.68,5.0,any,True,,0.081,jun.yilmaz372@example.com
CUS-0001238,Chen Costa,smb,silver,ZN-000063,London,GB,EMEA,289 Elm Ln,51.620586,-0.125901,2025-05-29,62.0,1955.41,4.32,afternoon,True,,0.096,chen.costa784@example.com
CUS-0001239,Peter Ivanov,retail_consumer,bronze,ZN-000259,Amsterdam,NL,EMEA,121 Warehouse Sq,52.461443,4.88842,2025-02-02,6.0,200.07,3.02,morning,False,,0.411,peter.ivanov921@example.com
CUS-0001240,Nadia Brown,retail_consumer,silver,ZN-000156,Atlanta,US,NA,343 Park Ln,33.856259,-84.334559,2025-03-25,17.0,1334.9,4.66,evening,False,,0.167,nadia.brown417@example.com
CUS-0001241,Isabella Silva,marketplace_seller,gold,ZN-000307,Manchester,GB,EMEA,170 Harbour Dr,53.524795,-2.228091,2018-09-28,4.0,138.4,4.78,afternoon,False,,0.435,isabella.silva716@example.com
CUS-0001242,Diego Nguyen,retail_consumer,silver,ZN-000431,Delhi,IN,APAC,284 Church Blvd,28.658299,77.04056,2024-10-30,5.0,131.33,4.34,morning,False,,0.316,diego.nguyen964@example.com
CUS-0001243,Priya Rossi,retail_consumer,none,ZN-000190,Jakarta,ID,APAC,89 Union Ave,-6.251286,106.81104,2025-06-21,12.0,808.1,4.27,any,False,,0.188,priya.rossi257@example.com
CUS-0001244,Grace Silva,retail_consumer,silver,ZN-000118,London,GB,EMEA,242 Cedar Ave,51.58119,-0.038299,2018-08-06,17.0,880.17,4.24,afternoon,False,,0.44,grace.silva70@example.com
CUS-0001245,Carlos Lindqvist,retail_consumer,gold,ZN-000227,Delhi,IN,APAC,391 Cedar St,28.732451,77.014587,2018-03-11,15.0,1069.95,4.45,afternoon,False,,0.43,carlos.lindqvist111@example.com
CUS-0001246,Peter Okafor,marketplace_seller,bronze,ZN-000080,Bengaluru,IN,APAC,118 Market St,12.999212,77.64946,2018-03-03,6.0,106.97,4.8,afternoon,False,,0.016,peter.okafor925@example.com
CUS-0001247,Nadia Kowalski,enterprise,none,ZN-000279,Los Angeles,US,NA,353 Riverside Way,34.133624,-118.24998,2018-05-25,656.0,129088.09,4.68,evening,True,12.0,0.444,nadia.kowalski708@example.com
CUS-0001248,Maria Ivanov,smb,bronze,ZN-000300,Mexico City,MX,LATAM,216 Church Ave,19.471813,-99.06782,2025-04-24,10.0,617.83,4.91,evening,True,,0.254,maria.ivanov950@example.com
CUS-0001249,Yuki Hansen,smb,none,ZN-000070,Delhi,IN,APAC,280 Kings Ln,28.670523,77.145996,2022-09-08,27.0,367.25,2.86,any,True,,0.295,yuki.hansen851@example.com
CUS-0001250,Amara Silva,retail_consumer,bronze,ZN-000169,Rome,IT,EMEA,284 Pine Blvd,41.954105,12.538127,2018-07-02,66.0,2342.56,3.71,morning,False,,0.246,amara.silva229@example.com
CUS-0001251,Omar Nakamura,smb,platinum,ZN-000038,Atlanta,US,NA,139 Union Dr,33.991598,-84.799209,2022-11-18,22.0,915.75,4.11,afternoon,True,,0.358,omar.nakamura670@example.com
CUS-0001252,Tomas Kowalski,smb,silver,ZN-000446,London,GB,EMEA,254 Church Sq,51.557986,-0.054266,2021-06-08,23.0,826.41,4.43,any,True,,0.199,tomas.kowalski524@example.com
CUS-0001253,Fatima Novak,marketplace_seller,bronze,ZN-000167,Shanghai,CN,APAC,226 Bridge Dr,31.137014,121.470083,2020-09-30,7.0,232.33,4.89,afternoon,False,,0.73,fatima.novak770@example.com
CUS-0001254,Freya Ali,enterprise,none,ZN-000038,Atlanta,US,NA,284 Oak Ave,33.994518,-84.796387,2021-12-24,153.0,6989.66,4.99,evening,True,24.0,0.076,freya.ali538@example.com
CUS-0001255,Leila Rossi,retail_consumer,platinum,ZN-000486,Bengaluru,IN,APAC,467 Bridge Way,13.007829,77.560956,2023-01-10,14.0,828.91,4.11,any,False,,0.279,leila.rossi873@example.com
CUS-0001256,Chen Rahman,retail_consumer,platinum,ZN-000245,Osaka,JP,APAC,109 Bridge Ln,34.718086,135.398877,2022-07-26,11.0,837.57,3.36,afternoon,False,,0.166,chen.rahman211@example.com
CUS-0001257,Lucas Nguyen,smb,none,ZN-000173,Atlanta,US,NA,233 Depot Rd,33.282669,-84.703315,2018-01-25,80.0,5963.12,3.86,morning,True,,0.152,lucas.nguyen61@example.com
CUS-0001258,Peter Nguyen,retail_consumer,silver,ZN-000440,Rome,IT,EMEA,216 Harbour Rd,41.892669,12.410725,2022-05-19,8.0,291.85,5.0,evening,False,,0.083,peter.nguyen769@example.com
CUS-0001259,Jun Sharma,smb,none,ZN-000031,Rome,IT,EMEA,315 Kings Rd,41.772791,11.993405,2019-07-27,37.0,17777.01,3.73,afternoon,True,,0.328,jun.sharma294@example.com
CUS-0001260,Peter Muller,enterprise,none,ZN-000149,Osaka,JP,APAC,353 Cedar Ave,34.619555,135.552054,2022-04-15,144.0,5152.45,4.73,afternoon,True,48.0,0.337,peter.muller829@example.com
CUS-0001261,Marcus Kowalski,enterprise,bronze,ZN-000494,Amsterdam,NL,EMEA,88 Union Ave,52.335506,5.085601,2024-12-12,166.0,5992.62,3.61,morning,True,48.0,0.272,marcus.kowalski656@example.com
CUS-0001262,Marcus Fernandez,retail_consumer,silver,ZN-000351,London,GB,EMEA,122 Station Rd,51.447979,-0.131207,2022-04-28,36.0,4188.05,4.25,any,False,,0.501,marcus.fernandez125@example.com
CUS-0001263,Carlos Zhang,smb,platinum,ZN-000239,Sao Paulo,BR,LATAM,154 Harbour Rd,-23.600199,-46.560644,2024-08-27,85.0,2918.28,5.0,evening,True,,0.298,carlos.zhang55@example.com
CUS-0001264,Elena Sharma,retail_consumer,gold,ZN-000355,Los Angeles,US,NA,391 Warehouse St,34.094273,-118.315413,2023-07-15,47.0,1517.82,4.46,any,False,,0.439,elena.sharma503@example.com
CUS-0001265,Anna Weber,retail_consumer,none,ZN-000406,Manchester,GB,EMEA,139 Depot Way,53.526391,-2.265816,2021-12-28,12.0,300.04,4.31,afternoon,False,,0.554,anna.weber724@example.com
CUS-0001266,Ivan Kim,smb,silver,ZN-000487,London,GB,EMEA,12 Kings Blvd,51.608911,-0.126397,2023-01-12,19.0,1178.03,5.0,evening,True,,0.192,ivan.kim850@example.com
CUS-0001267,Anna Fernandez,smb,gold,ZN-000126,London,GB,EMEA,374 Riverside Blvd,51.426234,-0.255084,2018-12-17,20.0,889.05,3.86,any,True,,0.208,anna.fernandez521@example.com
CUS-0001268,Hugo Petrov,retail_consumer,none,ZN-000417,London,GB,EMEA,422 Church Sq,51.5458,-0.120725,2025-08-07,9.0,203.37,4.58,afternoon,False,,0.072,hugo.petrov62@example.com
CUS-0001269,Zara Kowalski,enterprise,silver,ZN-000132,Krakow,PL,EMEA,223 Park Way,49.930526,19.719403,2018-02-27,222.0,15326.56,3.72,afternoon,True,12.0,0.387,zara.kowalski451@example.com
CUS-0001270,Yuki Lindqvist,smb,none,ZN-000132,Krakow,PL,EMEA,312 Station Rd,49.9374,19.677983,2025-06-26,9.0,477.66,4.53,evening,True,,0.251,yuki.lindqvist158@example.com
CUS-0001271,Sofia Yilmaz,retail_consumer,none,ZN-000432,Atlanta,US,NA,265 Central Ln,33.800056,-84.318764,2020-09-12,10.0,7043.83,4.54,afternoon,False,,0.33,sofia.yilmaz633@example.com
CUS-0001272,Peter Rahman,retail_consumer,silver,ZN-000339,Rome,IT,EMEA,441 Bridge St,41.991876,12.437873,2025-12-09,6.0,566.47,3.65,evening,False,,0.272,peter.rahman485@example.com
CUS-0001273,Rahul Rahman,retail_consumer,bronze,ZN-000016,Rome,IT,EMEA,14 Bridge Ave,41.870506,12.486665,2025-03-15,7.0,180.66,4.15,afternoon,False,,0.359,rahul.rahman563@example.com
CUS-0001274,Tomas Muller,enterprise,silver,ZN-000354,Atlanta,US,NA,64 Station Way,33.80702,-84.504618,2021-01-28,113.0,2867.18,5.0,evening,True,24.0,0.299,tomas.muller860@example.com
CUS-0001275,Daniel Fernandez,smb,none,ZN-000064,Atlanta,US,NA,157 Depot Ln,33.801918,-84.416636,2022-11-09,32.0,1645.05,5.0,any,True,,0.663,daniel.fernandez978@example.com
CUS-0001276,Isabella Silva,retail_consumer,none,ZN-000214,Berlin,DE,EMEA,293 Victoria Way,52.594335,13.394715,2021-02-06,4.0,164.69,3.62,afternoon,False,,0.235,isabella.silva876@example.com
CUS-0001277,Tomas Silva,smb,bronze,ZN-000092,London,GB,EMEA,464 Warehouse Sq,51.552326,-0.178695,2024-09-20,22.0,444.64,3.82,evening,True,,0.145,tomas.silva96@example.com
CUS-0001278,Daniel Nguyen,retail_consumer,bronze,ZN-000075,Krakow,PL,EMEA,18 Warehouse Rd,50.076044,19.874107,2021-08-10,4.0,124.1,2.98,morning,False,,0.011,daniel.nguyen387@example.com
CUS-0001279,Alex Rossi,enterprise,bronze,ZN-000013,Delhi,IN,APAC,134 Market Rd,28.818489,77.317291,2018-06-13,53.0,3538.77,3.8,evening,True,24.0,0.118,alex.rossi91@example.com
CUS-0001280,Mateo Rahman,smb,bronze,ZN-000468,Krakow,PL,EMEA,31 Victoria Dr,50.004127,19.934963,2020-08-06,25.0,1506.13,3.62,morning,True,,0.265,mateo.rahman754@example.com
CUS-0001281,Yuki Yilmaz,retail_consumer,bronze,ZN-000112,London,GB,EMEA,257 Warehouse Ln,51.594687,-0.082801,2020-11-09,31.0,591.6,4.83,evening,False,,0.432,yuki.yilmaz944@example.com
CUS-0001282,Mateo Okafor,smb,none,ZN-000478,Los Angeles,US,NA,441 Station Dr,33.956072,-118.033279,2019-11-16,46.0,1550.69,4.7,morning,True,,0.456,mateo.okafor618@example.com
CUS-0001283,Mateo Fernandez,retail_consumer,bronze,ZN-000086,Rome,IT,EMEA,449 Union Rd,41.884539,12.454004,2019-06-22,13.0,655.47,4.42,afternoon,False,,0.178,mateo.fernandez926@example.com
CUS-0001284,Sofia Costa,retail_consumer,none,ZN-000076,Sao Paulo,BR,LATAM,88 Cedar Dr,-23.538793,-46.623021,2020-11-03,28.0,1983.72,4.65,afternoon,False,,0.393,sofia.costa475@example.com
CUS-0001285,Ivan Hansen,enterprise,gold,ZN-000460,Krakow,PL,EMEA,246 Cedar Ln,50.11407,19.927136,2022-02-21,604.0,22533.55,5.0,evening,True,12.0,0.302,ivan.hansen717@example.com
CUS-0001286,Sofia Zhang,retail_consumer,none,ZN-000018,Krakow,PL,EMEA,428 Church Sq,50.110326,19.868045,2021-04-18,5.0,278.67,4.15,morning,False,,0.253,sofia.zhang118@example.com
CUS-0001287,Chen Silva,enterprise,silver,ZN-000477,Shanghai,CN,APAC,383 Pine Blvd,31.171954,121.558017,2018-10-26,439.0,29584.59,4.1,morning,True,24.0,0.27,chen.silva562@example.com
CUS-0001288,Yuki Okafor,enterprise,silver,ZN-000372,Shanghai,CN,APAC,311 Maple St,31.297714,121.487768,2020-06-24,403.0,23164.43,4.99,evening,True,12.0,0.657,yuki.okafor892@example.com
CUS-0001289,Viktor Nakamura,marketplace_seller,gold,ZN-000164,Krakow,PL,EMEA,212 Riverside Ave,50.144843,18.961789,2024-12-24,9.0,591.24,4.44,morning,False,,0.301,viktor.nakamura539@example.com
CUS-0001290,Maria Novak,retail_consumer,bronze,ZN-000061,Los Angeles,US,NA,203 Kings Dr,34.364534,-118.126203,2019-05-31,28.0,6548.72,4.11,any,False,,0.27,maria.novak514@example.com
CUS-0001291,Nikolai Torres,retail_consumer,bronze,ZN-000333,Krakow,PL,EMEA,131 Warehouse Ave,50.290185,19.972018,2025-11-08,23.0,3146.9,4.46,any,False,,0.231,nikolai.torres34@example.com
CUS-0001292,Isabella Lindqvist,enterprise,none,ZN-000494,Amsterdam,NL,EMEA,84 Bridge Way,52.3315,5.035653,2021-10-13,147.0,7674.59,4.01,any,True,48.0,0.333,isabella.lindqvist555@example.com
CUS-0001293,Isabella Nakamura,retail_consumer,gold,ZN-000063,London,GB,EMEA,454 Market Rd,51.62453,-0.149866,2020-03-03,5.0,228.04,4.72,afternoon,False,,0.311,isabella.nakamura53@example.com
CUS-0001294,Freya Brown,retail_consumer,bronze,ZN-000280,Manchester,GB,EMEA,43 Elm Sq,54.085804,-2.075523,2023-10-25,10.0,536.58,4.03,any,False,,0.265,freya.brown899@example.com
CUS-0001295,Maria Weber,retail_consumer,platinum,ZN-000119,Manchester,GB,EMEA,472 Depot St,53.537713,-2.35943,2022-12-20,4.0,81.37,3.77,afternoon,False,,0.31,maria.weber661@example.com
CUS-0001296,Chen Kim,retail_consumer,none,ZN-000076,Sao Paulo,BR,LATAM,424 Church Rd,-23.547818,-46.594436,2020-11-22,27.0,1436.04,3.94,evening,False,,0.23,chen.kim182@example.com
CUS-0001297,Daniel Weber,retail_consumer,none,ZN-000031,Rome,IT,EMEA,75 Grove Way,41.7642,11.96664,2021-12-11,8.0,361.28,3.95,morning,False,,0.028,daniel.weber250@example.com
CUS-0001298,Marcus Smith,enterprise,bronze,ZN-000005,Krakow,PL,EMEA,25 Harbour Dr,50.185737,19.983658,2024-05-15,789.0,15731.33,4.99,afternoon,True,48.0,0.532,marcus.smith872@example.com
CUS-0001299,Fatima Novak,retail_consumer,none,ZN-000087,Osaka,JP,APAC,136 Grove St,34.624372,135.443331,2020-07-25,9.0,255.92,3.06,morning,False,,0.329,fatima.novak700@example.com
CUS-0001300,Isabella Brown,enterprise,bronze,ZN-000403,Atlanta,US,NA,282 Maple Rd,33.929652,-84.44031,2021-07-18,262.0,5281.14,4.64,afternoon,True,24.0,0.385,isabella.brown757@example.com
CUS-0001301,Maria Fernandez,retail_consumer,gold,ZN-000418,Krakow,PL,EMEA,130 Bridge Way,49.806141,20.380324,2020-05-28,6.0,644.37,3.0,any,False,,0.439,maria.fernandez748@example.com
CUS-0001302,Chen Hansen,retail_consumer,none,ZN-000179,Osaka,JP,APAC,14 Pine Way,34.717376,135.570985,2024-08-19,6.0,75.69,4.4,any,False,,0.189,chen.hansen399@example.com
CUS-0001303,Marcus Hansen,marketplace_seller,none,ZN-000129,Amsterdam,NL,EMEA,232 Elm Way,52.371105,4.936419,2020-09-04,15.0,588.39,4.27,evening,False,,0.544,marcus.hansen646@example.com
CUS-0001304,Fatima Weber,retail_consumer,none,ZN-000245,Osaka,JP,APAC,466 Industrial Ave,34.722699,135.408147,2021-06-28,8.0,284.34,4.17,any,False,,0.357,fatima.weber608@example.com
CUS-0001305,Hugo Silva,retail_consumer,none,ZN-000464,Osaka,JP,APAC,241 Riverside St,34.231234,135.029804,2019-07-09,38.0,2444.14,4.08,any,False,,0.519,hugo.silva869@example.com
CUS-0001306,Nikolai Torres,smb,bronze,ZN-000017,Krakow,PL,EMEA,460 Grove Ln,50.098405,19.849764,2018-12-22,17.0,703.7,3.14,evening,True,,0.131,nikolai.torres569@example.com
CUS-0001307,Daniel Nakamura,retail_consumer,none,ZN-000437,Rome,IT,EMEA,295 Grove Blvd,41.899328,12.538654,2019-06-30,12.0,655.34,4.03,evening,False,,0.118,daniel.nakamura736@example.com
CUS-0001308,Carlos Bakker,retail_consumer,none,ZN-000200,London,GB,EMEA,467 Kings Dr,51.432346,-0.149302,2021-10-17,9.0,2398.76,3.79,morning,False,,0.438,carlos.bakker863@example.com
CUS-0001309,Nikolai Okafor,retail_consumer,bronze,ZN-000267,Rome,IT,EMEA,159 Oak Way,41.8142,12.189917,2021-12-17,7.0,256.14,3.43,any,False,,0.347,nikolai.okafor216@example.com
CUS-0001310,Amara Bakker,smb,none,ZN-000074,Krakow,PL,EMEA,449 Elm Way,50.122282,19.999004,2024-07-25,15.0,2236.95,4.51,morning,True,,0.578,amara.bakker991@example.com
CUS-0001311,Alex Costa,retail_consumer,silver,ZN-000098,Rome,IT,EMEA,84 Central Dr,41.881958,13.250634,2022-03-23,19.0,412.21,4.32,afternoon,False,,0.447,alex.costa588@example.com
CUS-0001312,Leila Brown,retail_consumer,bronze,ZN-000477,Shanghai,CN,APAC,153 Industrial Sq,31.150217,121.552866,2024-04-12,16.0,516.96,3.24,evening,False,,0.252,leila.brown700@example.com
CUS-0001313,Nikolai Ivanov,retail_consumer,none,ZN-000128,Shanghai,CN,APAC,448 Harbour Ave,31.279178,121.462857,2021-01-15,7.0,762.04,3.95,morning,False,,0.334,nikolai.ivanov396@example.com
CUS-0001314,Isabella Smith,retail_consumer,none,ZN-000118,London,GB,EMEA,107 Industrial Ln,51.560382,-0.015842,2022-01-13,6.0,921.52,4.8,evening,False,,0.504,isabella.smith28@example.com
CUS-0001315,Grace Torres,retail_consumer,bronze,ZN-000001,Manchester,GB,EMEA,314 Harbour Way,53.38391,-2.258885,2022-02-20,4.0,562.5,4.42,evening,False,,0.259,grace.torres613@example.com
CUS-0001316,Fatima Ivanov,retail_consumer,none,ZN-000057,Jakarta,ID,APAC,171 Warehouse Ln,-6.317047,106.615606,2024-02-08,7.0,191.04,4.6,morning,False,,0.21,fatima.ivanov37@example.com
CUS-0001317,Amara Torres,marketplace_seller,none,ZN-000197,Atlanta,US,NA,25 Elm Rd,33.761685,-84.361892,2019-10-04,10.0,256.82,4.98,evening,False,,0.149,amara.torres373@example.com
CUS-0001318,Ivan Nakamura,retail_consumer,platinum,ZN-000170,Atlanta,US,NA,21 Pine Dr,33.692111,-84.321694,2023-02-06,7.0,435.1,3.29,morning,False,,0.526,ivan.nakamura574@example.com
CUS-0001319,Viktor Bakker,enterprise,none,ZN-000040,Stockholm,SE,EMEA,269 Oak Sq,59.310284,18.086506,2021-10-12,187.0,19817.48,3.86,evening,True,12.0,0.183,viktor.bakker401@example.com
CUS-0001320,Sofia Ivanov,retail_consumer,none,ZN-000340,London,GB,EMEA,118 Harbour St,51.497543,-0.107504,2022-05-07,3.0,96.23,5.0,evening,False,,0.237,sofia.ivanov139@example.com
CUS-0001321,Zara Sharma,retail_consumer,bronze,ZN-000484,Atlanta,US,NA,169 Harbour St,33.779967,-84.430904,2023-05-28,3.0,196.66,3.12,afternoon,False,,0.201,zara.sharma445@example.com
CUS-0001322,Jun Silva,enterprise,gold,ZN-000234,Krakow,PL,EMEA,306 Cedar Blvd,50.09238,19.856471,2019-05-26,187.0,10410.02,4.22,morning,True,48.0,0.209,jun.silva729@example.com
CUS-0001323,Mateo Zhang,retail_consumer,bronze,ZN-000325,Delhi,IN,APAC,54 Central Way,28.605912,77.083876,2020-04-17,12.0,764.85,3.65,afternoon,False,,0.525,mateo.zhang272@example.com
CUS-0001324,Grace Fernandez,retail_consumer,platinum,ZN-000466,Los Angeles,US,NA,469 Station Ave,33.978158,-118.238688,2025-06-27,11.0,503.26,5.0,any,False,,0.583,grace.fernandez500@example.com
CUS-0001325,Diego Ivanov,retail_consumer,bronze,ZN-000011,Berlin,DE,EMEA,461 Pine Rd,52.518805,13.500405,2019-05-20,7.0,143.79,4.29,any,False,,0.472,diego.ivanov168@example.com
CUS-0001326,Tomas Weber,retail_consumer,none,ZN-000174,Jakarta,ID,APAC,182 Depot Ln,-6.164324,106.796346,2024-07-26,9.0,292.83,3.76,any,False,,0.174,tomas.weber929@example.com
CUS-0001327,Grace Kowalski,enterprise,none,ZN-000075,Krakow,PL,EMEA,186 Kings Sq,50.083803,19.849224,2025-06-20,770.0,100564.89,3.85,any,True,48.0,0.181,grace.kowalski310@example.com
CUS-0001328,Diego Weber,retail_consumer,none,ZN-000498,Bengaluru,IN,APAC,299 Grove Rd,13.000728,77.640054,2022-08-16,11.0,972.53,4.03,any,False,,0.268,diego.weber374@example.com
CUS-0001329,Viktor Yilmaz,smb,none,ZN-000290,Rome,IT,EMEA,288 Market St,41.924351,12.360217,2023-04-18,21.0,3849.96,3.25,afternoon,True,,0.028,viktor.yilmaz837@example.com
CUS-0001330,Amara Bakker,smb,none,ZN-000158,Shanghai,CN,APAC,257 Central Sq,31.206102,121.571912,2020-02-04,10.0,649.93,3.06,afternoon,True,,0.694,amara.bakker473@example.com
CUS-0001331,Elena Zhang,smb,none,ZN-000489,Manchester,GB,EMEA,330 Park Way,53.540779,-2.249598,2018-07-25,63.0,4797.98,4.65,evening,True,,0.256,elena.zhang634@example.com
CUS-0001332,Alex Dubois,retail_consumer,bronze,ZN-000255,Los Angeles,US,NA,53 Church Blvd,34.044937,-118.178063,2018-02-23,16.0,714.52,3.33,afternoon,False,,0.445,alex.dubois491@example.com
CUS-0001333,Yuki Nguyen,smb,none,ZN-000430,Manchester,GB,EMEA,314 Cedar Blvd,53.508932,-2.60238,2018-09-30,21.0,2682.78,3.54,afternoon,True,,0.269,yuki.nguyen432@example.com
CUS-0001334,Peter Ali,retail_consumer,platinum,ZN-000406,Manchester,GB,EMEA,226 Oak Sq,53.524377,-2.241443,2019-09-19,23.0,472.8,4.41,morning,False,,0.426,peter.ali499@example.com
CUS-0001335,Leila Garcia,retail_consumer,platinum,ZN-000348,Bengaluru,IN,APAC,213 Riverside Way,12.981767,77.544972,2024-07-01,4.0,230.18,4.34,afternoon,False,,0.486,leila.garcia213@example.com
CUS-0001336,Amara Weber,retail_consumer,none,ZN-000293,Shanghai,CN,APAC,384 Warehouse Ave,31.169154,121.500122,2019-08-29,3.0,100.63,4.25,any,False,,0.312,amara.weber928@example.com
CUS-0001337,Mateo Lindqvist,marketplace_seller,silver,ZN-000067,Los Angeles,US,NA,270 Park Ave,33.832156,-118.235048,2025-11-12,8.0,1247.81,2.65,morning,False,,0.416,mateo.lindqvist170@example.com
CUS-0001338,Aisha Rahman,retail_consumer,platinum,ZN-000392,London,GB,EMEA,398 Central St,51.51213,-0.014904,2020-07-19,15.0,599.08,3.96,morning,False,,0.258,aisha.rahman784@example.com
CUS-0001339,Lucas Costa,retail_consumer,bronze,ZN-000365,Rome,IT,EMEA,232 Elm Way,41.908199,12.580246,2018-03-11,22.0,466.4,4.37,evening,False,,0.263,lucas.costa584@example.com
CUS-0001340,Chen Costa,retail_consumer,bronze,ZN-000421,Shanghai,CN,APAC,162 Harbour Dr,31.148925,121.42434,2025-09-24,4.0,197.44,3.71,afternoon,False,,0.304,chen.costa680@example.com
CUS-0001341,Isabella Silva,retail_consumer,none,ZN-000301,Atlanta,US,NA,83 Grove Blvd,33.674893,-84.375239,2022-05-17,16.0,524.41,3.9,morning,False,,0.391,isabella.silva231@example.com
CUS-0001342,Daniel Garcia,retail_consumer,silver,ZN-000293,Shanghai,CN,APAC,163 Bridge St,31.156704,121.486608,2019-02-12,4.0,76.6,4.25,morning,False,,0.089,daniel.garcia481@example.com
CUS-0001343,Elena Bakker,retail_consumer,silver,ZN-000390,Stockholm,SE,EMEA,141 Kings Rd,59.320731,17.990699,2023-09-15,16.0,667.35,1.73,evening,False,,0.388,elena.bakker93@example.com
CUS-0001344,Amara Silva,smb,none,ZN-000107,London,GB,EMEA,360 Depot Dr,51.533249,-0.120912,2023-11-02,25.0,893.27,2.96,evening,True,,0.541,amara.silva351@example.com
CUS-0001345,Aisha Brown,retail_consumer,bronze,ZN-000172,Jakarta,ID,APAC,243 Oak Dr,-6.155453,106.837363,2022-01-06,15.0,1343.43,3.32,morning,False,,0.114,aisha.brown255@example.com
CUS-0001346,Jun Torres,retail_consumer,none,ZN-000208,London,GB,EMEA,20 Riverside Rd,51.437994,-0.080008,2025-09-30,4.0,92.43,3.01,any,False,,0.512,jun.torres622@example.com
CUS-0001347,Marcus Kim,smb,platinum,ZN-000304,Rome,IT,EMEA,447 Kings Blvd,41.935358,12.556434,2022-02-16,49.0,2888.14,4.69,evening,True,,0.515,marcus.kim40@example.com
CUS-0001348,Marcus Silva,marketplace_seller,silver,ZN-000496,Osaka,JP,APAC,382 Park Ave,34.604276,135.469575,2022-09-24,6.0,715.51,4.73,afternoon,False,,0.452,marcus.silva808@example.com
CUS-0001349,Diego Silva,smb,gold,ZN-000218,Sao Paulo,BR,LATAM,236 Maple St,-23.32252,-46.587908,2024-11-26,15.0,1000.17,3.59,morning,True,,0.32,diego.silva929@example.com
CUS-0001350,Alex Okafor,retail_consumer,none,ZN-000128,Shanghai,CN,APAC,79 Oak Way,31.279811,121.447012,2021-08-07,9.0,391.2,4.22,evening,False,,0.356,alex.okafor869@example.com
CUS-0001351,Marcus Petrov,retail_consumer,none,ZN-000153,Krakow,PL,EMEA,382 Church Way,49.979851,20.195863,2018-11-04,13.0,820.52,4.99,afternoon,False,,0.504,marcus.petrov586@example.com
CUS-0001352,Yuki Rossi,smb,none,ZN-000249,London,GB,EMEA,431 Pine Blvd,51.502528,-0.013899,2024-01-02,10.0,409.97,4.6,morning,True,,0.35,yuki.rossi889@example.com
CUS-0001353,Yuki Rossi,retail_consumer,bronze,ZN-000337,Shanghai,CN,APAC,17 Victoria Way,31.206394,121.43023,2022-03-10,10.0,516.88,5.0,evening,False,,0.374,yuki.rossi671@example.com
CUS-0001354,Aisha Muller,retail_consumer,none,ZN-000305,Jakarta,ID,APAC,33 Central St,-6.279353,106.843584,2021-05-25,19.0,1666.85,4.29,afternoon,False,,0.058,aisha.muller753@example.com
CUS-0001355,Grace Kim,retail_consumer,none,ZN-000388,Atlanta,US,NA,6 Victoria Rd,33.624383,-84.458284,2018-05-28,9.0,155.42,4.17,any,False,,0.486,grace.kim370@example.com
CUS-0001356,Aisha Weber,smb,bronze,ZN-000436,Mexico City,MX,LATAM,251 Victoria Ave,19.788292,-98.741625,2018-10-31,67.0,2617.08,3.88,any,True,,0.328,aisha.weber889@example.com
CUS-0001357,Marcus Garcia,marketplace_seller,bronze,ZN-000129,Amsterdam,NL,EMEA,467 Market St,52.388982,4.953661,2022-05-28,12.0,173.91,4.91,afternoon,False,,0.125,marcus.garcia508@example.com
CUS-0001358,Amara Garcia,retail_consumer,silver,ZN-000097,Atlanta,US,NA,340 Oak Ave,33.813198,-84.460974,2024-09-21,5.0,450.37,4.33,any,False,,0.169,amara.garcia273@example.com
CUS-0001359,Nikolai Sharma,marketplace_seller,none,ZN-000425,Rome,IT,EMEA,23 Church Sq,41.8342,12.5354,2019-07-05,4.0,76.27,4.28,afternoon,False,,0.299,nikolai.sharma746@example.com
CUS-0001360,Lucas Silva,retail_consumer,platinum,ZN-000112,London,GB,EMEA,285 Riverside Dr,51.618513,-0.102161,2021-08-23,21.0,1507.33,4.44,afternoon,False,,0.415,lucas.silva291@example.com
CUS-0001361,Viktor Sharma,retail_consumer,bronze,ZN-000191,Bengaluru,IN,APAC,156 Harbour Ln,12.919075,77.541125,2019-12-04,5.0,145.45,4.66,afternoon,False,,0.379,viktor.sharma467@example.com
CUS-0001362,Mateo Dubois,retail_consumer,none,ZN-000317,Manchester,GB,EMEA,286 Kings Ave,53.470878,-2.370168,2023-02-24,23.0,770.25,4.71,afternoon,False,,0.349,mateo.dubois632@example.com
CUS-0001363,Zara Rahman,retail_consumer,bronze,ZN-000147,Osaka,JP,APAC,120 Victoria Rd,34.672293,135.617066,2021-08-01,11.0,1313.65,4.77,afternoon,False,,0.276,zara.rahman601@example.com
CUS-0001364,Freya Brown,retail_consumer,none,ZN-000465,Krakow,PL,EMEA,31 Cedar Blvd,49.913206,19.566892,2020-04-11,15.0,784.32,4.7,morning,False,,0.311,freya.brown61@example.com
CUS-0001365,Nadia Kim,smb,gold,ZN-000064,Atlanta,US,NA,351 Maple St,33.836122,-84.390998,2025-04-12,13.0,785.87,4.52,morning,True,,0.21,nadia.kim541@example.com
CUS-0001366,Lucas Okafor,public_sector,none,ZN-000167,Shanghai,CN,APAC,27 Elm Ave,31.150063,121.461913,2021-04-25,3.0,428.57,4.28,any,True,24.0,0.148,lucas.okafor362@example.com
CUS-0001367,Viktor Ali,retail_consumer,none,ZN-000351,London,GB,EMEA,261 Central Blvd,51.441739,-0.161943,2021-02-16,1.0,34.1,4.34,morning,False,,0.351,viktor.ali386@example.com
CUS-0001368,Chen Nakamura,public_sector,none,ZN-000397,Krakow,PL,EMEA,107 Union Way,50.117488,19.861826,2020-04-22,5.0,338.14,3.67,any,True,12.0,0.327,chen.nakamura418@example.com
CUS-0001369,Hugo Muller,retail_consumer,none,ZN-000183,Sao Paulo,BR,LATAM,234 Union St,-23.601531,-46.671109,2025-07-04,6.0,167.58,3.59,evening,False,,0.412,hugo.muller673@example.com
CUS-0001370,Nikolai Dubois,enterprise,bronze,ZN-000371,Amsterdam,NL,EMEA,420 Oak Rd,52.328686,4.95076,2023-07-14,687.0,29179.33,4.57,morning,True,12.0,0.653,nikolai.dubois878@example.com
CUS-0001371,Peter Lindqvist,retail_consumer,bronze,ZN-000328,Manchester,GB,EMEA,173 Station Rd,53.568431,-2.292107,2019-02-02,2.0,109.12,2.89,any,False,,0.585,peter.lindqvist617@example.com
CUS-0001372,Nadia Sharma,enterprise,gold,ZN-000180,Manchester,GB,EMEA,175 Bridge Ave,53.506088,-2.125523,2023-01-30,129.0,7770.87,4.45,afternoon,True,48.0,0.256,nadia.sharma677@example.com
CUS-0001373,Yuki Silva,enterprise,silver,ZN-000207,Berlin,DE,EMEA,109 Oak Way,52.591165,13.400839,2023-07-21,350.0,19618.59,3.42,afternoon,True,24.0,0.489,yuki.silva937@example.com
CUS-0001374,Lucas Costa,retail_consumer,gold,ZN-000124,London,GB,EMEA,430 Cedar Sq,51.489009,-0.026133,2020-02-12,25.0,1458.14,5.0,any,False,,0.256,lucas.costa739@example.com
CUS-0001375,Maria Brown,retail_consumer,silver,ZN-000071,Shanghai,CN,APAC,289 Oak Dr,31.194389,121.448743,2024-05-21,4.0,698.59,4.8,evening,False,,0.0,maria.brown399@example.com
CUS-0001376,Amara Brown,retail_consumer,none,ZN-000432,Atlanta,US,NA,331 Park Sq,33.789768,-84.288648,2020-03-31,6.0,225.0,4.62,morning,False,,0.345,amara.brown119@example.com
CUS-0001377,Ivan Petrov,retail_consumer,none,ZN-000201,Amsterdam,NL,EMEA,23 Pine Blvd,52.443765,4.907198,2019-02-14,10.0,554.02,4.88,morning,False,,0.327,ivan.petrov533@example.com
CUS-0001378,Viktor Silva,enterprise,none,ZN-000363,Bengaluru,IN,APAC,172 Industrial St,13.023713,77.565803,2024-11-02,1125.0,52708.89,3.6,morning,True,12.0,0.204,viktor.silva208@example.com
CUS-0001379,Yuki Muller,retail_consumer,bronze,ZN-000249,London,GB,EMEA,89 Bridge Way,51.508423,0.049376,2023-03-15,5.0,454.58,4.72,evening,False,,0.499,yuki.muller728@example.com
CUS-0001380,Anna Petrov,retail_consumer,none,ZN-000259,Amsterdam,NL,EMEA,45 Victoria Way,52.448342,4.928259,2019-08-28,18.0,1005.99,4.84,any,False,,0.214,anna.petrov183@example.com
CUS-0001381,Chen Smith,retail_consumer,bronze,ZN-000267,Rome,IT,EMEA,41 Victoria Rd,41.81771,12.221453,2024-12-17,12.0,795.23,4.11,evening,False,,0.146,chen.smith939@example.com
CUS-0001382,Alex Kowalski,enterprise,bronze,ZN-000372,Shanghai,CN,APAC,348 Warehouse Ave,31.300486,121.474897,2019-08-26,166.0,5208.62,4.91,evening,True,12.0,0.251,alex.kowalski415@example.com
CUS-0001383,Sofia Fernandez,retail_consumer,bronze,ZN-000070,Delhi,IN,APAC,111 Central Ave,28.654266,77.108331,2024-07-04,27.0,875.28,3.59,afternoon,False,,0.145,sofia.fernandez108@example.com
CUS-0001384,Zara Fernandez,marketplace_seller,none,ZN-000324,Rome,IT,EMEA,423 Oak Blvd,41.968344,12.568369,2018-10-20,5.0,354.66,3.63,afternoon,False,,0.0,zara.fernandez255@example.com
CUS-0001385,Aisha Petrov,retail_consumer,none,ZN-000114,London,GB,EMEA,132 Central St,51.826089,-0.706668,2024-05-10,6.0,273.87,4.6,afternoon,False,,0.354,aisha.petrov977@example.com
CUS-0001386,Viktor Rossi,retail_consumer,none,ZN-000264,Shanghai,CN,APAC,479 Elm Sq,31.245835,121.376357,2018-04-06,5.0,770.55,4.44,evening,False,,0.283,viktor.rossi419@example.com
CUS-0001387,Zara Smith,smb,silver,ZN-000400,Amsterdam,NL,EMEA,102 Kings Ln,52.414255,4.834377,2018-08-29,44.0,3365.84,4.31,evening,True,,0.161,zara.smith36@example.com
CUS-0001388,Peter Okafor,retail_consumer,silver,ZN-000170,Atlanta,US,NA,245 Kings Ln,33.678915,-84.351374,2020-01-16,11.0,1383.7,3.11,evening,False,,0.097,peter.okafor319@example.com
CUS-0001389,Isabella Costa,retail_consumer,silver,ZN-000170,Atlanta,US,NA,135 Elm Rd,33.699252,-84.311355,2024-04-17,9.0,356.16,3.78,morning,False,,0.281,isabella.costa217@example.com
CUS-0001390,Lucas Nguyen,retail_consumer,gold,ZN-000291,Atlanta,US,NA,381 Pine Sq,33.738759,-84.269747,2019-06-11,4.0,156.29,4.13,afternoon,False,,0.395,lucas.nguyen408@example.com
CUS-0001391,Diego Sharma,retail_consumer,none,ZN-000435,Los Angeles,US,NA,343 Riverside Dr,34.098135,-118.226935,2018-02-03,8.0,597.57,4.65,evening,False,,0.415,diego.sharma389@example.com
CUS-0001392,Daniel Zhang,retail_consumer,none,ZN-000371,Amsterdam,NL,EMEA,92 Kings Blvd,52.34332,4.920827,2018-05-04,4.0,233.13,3.11,evening,False,,0.0,daniel.zhang646@example.com
CUS-0001393,Alex Brown,retail_consumer,bronze,ZN-000201,Amsterdam,NL,EMEA,183 Station Rd,52.471823,4.88108,2020-10-16,29.0,1027.61,5.0,afternoon,False,,0.104,alex.brown85@example.com
CUS-0001394,Yuki Kowalski,public_sector,none,ZN-000101,Krakow,PL,EMEA,257 Park Blvd,50.017745,19.865225,2024-03-26,35.0,16908.71,3.0,any,True,24.0,0.371,yuki.kowalski150@example.com
CUS-0001395,Diego Nakamura,smb,silver,ZN-000175,Los Angeles,US,NA,215 Riverside St,34.088373,-118.036683,2019-03-17,70.0,3890.73,4.88,any,True,,0.346,diego.nakamura660@example.com
CUS-0001396,Yuki Dubois,retail_consumer,gold,ZN-000200,London,GB,EMEA,98 Market St,51.451844,-0.132638,2025-11-02,44.0,3494.65,3.82,evening,False,,0.404,yuki.dubois182@example.com
CUS-0001397,Ivan Ivanov,enterprise,bronze,ZN-000066,Jakarta,ID,APAC,163 Industrial St,-6.195828,106.854001,2024-02-26,347.0,15491.97,4.48,evening,True,12.0,0.405,ivan.ivanov565@example.com
CUS-0001398,Rahul Moreau,retail_consumer,gold,ZN-000081,Berlin,DE,EMEA,92 Market St,52.516274,13.534639,2025-04-23,4.0,337.39,4.49,evening,False,,0.256,rahul.moreau446@example.com
CUS-0001399,Sofia Nguyen,retail_consumer,silver,ZN-000497,Berlin,DE,EMEA,224 Market Ave,52.452768,13.438171,2018-09-08,17.0,424.75,4.64,afternoon,False,,0.482,sofia.nguyen586@example.com
CUS-0001400,Alex Nakamura,retail_consumer,gold,ZN-000453,Krakow,PL,EMEA,91 Station Dr,50.079479,19.947364,2022-03-26,41.0,1224.44,3.48,morning,False,,0.367,alex.nakamura830@example.com
CUS-0001401,Ivan Zhang,smb,silver,ZN-000184,London,GB,EMEA,410 Union Way,51.47135,-0.038424,2020-10-20,14.0,813.01,3.2,afternoon,True,,0.28,ivan.zhang985@example.com
CUS-0001402,Tomas Nakamura,smb,bronze,ZN-000116,Delhi,IN,APAC,212 Riverside Way,28.658971,77.127767,2019-01-14,17.0,835.94,2.93,any,True,,0.426,tomas.nakamura34@example.com
CUS-0001403,Nikolai Fernandez,retail_consumer,bronze,ZN-000332,Delhi,IN,APAC,24 Pine Ave,28.778487,77.038308,2024-11-11,23.0,871.41,4.12,afternoon,False,,0.433,nikolai.fernandez660@example.com
CUS-0001404,Nadia Garcia,retail_consumer,gold,ZN-000392,London,GB,EMEA,272 Market St,51.524685,0.006542,2023-09-14,20.0,726.59,3.51,evening,False,,0.143,nadia.garcia971@example.com
CUS-0001405,Sofia Kim,retail_consumer,gold,ZN-000028,Shanghai,CN,APAC,191 Maple Sq,31.230273,121.464742,2021-07-12,28.0,655.17,3.61,any,False,,0.427,sofia.kim56@example.com
CUS-0001406,Maria Rahman,retail_consumer,none,ZN-000053,Shanghai,CN,APAC,151 Oak Way,31.252893,121.502108,2021-03-18,19.0,1439.57,3.55,evening,False,,0.436,maria.rahman52@example.com
CUS-0001407,Carlos Moreau,smb,none,ZN-000211,Osaka,JP,APAC,298 Grove Sq,34.603316,135.485156,2023-12-04,19.0,649.06,4.68,morning,True,,0.39,carlos.moreau796@example.com
CUS-0001408,Leila Fernandez,retail_consumer,none,ZN-000429,Stockholm,SE,EMEA,311 Kings Rd,59.335558,17.900042,2021-06-23,8.0,927.6,3.17,morning,False,,0.394,leila.fernandez517@example.com
CUS-0001409,Nikolai Moreau,marketplace_seller,bronze,ZN-000060,Delhi,IN,APAC,120 Victoria St,28.646764,77.141707,2025-05-19,5.0,70.05,4.49,any,False,,0.0,nikolai.moreau21@example.com
CUS-0001410,Isabella Hansen,retail_consumer,none,ZN-000377,Bengaluru,IN,APAC,71 Grove Ave,12.977855,77.629668,2025-07-09,6.0,413.27,3.93,evening,False,,0.181,isabella.hansen189@example.com
CUS-0001411,Grace Rahman,retail_consumer,none,ZN-000078,Berlin,DE,EMEA,448 Warehouse Rd,52.568697,13.378051,2022-08-30,3.0,124.82,2.78,morning,False,,0.291,grace.rahman100@example.com
CUS-0001412,Nadia Novak,retail_consumer,gold,ZN-000302,Delhi,IN,APAC,242 Riverside Blvd,28.768675,77.138642,2018-05-20,27.0,2225.33,3.27,morning,False,,0.201,nadia.novak958@example.com
CUS-0001413,Daniel Fernandez,retail_consumer,none,ZN-000111,Osaka,JP,APAC,14 Riverside Sq,34.621971,135.533523,2020-08-19,15.0,938.23,4.51,any,False,,0.023,daniel.fernandez174@example.com
CUS-0001414,Fatima Kim,marketplace_seller,none,ZN-000190,Jakarta,ID,APAC,170 Harbour Dr,-6.263572,106.811079,2025-10-03,27.0,438.53,5.0,evening,False,,0.0,fatima.kim490@example.com
CUS-0001415,Daniel Muller,retail_consumer,none,ZN-000284,Bengaluru,IN,APAC,331 Depot Ave,13.004938,77.564012,2020-09-07,4.0,188.09,3.57,any,False,,0.289,daniel.muller163@example.com
CUS-0001416,Leila Sharma,retail_consumer,gold,ZN-000109,Atlanta,US,NA,432 Church Ln,33.97981,-84.307668,2020-07-12,5.0,102.36,4.18,any,False,,0.255,leila.sharma892@example.com
CUS-0001417,Leila Sharma,retail_consumer,none,ZN-000490,London,GB,EMEA,383 Market St,51.480393,-0.019619,2023-12-21,2.0,36.65,4.24,evening,False,,0.476,leila.sharma262@example.com
CUS-0001418,Lucas Rossi,retail_consumer,platinum,ZN-000182,Manchester,GB,EMEA,266 Riverside Dr,53.452481,-2.520183,2020-04-16,15.0,5816.9,4.91,morning,False,,0.293,lucas.rossi170@example.com
CUS-0001419,Marcus Garcia,retail_consumer,silver,ZN-000102,Delhi,IN,APAC,97 Maple Blvd,28.741529,77.111786,2018-09-10,10.0,525.95,3.49,evening,False,,0.576,marcus.garcia185@example.com
CUS-0001420,Priya Novak,smb,gold,ZN-000417,London,GB,EMEA,413 Victoria Rd,51.523554,-0.089656,2025-04-10,19.0,695.93,4.73,afternoon,True,,0.259,priya.novak252@example.com
CUS-0001421,Peter Bakker,public_sector,gold,ZN-000350,Stockholm,SE,EMEA,131 Central Rd,59.094519,17.856898,2024-05-25,13.0,398.0,4.05,evening,True,48.0,0.163,peter.bakker152@example.com
CUS-0001422,Carlos Ivanov,enterprise,silver,ZN-000287,Stockholm,SE,EMEA,278 Grove Way,59.384301,17.889342,2019-09-18,217.0,19599.54,5.0,afternoon,True,12.0,0.448,carlos.ivanov52@example.com
CUS-0001423,Jun Costa,retail_consumer,none,ZN-000231,Berlin,DE,EMEA,156 Cedar Dr,52.525011,13.549441,2024-01-12,4.0,87.03,4.38,evening,False,,0.169,jun.costa863@example.com
CUS-0001424,Tomas Hansen,retail_consumer,none,ZN-000275,London,GB,EMEA,262 Grove Rd,51.590378,-0.147131,2024-08-19,6.0,480.99,4.89,afternoon,False,,0.035,tomas.hansen818@example.com
CUS-0001425,Amara Costa,enterprise,none,ZN-000345,Stockholm,SE,EMEA,410 Maple St,59.420501,18.019101,2019-05-19,449.0,23939.58,3.27,evening,True,12.0,0.282,amara.costa424@example.com
CUS-0001426,Sofia Fernandez,retail_consumer,platinum,ZN-000169,Rome,IT,EMEA,41 Church Way,42.004183,12.534483,2022-07-01,31.0,717.91,4.27,any,False,,0.154,sofia.fernandez162@example.com
CUS-0001427,Ivan Zhang,retail_consumer,none,ZN-000373,Amsterdam,NL,EMEA,65 Warehouse Ave,52.308622,4.880276,2025-05-18,10.0,2179.22,5.0,morning,False,,0.527,ivan.zhang805@example.com
CUS-0001428,Anna Fernandez,retail_consumer,silver,ZN-000444,Osaka,JP,APAC,146 Cedar Dr,34.6445,135.494193,2019-11-30,8.0,378.35,3.49,afternoon,False,,0.532,anna.fernandez104@example.com
CUS-0001429,Grace Zhang,enterprise,bronze,ZN-000269,Mexico City,MX,LATAM,287 Elm St,19.485271,-99.102853,2020-09-22,514.0,9140.47,4.26,morning,True,24.0,0.237,grace.zhang85@example.com
CUS-0001430,Yuki Torres,marketplace_seller,silver,ZN-000134,Berlin,DE,EMEA,39 Church Sq,52.868798,13.904084,2022-02-03,5.0,708.74,4.68,morning,False,,0.098,yuki.torres110@example.com
CUS-0001431,Sofia Weber,smb,none,ZN-000087,Osaka,JP,APAC,123 Central Rd,34.643115,135.452183,2022-01-26,21.0,776.36,5.0,any,True,,0.062,sofia.weber823@example.com
CUS-0001432,Priya Costa,retail_consumer,none,ZN-000256,Osaka,JP,APAC,377 Bridge Blvd,34.638689,135.654611,2024-09-21,12.0,354.45,3.4,evening,False,,0.59,priya.costa390@example.com
CUS-0001433,Marcus Nguyen,marketplace_seller,none,ZN-000322,London,GB,EMEA,460 Central Ave,51.469406,-0.057514,2025-09-23,38.0,1251.41,4.56,morning,False,,0.369,marcus.nguyen428@example.com
CUS-0001434,Zara Weber,retail_consumer,gold,ZN-000100,Shanghai,CN,APAC,269 Victoria Rd,31.192752,121.384554,2021-04-24,3.0,75.99,3.38,afternoon,False,,0.095,zara.weber310@example.com
CUS-0001435,Jun Okafor,smb,platinum,ZN-000145,London,GB,EMEA,262 Industrial Dr,51.503721,-0.085891,2020-08-20,18.0,1561.74,4.22,morning,True,,0.199,jun.okafor739@example.com
CUS-0001436,Rahul Muller,enterprise,none,ZN-000351,London,GB,EMEA,371 Central St,51.420707,-0.14187,2019-03-31,474.0,9896.21,3.08,any,True,48.0,0.143,rahul.muller531@example.com
CUS-0001437,Sofia Dubois,retail_consumer,bronze,ZN-000145,London,GB,EMEA,239 Cedar Rd,51.475466,-0.13006,2025-07-06,2.0,109.86,3.22,evening,False,,0.281,sofia.dubois413@example.com
CUS-0001438,Nikolai Lindqvist,retail_consumer,bronze,ZN-000328,Manchester,GB,EMEA,46 Harbour Rd,53.582679,-2.297344,2024-09-23,25.0,546.47,4.26,morning,False,,0.051,nikolai.lindqvist381@example.com
CUS-0001439,Isabella Bakker,retail_consumer,none,ZN-000499,Delhi,IN,APAC,82 Depot St,28.764275,77.112103,2024-07-24,19.0,806.74,5.0,afternoon,False,,0.397,isabella.bakker511@example.com
CUS-0001440,Viktor Fernandez,retail_consumer,none,ZN-000468,Krakow,PL,EMEA,323 Warehouse Ave,50.003443,19.938158,2018-12-15,21.0,2600.82,3.4,afternoon,False,,0.297,viktor.fernandez523@example.com
CUS-0001441,Zara Nguyen,enterprise,none,ZN-000481,Rome,IT,EMEA,45 Warehouse Sq,41.880684,12.480223,2020-09-25,302.0,8244.52,4.78,evening,True,48.0,0.361,zara.nguyen359@example.com
CUS-0001442,Ivan Nakamura,retail_consumer,bronze,ZN-000450,Krakow,PL,EMEA,244 Bridge Dr,50.111674,19.923848,2021-06-09,16.0,437.93,4.44,morning,False,,0.22,ivan.nakamura245@example.com
CUS-0001443,Alex Nakamura,retail_consumer,bronze,ZN-000434,Rome,IT,EMEA,323 Kings Ave,41.965907,12.496812,2020-09-24,15.0,491.08,3.58,morning,False,,0.069,alex.nakamura265@example.com
CUS-0001444,Tomas Kowalski,smb,none,ZN-000291,Atlanta,US,NA,311 Bridge Sq,33.713875,-84.301919,2021-05-12,62.0,1858.18,4.18,afternoon,True,,0.271,tomas.kowalski389@example.com
CUS-0001445,Alex Nakamura,retail_consumer,silver,ZN-000238,Rome,IT,EMEA,64 Maple Blvd,41.925259,12.462161,2021-08-22,19.0,1620.28,4.06,morning,False,,0.454,alex.nakamura107@example.com
CUS-0001446,Amara Smith,smb,bronze,ZN-000366,London,GB,EMEA,346 Industrial Sq,51.473343,-0.023681,2023-01-27,54.0,2754.17,3.73,morning,True,,0.234,amara.smith417@example.com
CUS-0001447,Diego Garcia,smb,silver,ZN-000367,Shanghai,CN,APAC,473 Maple Way,31.245249,121.573945,2021-04-01,20.0,1346.55,4.77,any,True,,0.023,diego.garcia131@example.com
CUS-0001448,Chen Weber,retail_consumer,silver,ZN-000024,Los Angeles,US,NA,19 Grove Blvd,33.968311,-118.2811,2023-11-01,26.0,639.62,4.77,evening,False,,0.427,chen.weber486@example.com
CUS-0001449,Peter Ali,smb,gold,ZN-000406,Manchester,GB,EMEA,297 Bridge Ave,53.51527,-2.232644,2023-02-11,18.0,884.9,4.21,any,True,,0.191,peter.ali536@example.com
CUS-0001450,Tomas Okafor,smb,none,ZN-000419,Manchester,GB,EMEA,190 Warehouse Blvd,53.405542,-2.299208,2020-11-24,13.0,735.85,4.48,any,True,,0.191,tomas.okafor585@example.com
CUS-0001451,Carlos Kim,smb,silver,ZN-000071,Shanghai,CN,APAC,246 Market Ln,31.188204,121.484472,2020-06-23,14.0,793.25,3.88,evening,True,,0.062,carlos.kim371@example.com
CUS-0001452,Priya Rossi,enterprise,bronze,ZN-000267,Rome,IT,EMEA,170 Elm Rd,41.83839,12.183774,2018-03-24,230.0,8310.37,4.27,afternoon,True,24.0,0.124,priya.rossi165@example.com
CUS-0001453,Alex Sharma,smb,none,ZN-000325,Delhi,IN,APAC,4 Cedar Dr,28.607646,77.090527,2020-06-27,25.0,696.23,3.7,afternoon,True,,0.167,alex.sharma639@example.com
CUS-0001454,Peter Rossi,retail_consumer,none,ZN-000440,Rome,IT,EMEA,244 Warehouse Ave,41.878871,12.391878,2024-06-29,70.0,3919.61,4.05,afternoon,False,,0.304,peter.rossi66@example.com
CUS-0001455,Maria Lindqvist,retail_consumer,silver,ZN-000308,Delhi,IN,APAC,342 Riverside Rd,28.732714,77.074063,2025-05-16,46.0,24689.86,4.1,evening,False,,0.183,maria.lindqvist181@example.com
CUS-0001456,Priya Zhang,enterprise,bronze,ZN-000322,London,GB,EMEA,61 Market Ln,51.489545,-0.087946,2023-03-11,450.0,74188.13,2.95,afternoon,True,24.0,0.188,priya.zhang543@example.com
CUS-0001457,Leila Nguyen,retail_consumer,none,ZN-000416,Atlanta,US,NA,2 Maple St,33.72901,-84.476915,2024-10-30,6.0,174.45,4.26,afternoon,False,,0.205,leila.nguyen175@example.com
CUS-0001458,Carlos Fernandez,retail_consumer,bronze,ZN-000181,London,GB,EMEA,69 Pine Ln,51.482772,-0.208985,2025-03-21,7.0,271.9,3.76,evening,False,,0.115,carlos.fernandez225@example.com
CUS-0001459,Lucas Weber,retail_consumer,bronze,ZN-000004,London,GB,EMEA,264 Riverside Ln,51.417761,0.078939,2024-05-12,18.0,715.65,3.03,afternoon,False,,0.047,lucas.weber251@example.com
CUS-0001460,Yuki Nguyen,smb,none,ZN-000222,Bengaluru,IN,APAC,325 Victoria Ln,13.00412,77.507525,2024-09-10,35.0,2604.17,3.76,evening,True,,0.498,yuki.nguyen492@example.com
CUS-0001461,Viktor Nakamura,retail_consumer,platinum,ZN-000242,Atlanta,US,NA,400 Central Way,33.745075,-84.475754,2019-07-20,24.0,2088.46,3.44,afternoon,False,,0.119,viktor.nakamura208@example.com
CUS-0001462,Nikolai Rahman,enterprise,bronze,ZN-000138,Jakarta,ID,APAC,324 Grove Way,-6.224271,106.93201,2023-07-21,87.0,2130.63,3.77,afternoon,True,48.0,0.381,nikolai.rahman519@example.com
CUS-0001463,Elena Torres,marketplace_seller,none,ZN-000387,Atlanta,US,NA,340 Pine Sq,33.828761,-84.350866,2022-01-15,9.0,155.22,4.83,morning,False,,0.345,elena.torres448@example.com
CUS-0001464,Elena Novak,retail_consumer,platinum,ZN-000108,Krakow,PL,EMEA,225 Warehouse Way,50.003475,20.013475,2024-01-14,6.0,538.25,2.97,morning,False,,0.437,elena.novak829@example.com
CUS-0001465,Omar Kowalski,marketplace_seller,silver,ZN-000393,Rome,IT,EMEA,360 Pine Sq,41.985114,12.589098,2020-11-18,4.0,242.34,4.06,evening,False,,0.343,omar.kowalski517@example.com
CUS-0001466,Alex Nakamura,retail_consumer,bronze,ZN-000180,Manchester,GB,EMEA,436 Station Ave,53.509106,-2.139534,2023-01-11,4.0,73.31,4.22,any,False,,0.0,alex.nakamura761@example.com
CUS-0001467,Ivan Rahman,retail_consumer,none,ZN-000416,Atlanta,US,NA,286 Market Ave,33.765037,-84.507831,2022-07-15,6.0,559.1,4.21,evening,False,,0.36,ivan.rahman856@example.com
CUS-0001468,Leila Costa,retail_consumer,none,ZN-000020,Bengaluru,IN,APAC,295 Church Dr,12.976337,77.547544,2018-06-04,8.0,306.1,3.99,afternoon,False,,0.353,leila.costa718@example.com
CUS-0001469,Sofia Smith,smb,none,ZN-000497,Berlin,DE,EMEA,298 Warehouse Rd,52.425496,13.404934,2025-03-27,13.0,276.27,4.03,any,True,,0.244,sofia.smith693@example.com
CUS-0001470,Aisha Zhang,enterprise,none,ZN-000284,Bengaluru,IN,APAC,64 Victoria Ave,13.007735,77.572775,2022-07-22,242.0,5953.71,4.08,evening,True,12.0,0.402,aisha.zhang30@example.com
CUS-0001471,Alex Novak,smb,gold,ZN-000225,London,GB,EMEA,10 Church Ln,51.535544,-0.1911,2020-10-08,71.0,2569.35,4.12,afternoon,True,,0.236,alex.novak471@example.com
CUS-0001472,Nikolai Nguyen,public_sector,bronze,ZN-000013,Delhi,IN,APAC,459 Grove Dr,28.801087,77.360715,2022-03-10,22.0,3273.67,3.06,evening,True,48.0,0.098,nikolai.nguyen949@example.com
CUS-0001473,Peter Torres,smb,silver,ZN-000375,Manchester,GB,EMEA,293 Church Dr,53.526016,-2.211382,2019-11-21,22.0,496.35,3.72,evening,True,,0.343,peter.torres962@example.com
CUS-0001474,Sofia Garcia,public_sector,silver,ZN-000378,Manchester,GB,EMEA,156 Station Blvd,52.923219,-1.913591,2021-10-15,9.0,675.05,5.0,evening,True,24.0,0.077,sofia.garcia341@example.com
CUS-0001475,Amara Ivanov,enterprise,gold,ZN-000044,Krakow,PL,EMEA,31 Maple Sq,50.114687,19.849981,2023-07-12,1758.0,48686.65,4.85,any,True,12.0,0.0,amara.ivanov10@example.com
CUS-0001476,Tomas Kowalski,retail_consumer,silver,ZN-000232,Manchester,GB,EMEA,193 Park Rd,53.425666,-2.304136,2025-02-19,4.0,124.37,4.44,any,False,,0.57,tomas.kowalski621@example.com
CUS-0001477,Hugo Kim,retail_consumer,gold,ZN-000489,Manchester,GB,EMEA,205 Grove Blvd,53.562289,-2.294582,2018-02-28,43.0,5711.32,4.57,afternoon,False,,0.26,hugo.kim386@example.com
CUS-0001478,Viktor Rahman,enterprise,bronze,ZN-000003,London,GB,EMEA,322 Harbour St,51.530772,-0.087343,2021-02-16,309.0,4267.27,3.6,evening,True,12.0,0.15,viktor.rahman660@example.com
CUS-0001479,Fatima Nguyen,enterprise,silver,ZN-000163,Delhi,IN,APAC,258 Church Dr,28.716713,77.004954,2020-12-26,81.0,2156.74,4.57,any,True,24.0,0.316,fatima.nguyen870@example.com
CUS-0001480,Anna Kim,smb,none,ZN-000019,Krakow,PL,EMEA,218 Church Dr,50.048317,19.957706,2023-03-16,35.0,1421.87,4.4,afternoon,True,,0.098,anna.kim729@example.com
CUS-0001481,Nadia Petrov,enterprise,bronze,ZN-000151,Delhi,IN,APAC,394 Station Ave,28.692044,77.052534,2021-03-01,96.0,7294.46,4.74,evening,True,48.0,0.0,nadia.petrov244@example.com
CUS-0001482,Alex Weber,enterprise,gold,ZN-000090,Bengaluru,IN,APAC,24 Oak Sq,13.056514,77.591887,2018-02-12,226.0,8715.78,4.55,morning,True,48.0,0.05,alex.weber748@example.com
CUS-0001483,Omar Hansen,retail_consumer,bronze,ZN-000046,Manchester,GB,EMEA,237 Bridge Blvd,53.566305,-2.276974,2020-09-28,11.0,936.55,5.0,morning,False,,0.259,omar.hansen260@example.com
CUS-0001484,Yuki Garcia,enterprise,gold,ZN-000473,London,GB,EMEA,13 Oak Way,51.417226,-0.096991,2024-08-14,219.0,13212.51,4.11,evening,True,48.0,0.212,yuki.garcia773@example.com
CUS-0001485,Daniel Okafor,smb,bronze,ZN-000142,Manchester,GB,EMEA,238 Market St,53.241686,-2.309689,2022-01-24,82.0,2665.2,3.32,evening,True,,0.484,daniel.okafor253@example.com
CUS-0001486,Nikolai Kowalski,smb,bronze,ZN-000373,Amsterdam,NL,EMEA,267 Pine Way,52.315087,4.870786,2019-04-16,34.0,1962.76,4.89,afternoon,True,,0.0,nikolai.kowalski123@example.com
CUS-0001487,Chen Yilmaz,enterprise,silver,ZN-000061,Los Angeles,US,NA,254 Maple Rd,34.370765,-118.077283,2025-11-05,366.0,6798.44,4.18,evening,True,48.0,0.514,chen.yilmaz234@example.com
CUS-0001488,Carlos Ivanov,smb,silver,ZN-000470,Shanghai,CN,APAC,464 Union Sq,31.215321,121.366735,2018-09-02,26.0,1504.26,3.37,evening,True,,0.345,carlos.ivanov443@example.com
CUS-0001489,Diego Ivanov,smb,bronze,ZN-000087,Osaka,JP,APAC,11 Park Ln,34.656157,135.454677,2022-07-19,19.0,712.79,4.89,morning,True,,0.387,diego.ivanov247@example.com
CUS-0001490,Nikolai Costa,retail_consumer,silver,ZN-000044,Krakow,PL,EMEA,368 Harbour Way,50.110793,19.845344,2020-10-20,11.0,732.84,3.52,afternoon,False,,0.631,nikolai.costa176@example.com
CUS-0001491,Peter Hansen,retail_consumer,none,ZN-000286,Mexico City,MX,LATAM,37 Bridge Sq,19.412114,-99.05068,2020-08-27,21.0,3972.08,3.92,any,False,,0.151,peter.hansen684@example.com
CUS-0001492,Sofia Costa,smb,gold,ZN-000345,Stockholm,SE,EMEA,376 Depot St,59.415781,18.057711,2021-03-24,25.0,616.11,5.0,evening,True,,0.318,sofia.costa283@example.com
CUS-0001493,Zara Bakker,retail_consumer,none,ZN-000314,Bengaluru,IN,APAC,297 Industrial St,12.996073,77.441367,2020-01-05,8.0,121.14,4.57,any,False,,0.657,zara.bakker458@example.com
CUS-0001494,Aisha Brown,enterprise,none,ZN-000329,Jakarta,ID,APAC,180 Elm Ave,-6.153182,106.844698,2018-02-14,91.0,2056.99,4.38,any,True,48.0,0.217,aisha.brown379@example.com
CUS-0001495,Chen Ivanov,retail_consumer,gold,ZN-000301,Atlanta,US,NA,215 Victoria Ave,33.697874,-84.387325,2019-05-26,11.0,1485.88,3.82,any,False,,0.112,chen.ivanov972@example.com
CUS-0001496,Nadia Costa,retail_consumer,platinum,ZN-000480,Rome,IT,EMEA,370 Elm St,41.844882,12.478537,2020-01-01,6.0,367.75,4.78,any,False,,0.364,nadia.costa399@example.com
CUS-0001497,Tomas Ali,retail_consumer,bronze,ZN-000066,Jakarta,ID,APAC,70 Warehouse Ln,-6.168781,106.862717,2020-03-02,23.0,2042.45,3.39,evening,False,,0.251,tomas.ali843@example.com
CUS-0001498,Tomas Okafor,retail_consumer,bronze,ZN-000139,Atlanta,US,NA,231 Bridge Ave,33.74033,-84.429327,2018-11-06,23.0,862.16,4.0,any,False,,0.298,tomas.okafor675@example.com
CUS-0001499,Zara Sharma,retail_consumer,none,ZN-000341,Sao Paulo,BR,LATAM,363 Warehouse Blvd,-23.597387,-46.706321,2024-03-26,11.0,709.61,3.63,afternoon,False,,0.449,zara.sharma175@example.com
CUS-0001500,Aisha Weber,enterprise,bronze,ZN-000203,London,GB,EMEA,261 Station Blvd,51.728117,-0.225462,2019-07-17,312.0,18938.08,4.9,morning,True,12.0,0.124,aisha.weber615@example.com
CUS-0001501,Carlos Petrov,smb,none,ZN-000335,Krakow,PL,EMEA,138 Depot Sq,50.054025,20.005988,2022-12-06,33.0,2552.16,3.98,morning,True,,0.046,carlos.petrov55@example.com
CUS-0001502,Freya Okafor,enterprise,silver,ZN-000411,Berlin,DE,EMEA,269 Oak Ave,52.562353,13.46406,2024-06-01,306.0,25453.65,4.84,evening,True,24.0,0.129,freya.okafor456@example.com
CUS-0001503,Priya Nguyen,smb,platinum,ZN-000086,Rome,IT,EMEA,455 Market Rd,41.876893,12.452891,2025-02-28,34.0,1750.2,4.4,any,True,,0.172,priya.nguyen628@example.com
CUS-0001504,Peter Lindqvist,retail_consumer,bronze,ZN-000061,Los Angeles,US,NA,138 Elm St,34.349267,-118.119441,2018-10-02,17.0,872.79,3.37,morning,False,,0.198,peter.lindqvist97@example.com
CUS-0001505,Grace Okafor,retail_consumer,bronze,ZN-000422,Shanghai,CN,APAC,428 Cedar Ave,31.236549,121.354048,2023-01-06,10.0,870.95,4.98,afternoon,False,,0.386,grace.okafor312@example.com
CUS-0001506,Freya Sharma,marketplace_seller,gold,ZN-000320,Stockholm,SE,EMEA,103 Industrial Sq,59.318409,18.222251,2024-06-10,26.0,1330.5,3.44,evening,False,,0.051,freya.sharma65@example.com
CUS-0001507,Ivan Petrov,retail_consumer,bronze,ZN-000348,Bengaluru,IN,APAC,136 Park St,12.990314,77.555131,2018-11-04,12.0,649.87,3.8,afternoon,False,,0.341,ivan.petrov847@example.com
CUS-0001508,Elena Brown,retail_consumer,silver,ZN-000422,Shanghai,CN,APAC,400 Oak Way,31.274334,121.357128,2020-10-18,9.0,573.61,4.31,evening,False,,0.042,elena.brown46@example.com
CUS-0001509,Nadia Torres,marketplace_seller,none,ZN-000174,Jakarta,ID,APAC,410 Union Rd,-6.160448,106.82292,2021-11-03,12.0,311.9,3.58,afternoon,False,,0.03,nadia.torres335@example.com
CUS-0001510,Elena Nakamura,retail_consumer,bronze,ZN-000459,Mexico City,MX,LATAM,49 Grove Way,19.466633,-99.081968,2020-04-08,13.0,3364.89,2.7,evening,False,,0.229,elena.nakamura462@example.com
CUS-0001511,Lucas Kim,retail_consumer,silver,ZN-000359,Jakarta,ID,APAC,288 Warehouse Sq,-6.139672,106.905988,2018-09-15,25.0,918.09,4.09,afternoon,False,,0.287,lucas.kim91@example.com
CUS-0001512,Amara Rahman,smb,none,ZN-000141,Osaka,JP,APAC,447 Station Sq,34.719153,135.570584,2024-05-08,27.0,3276.18,4.34,morning,True,,0.141,amara.rahman467@example.com
CUS-0001513,Mateo Novak,retail_consumer,bronze,ZN-000124,London,GB,EMEA,289 Market Dr,51.493853,-0.05687,2025-07-05,30.0,548.25,3.98,evening,False,,0.436,mateo.novak42@example.com
CUS-0001514,Isabella Nakamura,retail_consumer,none,ZN-000339,Rome,IT,EMEA,247 Maple Way,41.958822,12.384969,2021-06-16,10.0,343.18,2.55,morning,False,,0.506,isabella.nakamura926@example.com
CUS-0001515,Priya Brown,retail_consumer,gold,ZN-000346,Amsterdam,NL,EMEA,91 Elm Ave,52.331835,4.939178,2023-10-27,4.0,147.73,3.81,afternoon,False,,0.27,priya.brown992@example.com
CUS-0001516,Fatima Rahman,marketplace_seller,none,ZN-000309,Krakow,PL,EMEA,218 Riverside Blvd,49.936599,19.634917,2021-05-05,10.0,627.97,3.31,any,False,,0.789,fatima.rahman809@example.com
CUS-0001517,Ivan Smith,retail_consumer,none,ZN-000072,Shanghai,CN,APAC,244 Grove St,31.235302,121.546745,2019-06-14,9.0,630.83,4.0,evening,False,,0.579,ivan.smith867@example.com
CUS-0001518,Diego Lindqvist,marketplace_seller,none,ZN-000067,Los Angeles,US,NA,205 Grove Ln,33.843765,-118.189746,2025-01-10,12.0,631.01,4.37,any,False,,0.249,diego.lindqvist338@example.com
CUS-0001519,Marcus Ali,retail_consumer,none,ZN-000284,Bengaluru,IN,APAC,477 Oak Blvd,13.040265,77.556872,2024-04-17,21.0,898.25,4.22,afternoon,False,,0.258,marcus.ali449@example.com
CUS-0001520,Alex Sharma,retail_consumer,bronze,ZN-000075,Krakow,PL,EMEA,39 Bridge Rd,50.073444,19.815468,2025-11-01,49.0,5071.47,3.86,afternoon,False,,0.118,alex.sharma970@example.com
CUS-0001521,Diego Rossi,retail_consumer,platinum,ZN-000141,Osaka,JP,APAC,2 Riverside Rd,34.74424,135.597006,2019-06-01,19.0,315.42,3.71,morning,False,,0.203,diego.rossi910@example.com
CUS-0001522,Freya Kim,smb,silver,ZN-000016,Rome,IT,EMEA,416 Park Rd,41.860342,12.474281,2024-04-22,12.0,532.38,3.77,any,True,,0.168,freya.kim829@example.com
CUS-0001523,Leila Kim,enterprise,gold,ZN-000368,Delhi,IN,APAC,118 Grove Rd,28.673371,77.177367,2022-07-29,158.0,3378.38,5.0,evening,True,48.0,0.461,leila.kim998@example.com
CUS-0001524,Freya Bakker,retail_consumer,gold,ZN-000272,Los Angeles,US,NA,27 Central Dr,34.051902,-118.092848,2023-03-18,11.0,274.89,3.41,any,False,,0.223,freya.bakker126@example.com
CUS-0001525,Omar Yilmaz,public_sector,none,ZN-000448,Rome,IT,EMEA,449 Depot Blvd,41.847602,12.420765,2023-04-28,10.0,2590.97,5.0,afternoon,True,12.0,0.0,omar.yilmaz721@example.com
CUS-0001526,Aisha Okafor,smb,none,ZN-000155,Berlin,DE,EMEA,384 Warehouse Ln,52.50818,13.479087,2023-01-09,62.0,1650.52,4.02,morning,True,,0.238,aisha.okafor783@example.com
CUS-0001527,Jun Kim,marketplace_seller,silver,ZN-000416,Atlanta,US,NA,454 Market Rd,33.751836,-84.474394,2024-06-16,3.0,74.01,4.77,afternoon,False,,0.063,jun.kim913@example.com
CUS-0001528,Sofia Costa,retail_consumer,silver,ZN-000206,Rome,IT,EMEA,157 Depot Dr,41.937884,12.569279,2019-12-09,19.0,728.39,4.75,afternoon,False,,0.178,sofia.costa498@example.com
CUS-0001529,Omar Okafor,enterprise,bronze,ZN-000372,Shanghai,CN,APAC,296 Pine Dr,31.303606,121.466088,2021-04-10,422.0,6717.06,3.15,any,True,48.0,0.315,omar.okafor759@example.com
CUS-0001530,Elena Moreau,retail_consumer,gold,ZN-000227,Delhi,IN,APAC,127 Harbour Ln,28.724125,77.055039,2024-10-24,5.0,632.26,4.83,any,False,,0.399,elena.moreau694@example.com
CUS-0001531,Hugo Okafor,retail_consumer,none,ZN-000105,Krakow,PL,EMEA,157 Central Sq,50.573356,20.223013,2024-02-26,10.0,282.29,3.15,evening,False,,0.562,hugo.okafor513@example.com
CUS-0001532,Sofia Novak,enterprise,none,ZN-000033,Delhi,IN,APAC,280 Oak Sq,28.761429,77.160212,2018-09-29,377.0,12258.79,3.31,morning,True,48.0,0.283,sofia.novak457@example.com
CUS-0001533,Diego Okafor,marketplace_seller,bronze,ZN-000333,Krakow,PL,EMEA,163 Pine Sq,50.312812,19.977125,2024-06-01,5.0,270.5,4.98,afternoon,False,,0.043,diego.okafor755@example.com
CUS-0001534,Sofia Petrov,enterprise,none,ZN-000292,Krakow,PL,EMEA,163 Industrial Way,50.363475,19.150025,2020-03-03,171.0,12049.96,4.89,afternoon,True,48.0,0.212,sofia.petrov516@example.com
CUS-0001535,Omar Moreau,retail_consumer,platinum,ZN-000173,Atlanta,US,NA,88 Park Way,33.280536,-84.688359,2019-07-31,12.0,483.54,3.35,afternoon,False,,0.266,omar.moreau84@example.com
CUS-0001536,Amara Garcia,smb,silver,ZN-000477,Shanghai,CN,APAC,281 Oak Way,31.160555,121.569778,2021-04-24,33.0,1491.99,4.11,evening,True,,0.183,amara.garcia993@example.com
CUS-0001537,Anna Kim,smb,silver,ZN-000350,Stockholm,SE,EMEA,343 Cedar Dr,59.111557,17.919014,2018-05-13,27.0,1038.57,3.63,any,True,,0.402,anna.kim339@example.com
CUS-0001538,Tomas Nguyen,retail_consumer,none,ZN-000379,Shanghai,CN,APAC,178 Park Ave,31.317654,121.438717,2018-05-23,8.0,854.08,3.27,any,False,,0.2,tomas.nguyen127@example.com
CUS-0001539,Maria Novak,retail_consumer,bronze,ZN-000392,London,GB,EMEA,249 Market Way,51.519379,0.030879,2023-01-02,13.0,437.82,4.84,any,False,,0.0,maria.novak345@example.com
CUS-0001540,Priya Torres,public_sector,bronze,ZN-000433,Bengaluru,IN,APAC,408 Pine St,12.929688,77.53707,2020-03-28,24.0,486.39,4.09,any,True,12.0,0.088,priya.torres631@example.com
CUS-0001541,Leila Weber,retail_consumer,gold,ZN-000336,London,GB,EMEA,61 Elm Ave,51.544484,-0.012283,2019-09-18,5.0,210.95,4.82,afternoon,False,,0.507,leila.weber558@example.com
CUS-0001542,Grace Sharma,retail_consumer,none,ZN-000213,Osaka,JP,APAC,60 Victoria Ave,34.753064,135.505999,2022-04-27,13.0,790.9,4.97,afternoon,False,,0.155,grace.sharma689@example.com
CUS-0001543,Viktor Lindqvist,retail_consumer,none,ZN-000133,Delhi,IN,APAC,190 Grove Ln,28.559364,77.113762,2025-05-05,18.0,1320.29,4.14,evening,False,,0.389,viktor.lindqvist510@example.com
CUS-0001544,Ivan Yilmaz,enterprise,gold,ZN-000485,Stockholm,SE,EMEA,96 Pine Ln,59.251483,18.361149,2019-07-20,119.0,22186.74,4.42,morning,True,24.0,0.199,ivan.yilmaz679@example.com
CUS-0001545,Daniel Torres,smb,none,ZN-000135,Manchester,GB,EMEA,249 Oak Sq,53.453157,-2.098619,2024-01-10,28.0,3267.27,4.19,evening,True,,0.592,daniel.torres781@example.com
CUS-0001546,Carlos Okafor,retail_consumer,bronze,ZN-000199,Mexico City,MX,LATAM,18 Riverside St,18.927337,-98.963177,2025-01-17,3.0,87.09,4.06,afternoon,False,,0.201,carlos.okafor421@example.com
CUS-0001547,Yuki Bakker,retail_consumer,none,ZN-000330,Rome,IT,EMEA,24 Harbour Way,41.911878,12.418346,2025-10-30,12.0,385.93,4.08,morning,False,,0.268,yuki.bakker926@example.com
CUS-0001548,Viktor Kim,retail_consumer,bronze,ZN-000279,Los Angeles,US,NA,249 Depot Ave,34.109668,-118.273155,2023-06-02,11.0,299.89,4.48,morning,False,,0.222,viktor.kim448@example.com
CUS-0001549,Yuki Petrov,retail_consumer,silver,ZN-000245,Osaka,JP,APAC,379 Union Dr,34.698959,135.412075,2025-01-30,15.0,719.81,4.01,any,False,,0.377,yuki.petrov758@example.com
CUS-0001550,Peter Rossi,smb,none,ZN-000052,London,GB,EMEA,404 Pine Ave,51.57705,-0.264143,2022-09-02,29.0,2346.89,2.95,evening,True,,0.647,peter.rossi963@example.com
CUS-0001551,Daniel Kim,retail_consumer,silver,ZN-000228,Krakow,PL,EMEA,260 Market Sq,50.162532,20.161742,2023-02-10,61.0,4604.3,4.3,any,False,,0.161,daniel.kim274@example.com
CUS-0001552,Mateo Rossi,enterprise,bronze,ZN-000280,Manchester,GB,EMEA,84 Victoria Ave,54.063825,-2.041367,2019-09-26,99.0,8913.12,5.0,morning,True,24.0,0.401,mateo.rossi488@example.com
CUS-0001553,Viktor Weber,retail_consumer,gold,ZN-000317,Manchester,GB,EMEA,63 Cedar Blvd,53.469733,-2.363196,2019-08-18,15.0,343.24,3.65,morning,False,,0.329,viktor.weber217@example.com
CUS-0001554,Alex Muller,retail_consumer,platinum,ZN-000488,Rome,IT,EMEA,35 Station Sq,41.630564,12.59433,2018-05-29,8.0,433.88,4.83,evening,False,,0.535,alex.muller245@example.com
CUS-0001555,Rahul Okafor,retail_consumer,gold,ZN-000044,Krakow,PL,EMEA,401 Victoria Blvd,50.124056,19.889472,2019-09-03,5.0,516.35,3.32,afternoon,False,,0.189,rahul.okafor873@example.com
CUS-0001556,Omar Zhang,retail_consumer,bronze,ZN-000233,Atlanta,US,NA,188 Harbour Ln,33.723646,-84.400493,2023-05-17,13.0,777.6,3.28,morning,False,,0.585,omar.zhang606@example.com
CUS-0001557,Daniel Dubois,retail_consumer,none,ZN-000335,Krakow,PL,EMEA,366 Cedar Rd,50.062802,20.04463,2024-10-05,14.0,426.91,4.47,morning,False,,0.306,daniel.dubois175@example.com
CUS-0001558,Viktor Bakker,retail_consumer,platinum,ZN-000371,Amsterdam,NL,EMEA,432 Victoria Way,52.331483,4.942389,2025-03-02,11.0,301.27,5.0,evening,False,,0.533,viktor.bakker925@example.com
CUS-0001559,Elena Lindqvist,retail_consumer,silver,ZN-000178,Bengaluru,IN,APAC,294 Union Dr,12.955105,77.502171,2018-02-12,24.0,1079.77,3.13,afternoon,False,,0.591,elena.lindqvist900@example.com
CUS-0001560,Ivan Weber,retail_consumer,platinum,ZN-000129,Amsterdam,NL,EMEA,66 Grove Sq,52.404191,4.980549,2024-08-04,44.0,7575.75,3.94,afternoon,False,,0.278,ivan.weber823@example.com
CUS-0001561,Fatima Rossi,enterprise,none,ZN-000086,Rome,IT,EMEA,324 Riverside Dr,41.863408,12.471086,2023-02-06,329.0,22351.11,4.91,afternoon,True,48.0,0.138,fatima.rossi767@example.com
CUS-0001562,Rahul Rahman,retail_consumer,none,ZN-000444,Osaka,JP,APAC,406 Victoria Rd,34.64499,135.498388,2024-05-19,16.0,455.7,2.82,any,False,,0.34,rahul.rahman225@example.com
CUS-0001563,Ivan Fernandez,smb,none,ZN-000087,Osaka,JP,APAC,232 Oak St,34.622764,135.442016,2022-02-28,47.0,8463.72,5.0,morning,True,,0.394,ivan.fernandez445@example.com
CUS-0001564,Priya Sharma,public_sector,none,ZN-000170,Atlanta,US,NA,102 Union Sq,33.682068,-84.320556,2018-12-19,34.0,1274.22,4.75,evening,True,24.0,0.076,priya.sharma688@example.com
CUS-0001565,Leila Dubois,retail_consumer,silver,ZN-000112,London,GB,EMEA,192 Warehouse Ln,51.610722,-0.112803,2022-08-04,6.0,2429.04,5.0,evening,False,,0.493,leila.dubois524@example.com
CUS-0001566,Isabella Costa,retail_consumer,bronze,ZN-000475,London,GB,EMEA,30 Bridge St,51.528078,-0.095865,2018-07-27,13.0,1140.68,3.64,evening,False,,0.0,isabella.costa969@example.com
CUS-0001567,Sofia Dubois,retail_consumer,bronze,ZN-000286,Mexico City,MX,LATAM,225 Industrial Ln,19.412656,-99.028969,2023-02-04,6.0,1052.96,3.96,evening,False,,0.63,sofia.dubois596@example.com
CUS-0001568,Isabella Sharma,smb,none,ZN-000391,Stockholm,SE,EMEA,170 Church Sq,59.337139,17.798096,2024-01-27,60.0,1782.04,4.47,afternoon,True,,0.529,isabella.sharma864@example.com
CUS-0001569,Mateo Moreau,public_sector,silver,ZN-000414,Manchester,GB,EMEA,374 Harbour Sq,53.502379,-1.961998,2025-10-05,3.0,151.0,5.0,afternoon,True,12.0,0.454,mateo.moreau383@example.com
CUS-0001570,Jun Petrov,retail_consumer,none,ZN-000438,Bengaluru,IN,APAC,109 Depot Rd,13.00651,77.567903,2019-07-08,11.0,1354.5,4.55,morning,False,,0.493,jun.petrov604@example.com
CUS-0001571,Mateo Garcia,enterprise,bronze,ZN-000180,Manchester,GB,EMEA,50 Central Blvd,53.508981,-2.10867,2019-09-22,308.0,7768.37,3.95,morning,True,24.0,0.266,mateo.garcia894@example.com
CUS-0001572,Chen Muller,public_sector,none,ZN-000321,Amsterdam,NL,EMEA,404 Elm Ave,52.368384,4.923386,2021-08-12,28.0,948.57,4.12,morning,True,12.0,0.278,chen.muller788@example.com
CUS-0001573,Yuki Muller,retail_consumer,bronze,ZN-000367,Shanghai,CN,APAC,55 Park Rd,31.269317,121.542368,2019-08-20,8.0,323.36,4.17,any,False,,0.045,yuki.muller317@example.com
CUS-0001574,Alex Brown,retail_consumer,bronze,ZN-000096,Krakow,PL,EMEA,222 Station Sq,49.673853,20.156533,2019-01-11,6.0,199.73,2.75,afternoon,False,,0.545,alex.brown583@example.com
CUS-0001575,Freya Silva,smb,gold,ZN-000465,Krakow,PL,EMEA,43 Industrial Way,49.903051,19.566738,2021-09-02,20.0,1411.69,4.11,morning,True,,0.027,freya.silva567@example.com
CUS-0001576,Aisha Bakker,retail_consumer,bronze,ZN-000015,Osaka,JP,APAC,368 Industrial Ln,34.65911,135.51606,2019-04-10,26.0,890.63,4.88,evening,False,,0.42,aisha.bakker342@example.com
CUS-0001577,Ivan Yilmaz,retail_consumer,bronze,ZN-000380,Shanghai,CN,APAC,434 Maple St,31.240161,121.355074,2021-08-02,11.0,1814.34,4.31,morning,False,,0.384,ivan.yilmaz598@example.com
CUS-0001578,Leila Costa,retail_consumer,bronze,ZN-000476,Shanghai,CN,APAC,72 Grove St,31.245652,121.36574,2022-02-20,17.0,1161.78,3.88,afternoon,False,,0.432,leila.costa27@example.com
CUS-0001579,Carlos Ali,retail_consumer,gold,ZN-000366,London,GB,EMEA,2 Central Way,51.452812,-0.045118,2024-08-24,35.0,2808.35,2.79,any,False,,0.428,carlos.ali2@example.com
CUS-0001580,Isabella Moreau,enterprise,bronze,ZN-000418,Krakow,PL,EMEA,16 Elm Dr,49.800065,20.377895,2021-04-02,319.0,9232.59,4.67,morning,True,12.0,0.471,isabella.moreau677@example.com
CUS-0001581,Diego Okafor,retail_consumer,none,ZN-000061,Los Angeles,US,NA,186 Central Rd,34.363044,-118.133079,2025-02-12,3.0,303.52,4.07,morning,False,,0.0,diego.okafor374@example.com
CUS-0001582,Isabella Nguyen,retail_consumer,none,ZN-000474,Delhi,IN,APAC,196 Union Ln,28.617591,77.115081,2018-02-06,18.0,580.54,4.73,evening,False,,0.244,isabella.nguyen12@example.com
CUS-0001583,Yuki Sharma,retail_consumer,silver,ZN-000027,Krakow,PL,EMEA,279 Oak Sq,50.032422,19.974381,2019-04-11,3.0,72.57,4.36,any,False,,0.0,yuki.sharma830@example.com
CUS-0001584,Sofia Torres,retail_consumer,silver,ZN-000410,Shanghai,CN,APAC,33 Station Blvd,31.309375,121.419329,2023-07-12,7.0,452.67,4.14,any,False,,0.467,sofia.torres368@example.com
CUS-0001585,Rahul Rossi,enterprise,none,ZN-000244,Shanghai,CN,APAC,270 Harbour St,31.21381,121.370209,2025-01-01,147.0,9190.74,2.55,evening,True,12.0,0.333,rahul.rossi295@example.com
CUS-0001586,Zara Brown,marketplace_seller,none,ZN-000084,Manchester,GB,EMEA,154 Central Sq,53.505405,-2.120752,2022-03-22,16.0,2065.94,4.25,morning,False,,0.657,zara.brown986@example.com
CUS-0001587,Priya Torres,enterprise,gold,ZN-000085,Osaka,JP,APAC,277 Cedar Sq,34.620705,135.574541,2022-01-14,94.0,3762.48,4.89,afternoon,True,48.0,0.382,priya.torres119@example.com
CUS-0001588,Sofia Lindqvist,retail_consumer,bronze,ZN-000490,London,GB,EMEA,226 Station Sq,51.489265,-0.015771,2023-06-17,5.0,112.73,3.8,morning,False,,0.267,sofia.lindqvist447@example.com
CUS-0001589,Zara Silva,retail_consumer,platinum,ZN-000301,Atlanta,US,NA,77 Union St,33.697675,-84.398434,2020-09-28,10.0,1375.85,4.48,evening,False,,0.215,zara.silva684@example.com
CUS-0001590,Hugo Kim,smb,silver,ZN-000322,London,GB,EMEA,102 Oak Blvd,51.501595,-0.077389,2024-03-19,57.0,4471.57,3.64,any,True,,0.306,hugo.kim299@example.com
CUS-0001591,Daniel Kim,retail_consumer,none,ZN-000187,Atlanta,US,NA,371 Warehouse Rd,33.785686,-84.032929,2022-08-05,29.0,1499.19,3.64,morning,False,,0.201,daniel.kim22@example.com
CUS-0001592,Isabella Kim,retail_consumer,silver,ZN-000444,Osaka,JP,APAC,210 Kings Ln,34.647368,135.487024,2023-02-15,6.0,174.62,4.76,evening,False,,0.134,isabella.kim412@example.com
CUS-0001593,Viktor Silva,enterprise,bronze,ZN-000146,London,GB,EMEA,96 Church Way,51.573169,-0.211117,2020-09-01,168.0,15607.87,4.47,morning,True,12.0,0.129,viktor.silva79@example.com
CUS-0001594,Chen Rahman,smb,none,ZN-000471,Shanghai,CN,APAC,277 Warehouse Blvd,31.193511,121.379406,2024-07-19,19.0,3284.85,3.95,evening,True,,0.458,chen.rahman72@example.com
CUS-0001595,Maria Ali,retail_consumer,gold,ZN-000285,London,GB,EMEA,300 Victoria Rd,51.489845,0.000681,2019-07-07,13.0,307.36,3.23,any,False,,0.469,maria.ali756@example.com
CUS-0001596,Anna Silva,retail_consumer,silver,ZN-000226,Delhi,IN,APAC,346 Oak Ln,28.11527,77.051594,2023-02-11,15.0,422.92,3.56,afternoon,False,,0.413,anna.silva505@example.com
CUS-0001597,Viktor Zhang,smb,silver,ZN-000388,Atlanta,US,NA,349 Market Blvd,33.60629,-84.466446,2023-04-30,17.0,528.53,5.0,morning,True,,0.0,viktor.zhang76@example.com
CUS-0001598,Anna Torres,retail_consumer,bronze,ZN-000042,Osaka,JP,APAC,260 Station Dr,34.646564,135.453853,2023-12-01,20.0,6365.31,4.28,evening,False,,0.087,anna.torres822@example.com
CUS-0001599,Omar Ali,retail_consumer,bronze,ZN-000282,Manchester,GB,EMEA,194 Kings Ave,53.497401,-2.34469,2023-05-04,5.0,358.31,4.52,evening,False,,0.301,omar.ali542@example.com
CUS-0001600,Amara Brown,smb,none,ZN-000009,Shanghai,CN,APAC,279 Market Sq,31.246173,121.577781,2022-08-04,21.0,1631.28,3.6,evening,True,,0.312,amara.brown395@example.com
CUS-0001601,Daniel Rahman,enterprise,silver,ZN-000420,Krakow,PL,EMEA,93 Central Dr,50.089903,19.964605,2024-03-01,194.0,5905.15,4.76,afternoon,True,48.0,0.388,daniel.rahman862@example.com
CUS-0001602,Isabella Petrov,marketplace_seller,none,ZN-000205,Rome,IT,EMEA,418 Church Sq,41.936317,12.403301,2019-06-14,44.0,1675.94,4.31,any,False,,0.388,isabella.petrov194@example.com
CUS-0001603,Aisha Nguyen,retail_consumer,silver,ZN-000307,Manchester,GB,EMEA,294 Maple Blvd,53.495919,-2.208969,2018-03-03,7.0,273.43,4.7,afternoon,False,,0.0,aisha.nguyen2@example.com
CUS-0001604,Amara Sharma,retail_consumer,gold,ZN-000015,Osaka,JP,APAC,209 Church Dr,34.696271,135.516222,2023-09-26,8.0,781.63,3.38,any,False,,0.132,amara.sharma506@example.com
CUS-0001605,Daniel Sharma,retail_consumer,none,ZN-000286,Mexico City,MX,LATAM,85 Riverside Way,19.442456,-99.051548,2023-01-21,13.0,1193.8,4.0,afternoon,False,,0.159,daniel.sharma842@example.com
CUS-0001606,Viktor Torres,retail_consumer,none,ZN-000414,Manchester,GB,EMEA,58 Oak Ave,53.474575,-1.932016,2024-11-20,15.0,1097.16,4.24,afternoon,False,,0.455,viktor.torres312@example.com
CUS-0001607,Tomas Novak,public_sector,bronze,ZN-000018,Krakow,PL,EMEA,374 Riverside Rd,50.104708,19.866797,2022-07-02,18.0,872.59,4.18,any,True,12.0,0.304,tomas.novak851@example.com
CUS-0001608,Diego Torres,retail_consumer,gold,ZN-000172,Jakarta,ID,APAC,447 Central Ln,-6.136531,106.828236,2018-01-02,30.0,1146.98,3.7,evening,False,,0.397,diego.torres205@example.com
CUS-0001609,Nikolai Hansen,smb,gold,ZN-000124,London,GB,EMEA,217 Depot Way,51.511934,-0.016006,2020-02-04,11.0,1105.57,4.52,any,True,,0.419,nikolai.hansen321@example.com
CUS-0001610,Maria Smith,retail_consumer,none,ZN-000439,Stockholm,SE,EMEA,305 Market Ln,59.292282,18.218455,2021-01-25,10.0,761.37,4.77,morning,False,,0.26,maria.smith903@example.com
CUS-0001611,Tomas Rahman,retail_consumer,none,ZN-000001,Manchester,GB,EMEA,29 Victoria Ln,53.387467,-2.270315,2020-03-22,22.0,750.99,4.64,evening,False,,0.132,tomas.rahman152@example.com
CUS-0001612,Hugo Dubois,retail_consumer,bronze,ZN-000401,Krakow,PL,EMEA,390 Church Way,50.110539,20.20514,2018-03-15,64.0,5398.64,3.59,evening,False,,0.228,hugo.dubois276@example.com
CUS-0001613,Zara Yilmaz,marketplace_seller,none,ZN-000022,Shanghai,CN,APAC,67 Park Rd,31.245873,121.466364,2024-04-29,6.0,436.67,4.31,any,False,,0.0,zara.yilmaz423@example.com
CUS-0001614,Rahul Brown,retail_consumer,none,ZN-000456,Berlin,DE,EMEA,341 Riverside Way,52.607611,13.413368,2021-02-21,3.0,176.31,2.71,evening,False,,0.369,rahul.brown694@example.com
CUS-0001615,Isabella Rossi,retail_consumer,none,ZN-000384,Delhi,IN,APAC,262 Riverside Way,28.766077,77.083151,2020-08-07,5.0,205.95,4.05,afternoon,False,,0.411,isabella.rossi440@example.com
CUS-0001616,Hugo Costa,retail_consumer,silver,ZN-000201,Amsterdam,NL,EMEA,257 Church Rd,52.482957,4.894678,2022-06-19,8.0,446.21,4.56,afternoon,False,,0.163,hugo.costa771@example.com
CUS-0001617,Peter Torres,enterprise,gold,ZN-000408,Osaka,JP,APAC,64 Central Dr,34.655186,135.56453,2025-06-06,72.0,1717.79,4.37,afternoon,True,12.0,0.626,peter.torres996@example.com
CUS-0001618,Leila Petrov,smb,platinum,ZN-000414,Manchester,GB,EMEA,398 Cedar St,53.50056,-1.963468,2018-10-10,17.0,739.72,4.18,morning,True,,0.342,leila.petrov526@example.com
CUS-0001619,Priya Zhang,retail_consumer,none,ZN-000085,Osaka,JP,APAC,263 Elm Sq,34.597331,135.579347,2019-07-24,16.0,360.95,3.85,evening,False,,0.528,priya.zhang956@example.com
CUS-0001620,Nikolai Lindqvist,enterprise,silver,ZN-000287,Stockholm,SE,EMEA,424 Pine Blvd,59.382442,17.878854,2020-04-23,288.0,8170.72,2.82,any,True,12.0,0.103,nikolai.lindqvist846@example.com
CUS-0001621,Omar Brown,retail_consumer,bronze,ZN-000410,Shanghai,CN,APAC,35 Pine St,31.307719,121.409025,2024-09-15,6.0,138.77,5.0,evening,False,,0.256,omar.brown438@example.com
CUS-0001622,Maria Moreau,smb,gold,ZN-000234,Krakow,PL,EMEA,388 Maple Blvd,50.087415,19.927972,2020-03-02,10.0,788.06,3.64,evening,True,,0.462,maria.moreau355@example.com
CUS-0001623,Marcus Fernandez,retail_consumer,silver,ZN-000327,Los Angeles,US,NA,90 Harbour Dr,34.038841,-118.093854,2025-11-21,17.0,2068.24,3.48,afternoon,False,,0.068,marcus.fernandez368@example.com
CUS-0001624,Marcus Sharma,retail_consumer,bronze,ZN-000382,Shanghai,CN,APAC,206 Maple Ln,31.222699,121.460525,2023-09-18,11.0,1173.95,4.31,any,False,,0.012,marcus.sharma708@example.com
CUS-0001625,Anna Hansen,retail_consumer,none,ZN-000131,Amsterdam,NL,EMEA,290 Park Dr,52.272421,4.980312,2021-03-23,14.0,1123.77,3.07,afternoon,False,,0.391,anna.hansen354@example.com
CUS-0001626,Diego Fernandez,retail_consumer,none,ZN-000282,Manchester,GB,EMEA,62 Maple Blvd,53.512786,-2.369072,2023-06-20,11.0,266.86,3.26,evening,False,,0.518,diego.fernandez564@example.com
CUS-0001627,Anna Smith,smb,bronze,ZN-000118,London,GB,EMEA,468 Harbour Blvd,51.597643,-0.012278,2023-07-21,46.0,1931.37,4.23,evening,True,,0.115,anna.smith429@example.com
CUS-0001628,Chen Ali,enterprise,gold,ZN-000281,Mexico City,MX,LATAM,174 Industrial Dr,19.454754,-99.204644,2021-12-02,301.0,12596.71,5.0,any,True,48.0,0.243,chen.ali667@example.com
CUS-0001629,Amara Kowalski,enterprise,none,ZN-000171,London,GB,EMEA,38 Grove Dr,51.942853,-0.368504,2024-04-17,369.0,5419.72,4.9,any,True,48.0,0.0,amara.kowalski806@example.com
CUS-0001630,Omar Torres,marketplace_seller,none,ZN-000230,Manchester,GB,EMEA,446 Maple Blvd,53.511623,-2.379842,2020-10-19,4.0,186.83,3.06,afternoon,False,,0.612,omar.torres138@example.com
CUS-0001631,Rahul Rossi,retail_consumer,none,ZN-000234,Krakow,PL,EMEA,115 Industrial Way,50.076848,19.873752,2019-06-20,5.0,474.36,3.21,any,False,,0.177,rahul.rossi668@example.com
CUS-0001632,Leila Torres,retail_consumer,gold,ZN-000024,Los Angeles,US,NA,281 Central St,33.968847,-118.257532,2021-08-14,22.0,1038.71,5.0,evening,False,,0.106,leila.torres413@example.com
CUS-0001633,Nadia Nakamura,enterprise,bronze,ZN-000326,Shanghai,CN,APAC,176 Victoria Ave,31.135946,121.423408,2020-08-22,855.0,98662.01,4.87,evening,True,24.0,0.378,nadia.nakamura970@example.com
CUS-0001634,Maria Fernandez,retail_consumer,none,ZN-000316,Mexico City,MX,LATAM,407 Depot Rd,19.430374,-99.223828,2023-02-04,6.0,250.97,4.08,evening,False,,0.124,maria.fernandez590@example.com
CUS-0001635,Sofia Muller,retail_consumer,none,ZN-000263,Manchester,GB,EMEA,9 Bridge Ave,53.435265,-2.329378,2024-08-24,47.0,8532.21,5.0,morning,False,,0.276,sofia.muller719@example.com
CUS-0001636,Yuki Brown,smb,bronze,ZN-000246,London,GB,EMEA,298 Cedar Dr,51.434474,-0.177584,2024-04-20,158.0,12109.55,3.4,evening,True,,0.212,yuki.brown647@example.com
CUS-0001637,Zara Rahman,public_sector,bronze,ZN-000403,Atlanta,US,NA,3 Victoria Way,33.942488,-84.464014,2020-01-03,17.0,684.71,5.0,morning,True,48.0,0.038,zara.rahman664@example.com
CUS-0001638,Amara Moreau,retail_consumer,bronze,ZN-000461,Krakow,PL,EMEA,92 Grove Ave,49.898924,20.351835,2024-05-14,10.0,563.97,5.0,evening,False,,0.231,amara.moreau364@example.com
CUS-0001639,Aisha Brown,retail_consumer,bronze,ZN-000410,Shanghai,CN,APAC,250 Depot St,31.294465,121.414096,2024-09-20,6.0,214.52,3.24,morning,False,,0.263,aisha.brown756@example.com
CUS-0001640,Diego Costa,enterprise,gold,ZN-000284,Bengaluru,IN,APAC,107 Cedar Dr,13.01084,77.551817,2022-10-02,255.0,7302.8,4.18,afternoon,True,48.0,0.307,diego.costa492@example.com
CUS-0001641,Ivan Novak,smb,none,ZN-000382,Shanghai,CN,APAC,25 Church Ave,31.230169,121.436285,2018-06-11,22.0,789.94,4.3,evening,True,,0.265,ivan.novak973@example.com
CUS-0001642,Marcus Smith,marketplace_seller,none,ZN-000347,Rome,IT,EMEA,432 Warehouse Rd,41.884041,12.504697,2024-02-17,6.0,528.56,5.0,afternoon,False,,0.038,marcus.smith535@example.com
CUS-0001643,Daniel Okafor,smb,none,ZN-000425,Rome,IT,EMEA,327 Park Ln,41.826978,12.549507,2020-08-08,32.0,1342.33,4.96,any,True,,0.254,daniel.okafor541@example.com
CUS-0001644,Jun Costa,retail_consumer,bronze,ZN-000467,Manchester,GB,EMEA,67 Station Sq,53.415659,-2.161136,2023-12-07,6.0,294.23,4.22,any,False,,0.268,jun.costa797@example.com
CUS-0001645,Nikolai Smith,enterprise,bronze,ZN-000055,Rome,IT,EMEA,471 Warehouse Sq,42.273923,11.805106,2025-04-04,68.0,5540.07,3.95,evening,True,48.0,0.097,nikolai.smith485@example.com
CUS-0001646,Mateo Nakamura,enterprise,bronze,ZN-000130,Mexico City,MX,LATAM,407 Oak Sq,19.484403,-99.072203,2018-10-18,1746.0,83369.68,4.71,any,True,12.0,0.3,mateo.nakamura860@example.com
CUS-0001647,Peter Torres,smb,silver,ZN-000021,Krakow,PL,EMEA,294 Elm St,50.027413,19.766697,2022-09-06,12.0,582.2,4.56,any,True,,0.306,peter.torres290@example.com
CUS-0001648,Elena Ivanov,smb,none,ZN-000277,Jakarta,ID,APAC,346 Grove Rd,-6.22496,106.745237,2021-09-30,7.0,166.79,3.4,any,True,,0.0,elena.ivanov619@example.com
CUS-0001649,Priya Zhang,marketplace_seller,silver,ZN-000060,Delhi,IN,APAC,69 Warehouse Ave,28.616934,77.102453,2021-11-28,5.0,127.59,4.51,evening,False,,0.445,priya.zhang652@example.com
CUS-0001650,Daniel Novak,retail_consumer,bronze,ZN-000315,Jakarta,ID,APAC,382 Cedar Rd,-6.208924,106.841953,2021-11-20,15.0,382.64,4.94,evening,False,,0.182,daniel.novak594@example.com
CUS-0001651,Grace Brown,public_sector,bronze,ZN-000023,Rome,IT,EMEA,275 Riverside Sq,41.986829,12.404414,2018-07-14,9.0,1216.6,3.88,any,True,24.0,0.14,grace.brown473@example.com
CUS-0001652,Priya Dubois,smb,bronze,ZN-000058,Shanghai,CN,APAC,227 Pine Sq,31.162049,121.399969,2019-06-16,18.0,1115.26,4.71,evening,True,,0.416,priya.dubois563@example.com
CUS-0001653,Yuki Novak,retail_consumer,none,ZN-000213,Osaka,JP,APAC,323 Riverside Ave,34.7657,135.493217,2018-03-16,12.0,1187.66,1.93,morning,False,,0.166,yuki.novak827@example.com
CUS-0001654,Zara Zhang,retail_consumer,silver,ZN-000018,Krakow,PL,EMEA,15 Warehouse Ln,50.129595,19.872822,2021-06-30,10.0,317.56,4.41,evening,False,,0.563,zara.zhang978@example.com
CUS-0001655,Priya Kowalski,retail_consumer,gold,ZN-000260,Atlanta,US,NA,100 Warehouse Ln,33.740247,-84.378688,2021-03-07,10.0,982.74,4.57,morning,False,,0.378,priya.kowalski327@example.com
CUS-0001656,Priya Sharma,enterprise,bronze,ZN-000144,Stockholm,SE,EMEA,50 Harbour Sq,59.416372,17.978087,2019-02-04,71.0,919.99,5.0,morning,True,24.0,0.0,priya.sharma540@example.com
CUS-0001657,Alex Petrov,retail_consumer,silver,ZN-000093,Sao Paulo,BR,LATAM,270 Oak Ln,-23.57526,-46.554643,2025-09-24,32.0,723.58,3.7,afternoon,False,,0.466,alex.petrov681@example.com
CUS-0001658,Rahul Ali,smb,none,ZN-000314,Bengaluru,IN,APAC,305 Industrial Blvd,13.001688,77.445674,2018-01-23,18.0,1815.03,3.02,morning,True,,0.488,rahul.ali87@example.com
CUS-0001659,Tomas Ivanov,smb,bronze,ZN-000492,Krakow,PL,EMEA,448 Depot Ave,50.04709,19.816117,2019-03-08,9.0,427.78,4.14,any,True,,0.124,tomas.ivanov109@example.com
CUS-0001660,Anna Petrov,smb,none,ZN-000425,Rome,IT,EMEA,354 Church Sq,41.853127,12.585932,2020-09-11,28.0,3049.43,3.29,afternoon,True,,0.185,anna.petrov794@example.com
CUS-0001661,Nadia Ali,marketplace_seller,none,ZN-000200,London,GB,EMEA,389 Church Ln,51.465866,-0.190358,2021-09-22,7.0,430.75,3.59,morning,False,,0.438,nadia.ali903@example.com
CUS-0001662,Elena Sharma,enterprise,bronze,ZN-000456,Berlin,DE,EMEA,202 Market Ln,52.562373,13.373275,2025-03-28,133.0,13405.43,4.01,afternoon,True,48.0,0.133,elena.sharma343@example.com
CUS-0001663,Alex Smith,enterprise,gold,ZN-000126,London,GB,EMEA,415 Harbour Way,51.415109,-0.239513,2024-05-06,841.0,18166.89,3.35,morning,True,12.0,0.298,alex.smith148@example.com
CUS-0001664,Priya Torres,retail_consumer,silver,ZN-000319,Amsterdam,NL,EMEA,460 Church Blvd,52.305832,4.856917,2023-10-15,6.0,473.42,3.57,morning,False,,0.567,priya.torres699@example.com
CUS-0001665,Anna Sharma,retail_consumer,bronze,ZN-000184,London,GB,EMEA,326 Maple Sq,51.499547,-0.070844,2020-03-21,5.0,251.22,3.28,any,False,,0.441,anna.sharma338@example.com
CUS-0001666,Daniel Torres,retail_consumer,silver,ZN-000275,London,GB,EMEA,457 Maple Dr,51.582888,-0.102644,2019-03-16,9.0,177.42,2.87,afternoon,False,,0.192,daniel.torres346@example.com
CUS-0001667,Rahul Fernandez,smb,gold,ZN-000450,Krakow,PL,EMEA,47 Market Ln,50.126366,19.965967,2025-04-25,11.0,694.45,4.64,morning,True,,0.631,rahul.fernandez188@example.com
CUS-0001668,Maria Costa,retail_consumer,none,ZN-000018,Krakow,PL,EMEA,267 Warehouse Way,50.11577,19.871144,2018-05-08,11.0,533.71,4.06,morning,False,,0.449,maria.costa377@example.com
CUS-0001669,Zara Lindqvist,marketplace_seller,silver,ZN-000161,Delhi,IN,APAC,183 Riverside Rd,28.736973,77.157682,2019-04-26,11.0,316.79,4.17,evening,False,,0.474,zara.lindqvist785@example.com
CUS-0001670,Sofia Ivanov,retail_consumer,none,ZN-000485,Stockholm,SE,EMEA,265 Bridge Way,59.214475,18.342275,2023-10-03,6.0,460.5,4.16,morning,False,,0.589,sofia.ivanov821@example.com
CUS-0001671,Isabella Ali,smb,none,ZN-000177,Shanghai,CN,APAC,306 Central Ave,31.23439,121.43787,2023-04-29,204.0,13405.94,4.12,any,True,,0.231,isabella.ali825@example.com
CUS-0001672,Tomas Lindqvist,retail_consumer,silver,ZN-000176,Los Angeles,US,NA,257 Church Ln,34.062536,-118.149829,2019-08-01,49.0,1107.19,4.17,evening,False,,0.364,tomas.lindqvist628@example.com
CUS-0001673,Daniel Nakamura,marketplace_seller,bronze,ZN-000249,London,GB,EMEA,404 Grove Dr,51.486667,0.036308,2019-11-02,9.0,390.14,3.63,morning,False,,0.454,daniel.nakamura58@example.com
CUS-0001674,Marcus Kowalski,retail_consumer,bronze,ZN-000335,Krakow,PL,EMEA,136 Industrial Way,50.030436,19.993228,2019-02-01,6.0,639.36,4.48,evening,False,,0.128,marcus.kowalski646@example.com
CUS-0001675,Freya Nakamura,smb,silver,ZN-000362,London,GB,EMEA,7 Riverside Ln,51.463643,-0.057339,2018-08-02,11.0,502.71,3.66,evening,True,,0.327,freya.nakamura759@example.com
CUS-0001676,Sofia Weber,retail_consumer,none,ZN-000336,London,GB,EMEA,93 Warehouse St,51.565237,-0.065367,2024-09-27,6.0,232.27,4.56,evening,False,,0.301,sofia.weber453@example.com
CUS-0001677,Peter Rahman,smb,silver,ZN-000361,Delhi,IN,APAC,367 Bridge St,28.691894,77.000178,2025-04-29,23.0,1625.64,5.0,evening,True,,0.201,peter.rahman205@example.com
CUS-0001678,Chen Nakamura,smb,gold,ZN-000424,Mexico City,MX,LATAM,134 Victoria Sq,19.468059,-99.131524,2020-08-04,8.0,216.49,5.0,any,True,,0.436,chen.nakamura545@example.com
CUS-0001679,Nikolai Novak,marketplace_seller,silver,ZN-000409,Osaka,JP,APAC,146 Cedar Ln,34.70428,135.378538,2019-08-26,35.0,1357.25,4.57,evening,False,,0.571,nikolai.novak204@example.com
CUS-0001680,Omar Rossi,retail_consumer,none,ZN-000209,Sao Paulo,BR,LATAM,75 Park Rd,-23.406661,-46.990215,2023-01-19,23.0,862.8,4.25,morning,False,,0.208,omar.rossi91@example.com
CUS-0001681,Anna Rossi,smb,platinum,ZN-000122,Berlin,DE,EMEA,258 Park Dr,52.482786,13.311861,2021-10-16,20.0,511.05,5.0,any,True,,0.148,anna.rossi6@example.com
CUS-0001682,Diego Sharma,retail_consumer,silver,ZN-000484,Atlanta,US,NA,63 Cedar St,33.786851,-84.428975,2018-05-17,15.0,419.94,3.03,any,False,,0.287,diego.sharma760@example.com
CUS-0001683,Ivan Bakker,retail_consumer,bronze,ZN-000281,Mexico City,MX,LATAM,342 Central St,19.448959,-99.241425,2020-01-02,26.0,472.49,3.95,any,False,,0.422,ivan.bakker542@example.com
CUS-0001684,Amara Dubois,retail_consumer,bronze,ZN-000362,London,GB,EMEA,424 Industrial Blvd,51.468207,-0.028851,2023-09-14,10.0,168.51,2.35,evening,False,,0.222,amara.dubois290@example.com
CUS-0001685,Zara Torres,retail_consumer,none,ZN-000374,Delhi,IN,APAC,14 Central Way,28.705555,77.053848,2018-10-17,9.0,542.07,3.99,morning,False,,0.173,zara.torres99@example.com
CUS-0001686,Peter Nakamura,marketplace_seller,silver,ZN-000191,Bengaluru,IN,APAC,235 Pine Rd,12.914494,77.540547,2024-04-08,36.0,1456.39,4.51,morning,False,,0.28,peter.nakamura338@example.com
CUS-0001687,Omar Rossi,retail_consumer,none,ZN-000253,Krakow,PL,EMEA,28 Pine Sq,50.162413,20.013025,2018-01-28,7.0,831.85,3.82,afternoon,False,,0.46,omar.rossi594@example.com
CUS-0001688,Isabella Nguyen,retail_consumer,gold,ZN-000482,Sao Paulo,BR,LATAM,396 Victoria Blvd,-23.609427,-46.720591,2021-05-07,7.0,380.62,4.17,morning,False,,0.368,isabella.nguyen496@example.com
CUS-0001689,Viktor Ali,retail_consumer,none,ZN-000235,Manchester,GB,EMEA,289 Church Dr,53.428532,-2.213362,2020-01-09,9.0,764.07,3.5,afternoon,False,,0.329,viktor.ali992@example.com
CUS-0001690,Rahul Kim,enterprise,none,ZN-000471,Shanghai,CN,APAC,476 Bridge Ave,31.202396,121.42208,2023-01-28,279.0,10600.24,3.23,any,True,12.0,0.174,rahul.kim685@example.com
CUS-0001691,Daniel Costa,retail_consumer,bronze,ZN-000189,Jakarta,ID,APAC,436 Church Ave,-6.334482,106.964889,2025-03-09,5.0,257.88,4.19,afternoon,False,,0.5,daniel.costa187@example.com
CUS-0001692,Alex Garcia,smb,none,ZN-000085,Osaka,JP,APAC,235 Depot Blvd,34.603539,135.554825,2021-08-25,12.0,1358.29,3.72,evening,True,,0.151,alex.garcia627@example.com
CUS-0001693,Nikolai Sharma,smb,silver,ZN-000373,Amsterdam,NL,EMEA,94 Warehouse St,52.328266,4.833382,2023-12-05,13.0,516.91,4.21,evening,True,,0.162,nikolai.sharma475@example.com
CUS-0001694,Rahul Kowalski,enterprise,gold,ZN-000048,Krakow,PL,EMEA,30 Station Ave,49.940446,20.186713,2025-01-30,1043.0,33242.41,5.0,evening,True,24.0,0.533,rahul.kowalski544@example.com
CUS-0001695,Daniel Ali,retail_consumer,silver,ZN-000454,Delhi,IN,APAC,361 Station Way,28.74191,77.053489,2020-09-23,8.0,232.55,3.05,any,False,,0.271,daniel.ali721@example.com
CUS-0001696,Leila Weber,retail_consumer,silver,ZN-000304,Rome,IT,EMEA,195 Church Sq,41.923437,12.554266,2018-10-05,3.0,87.6,5.0,morning,False,,0.413,leila.weber118@example.com
CUS-0001697,Hugo Rahman,marketplace_seller,silver,ZN-000433,Bengaluru,IN,APAC,75 Central Rd,12.951959,77.536894,2025-03-27,10.0,327.17,4.91,evening,False,,0.019,hugo.rahman536@example.com
CUS-0001698,Carlos Weber,retail_consumer,silver,ZN-000005,Krakow,PL,EMEA,375 Bridge Ln,50.169589,19.981263,2020-06-14,6.0,126.41,2.13,evening,False,,0.283,carlos.weber264@example.com
CUS-0001699,Nadia Okafor,retail_consumer,bronze,ZN-000285,London,GB,EMEA,297 Warehouse Dr,51.498432,0.013544,2022-07-11,7.0,272.42,5.0,afternoon,False,,0.497,nadia.okafor948@example.com
CUS-0001700,Chen Hansen,retail_consumer,none,ZN-000383,London,GB,EMEA,191 Depot Ln,51.504676,-0.176017,2018-09-09,12.0,454.57,4.53,evening,False,,0.447,chen.hansen973@example.com
CUS-0001701,Tomas Fernandez,smb,silver,ZN-000376,Rome,IT,EMEA,23 Church Dr,41.808737,12.456079,2020-03-05,11.0,416.52,4.25,evening,True,,0.322,tomas.fernandez944@example.com
CUS-0001702,Carlos Novak,retail_consumer,none,ZN-000332,Delhi,IN,APAC,116 Grove Sq,28.755607,77.043301,2024-02-11,7.0,281.7,4.58,afternoon,False,,0.209,carlos.novak853@example.com
CUS-0001703,Freya Silva,retail_consumer,none,ZN-000182,Manchester,GB,EMEA,221 Church Way,53.488098,-2.560571,2018-09-05,17.0,1149.58,5.0,morning,False,,0.533,freya.silva484@example.com
CUS-0001704,Diego Rahman,enterprise,none,ZN-000318,Shanghai,CN,APAC,179 Grove Way,31.148553,121.482795,2019-04-14,841.0,53812.52,5.0,afternoon,True,24.0,0.375,diego.rahman512@example.com
CUS-0001705,Peter Hansen,smb,gold,ZN-000290,Rome,IT,EMEA,226 Station Rd,41.930326,12.399097,2021-02-17,17.0,1850.48,5.0,evening,True,,0.319,peter.hansen618@example.com
CUS-0001706,Amara Silva,retail_consumer,none,ZN-000358,London,GB,EMEA,122 Industrial St,51.547504,-0.014959,2023-04-12,6.0,223.61,3.2,morning,False,,0.199,amara.silva775@example.com
CUS-0001707,Rahul Fernandez,marketplace_seller,none,ZN-000056,London,GB,EMEA,458 Cedar Way,51.565297,-0.046822,2018-04-09,11.0,620.62,5.0,afternoon,False,,0.177,rahul.fernandez3@example.com
CUS-0001708,Carlos Zhang,smb,none,ZN-000321,Amsterdam,NL,EMEA,400 Cedar Rd,52.392803,4.914355,2022-08-03,26.0,768.56,4.19,evening,True,,0.025,carlos.zhang371@example.com
CUS-0001709,Anna Silva,smb,none,ZN-000311,Krakow,PL,EMEA,51 Harbour Ln,50.384665,20.054542,2022-09-18,16.0,697.54,3.67,afternoon,True,,0.353,anna.silva959@example.com
CUS-0001710,Chen Bakker,retail_consumer,none,ZN-000283,Los Angeles,US,NA,350 Church Dr,34.054015,-118.293273,2024-10-06,7.0,283.6,3.6,any,False,,0.034,chen.bakker747@example.com
CUS-0001711,Diego Hansen,retail_consumer,bronze,ZN-000045,Rome,IT,EMEA,181 Bridge Ave,41.968959,12.587734,2022-08-10,7.0,406.02,5.0,morning,False,,0.392,diego.hansen696@example.com
CUS-0001712,Aisha Novak,retail_consumer,silver,ZN-000017,Krakow,PL,EMEA,100 Elm St,50.107273,19.843955,2024-01-26,5.0,831.66,4.29,any,False,,0.164,aisha.novak279@example.com
CUS-0001713,Elena Lindqvist,retail_consumer,none,ZN-000399,Atlanta,US,NA,267 Kings Sq,33.503034,-84.214532,2019-03-11,4.0,186.71,3.57,evening,False,,0.255,elena.lindqvist766@example.com
CUS-0001714,Omar Rahman,retail_consumer,bronze,ZN-000097,Atlanta,US,NA,451 Union St,33.807574,-84.440206,2019-12-30,8.0,458.34,4.55,evening,False,,0.396,omar.rahman450@example.com
CUS-0001715,Nadia Smith,retail_consumer,none,ZN-000340,London,GB,EMEA,80 Pine Ave,51.496225,-0.068654,2022-07-04,16.0,647.13,4.07,morning,False,,0.335,nadia.smith680@example.com
CUS-0001716,Mateo Rahman,enterprise,silver,ZN-000430,Manchester,GB,EMEA,449 Central Ave,53.546341,-2.634736,2021-02-23,109.0,3401.9,4.55,any,True,48.0,0.508,mateo.rahman57@example.com
CUS-0001717,Rahul Rahman,public_sector,bronze,ZN-000348,Bengaluru,IN,APAC,162 Church St,12.982121,77.547879,2025-03-21,4.0,136.53,3.52,evening,True,48.0,0.149,rahul.rahman824@example.com
CUS-0001718,Zara Torres,retail_consumer,none,ZN-000405,Shanghai,CN,APAC,471 Central Sq,31.214146,121.551402,2019-02-20,11.0,444.09,4.52,morning,False,,0.466,zara.torres863@example.com
CUS-0001719,Nikolai Lindqvist,retail_consumer,none,ZN-000492,Krakow,PL,EMEA,62 Church Ave,50.059266,19.869599,2018-03-08,14.0,201.56,3.83,afternoon,False,,0.0,nikolai.lindqvist74@example.com
CUS-0001720,Carlos Weber,public_sector,none,ZN-000019,Krakow,PL,EMEA,157 Industrial Dr,50.048905,19.946202,2023-09-18,11.0,668.51,4.33,morning,True,24.0,0.056,carlos.weber730@example.com
CUS-0001721,Alex Costa,retail_consumer,bronze,ZN-000245,Osaka,JP,APAC,354 Riverside St,34.730128,135.425945,2024-04-10,11.0,897.41,5.0,evening,False,,0.139,alex.costa592@example.com
CUS-0001722,Aisha Weber,retail_consumer,none,ZN-000060,Delhi,IN,APAC,430 Riverside St,28.647258,77.141834,2018-02-03,10.0,474.69,3.96,any,False,,0.497,aisha.weber242@example.com
CUS-0001723,Zara Muller,retail_consumer,silver,ZN-000281,Mexico City,MX,LATAM,53 Pine Rd,19.471751,-99.204739,2021-09-09,19.0,727.17,5.0,afternoon,False,,0.573,zara.muller355@example.com
CUS-0001724,Isabella Kowalski,smb,bronze,ZN-000192,Mexico City,MX,LATAM,408 Cedar Dr,19.475063,-99.1355,2023-07-04,9.0,384.55,4.68,evening,True,,0.446,isabella.kowalski522@example.com
CUS-0001725,Nadia Kim,retail_consumer,none,ZN-000034,Rome,IT,EMEA,225 Cedar Rd,42.051101,12.713254,2019-09-30,12.0,679.7,4.39,evening,False,,0.036,nadia.kim360@example.com
CUS-0001726,Isabella Bakker,smb,gold,ZN-000250,Krakow,PL,EMEA,23 Depot Rd,50.211298,20.251325,2025-07-25,34.0,1286.15,4.93,evening,True,,0.68,isabella.bakker425@example.com
CUS-0001727,Priya Dubois,retail_consumer,silver,ZN-000180,Manchester,GB,EMEA,154 Station St,53.486512,-2.133405,2024-05-18,3.0,44.76,3.72,afternoon,False,,0.347,priya.dubois991@example.com
CUS-0001728,Carlos Garcia,smb,gold,ZN-000243,Bengaluru,IN,APAC,185 Church Dr,12.919963,77.648829,2019-01-12,49.0,1616.64,2.84,evening,True,,0.234,carlos.garcia180@example.com
CUS-0001729,Alex Muller,marketplace_seller,platinum,ZN-000283,Los Angeles,US,NA,254 Grove Rd,34.076197,-118.295341,2018-01-18,16.0,892.44,3.1,evening,False,,0.299,alex.muller852@example.com
CUS-0001730,Carlos Kowalski,smb,none,ZN-000387,Atlanta,US,NA,401 Park Way,33.846655,-84.358751,2019-03-23,15.0,429.83,4.19,any,True,,0.17,carlos.kowalski553@example.com
CUS-0001731,Rahul Okafor,retail_consumer,none,ZN-000141,Osaka,JP,APAC,131 Kings Way,34.757166,135.579424,2024-09-02,24.0,669.45,3.96,evening,False,,0.608,rahul.okafor690@example.com
CUS-0001732,Viktor Kowalski,retail_consumer,none,ZN-000244,Shanghai,CN,APAC,306 Industrial St,31.180692,121.399263,2022-11-16,17.0,358.13,3.62,morning,False,,0.036,viktor.kowalski13@example.com
CUS-0001733,Marcus Kim,retail_consumer,none,ZN-000335,Krakow,PL,EMEA,281 Victoria St,50.04034,20.014576,2018-12-18,9.0,1088.67,4.14,any,False,,0.283,marcus.kim768@example.com
CUS-0001734,Mateo Silva,marketplace_seller,gold,ZN-000439,Stockholm,SE,EMEA,115 Market Way,59.252414,18.183387,2023-11-22,9.0,207.43,2.97,evening,False,,0.465,mateo.silva28@example.com
CUS-0001735,Amara Rossi,retail_consumer,none,ZN-000234,Krakow,PL,EMEA,256 Church St,50.077889,19.866577,2024-06-16,10.0,460.64,4.45,any,False,,0.246,amara.rossi241@example.com
CUS-0001736,Omar Zhang,retail_consumer,silver,ZN-000035,Manchester,GB,EMEA,174 Industrial Sq,53.377642,-2.310857,2018-09-21,10.0,361.24,4.22,afternoon,False,,0.289,omar.zhang917@example.com
CUS-0001737,Diego Petrov,retail_consumer,bronze,ZN-000372,Shanghai,CN,APAC,197 Warehouse Dr,31.31387,121.464692,2021-04-05,3.0,135.76,3.5,evening,False,,0.003,diego.petrov28@example.com
CUS-0001738,Nikolai Petrov,retail_consumer,platinum,ZN-000186,Mexico City,MX,LATAM,403 Victoria St,19.443865,-99.225221,2024-07-08,11.0,1603.32,4.22,any,False,,0.117,nikolai.petrov298@example.com
CUS-0001739,Marcus Weber,retail_consumer,none,ZN-000255,Los Angeles,US,NA,100 Industrial Rd,34.061009,-118.176867,2018-05-28,12.0,367.66,4.13,any,False,,0.064,marcus.weber437@example.com
CUS-0001740,Rahul Costa,smb,bronze,ZN-000452,Delhi,IN,APAC,190 Oak Dr,28.753189,77.12028,2018-03-30,22.0,2129.77,2.54,morning,True,,0.232,rahul.costa465@example.com
CUS-0001741,Grace Bakker,smb,none,ZN-000163,Delhi,IN,APAC,96 Park Blvd,28.717318,77.021669,2023-02-18,25.0,1137.02,3.48,morning,True,,0.477,grace.bakker949@example.com
CUS-0001742,Carlos Smith,retail_consumer,gold,ZN-000300,Mexico City,MX,LATAM,284 Cedar St,19.501075,-99.028813,2024-07-01,9.0,1873.32,4.28,any,False,,0.315,carlos.smith893@example.com
CUS-0001743,Nikolai Fernandez,marketplace_seller,bronze,ZN-000498,Bengaluru,IN,APAC,176 Harbour Dr,12.989407,77.653328,2019-06-24,7.0,262.0,4.47,afternoon,False,,0.387,nikolai.fernandez148@example.com
CUS-0001744,Maria Petrov,marketplace_seller,bronze,ZN-000304,Rome,IT,EMEA,111 Pine Ave,41.946234,12.565181,2022-03-28,10.0,1424.09,5.0,afternoon,False,,0.118,maria.petrov245@example.com
CUS-0001745,Nikolai Yilmaz,marketplace_seller,none,ZN-000319,Amsterdam,NL,EMEA,430 Union Dr,52.308348,4.884037,2023-03-30,7.0,603.28,5.0,morning,False,,0.37,nikolai.yilmaz76@example.com
CUS-0001746,Lucas Moreau,retail_consumer,bronze,ZN-000420,Krakow,PL,EMEA,289 Grove Ave,50.104777,20.031644,2020-09-15,92.0,1522.81,3.63,morning,False,,0.525,lucas.moreau246@example.com
CUS-0001747,Anna Nakamura,marketplace_seller,none,ZN-000122,Berlin,DE,EMEA,407 Church Rd,52.472665,13.303299,2021-08-20,13.0,1180.5,3.48,afternoon,False,,0.191,anna.nakamura974@example.com
CUS-0001748,Elena Bakker,smb,none,ZN-000389,Sao Paulo,BR,LATAM,310 Cedar Dr,-23.562384,-46.704496,2018-11-08,65.0,3406.95,4.02,any,True,,0.157,elena.bakker655@example.com
CUS-0001749,Grace Petrov,public_sector,gold,ZN-000279,Los Angeles,US,NA,236 Park Ave,34.119368,-118.268784,2022-09-16,23.0,890.14,3.82,evening,True,48.0,0.192,grace.petrov581@example.com
CUS-0001750,Alex Rahman,retail_consumer,none,ZN-000006,London,GB,EMEA,324 Industrial Blvd,51.544297,-0.17505,2018-02-07,16.0,3380.45,3.64,any,False,,0.351,alex.rahman314@example.com
CUS-0001751,Isabella Rahman,enterprise,bronze,ZN-000357,Sao Paulo,BR,LATAM,263 Grove Dr,-23.589494,-46.636195,2022-01-04,641.0,32658.66,3.59,any,True,48.0,0.346,isabella.rahman349@example.com
CUS-0001752,Jun Muller,retail_consumer,silver,ZN-000125,London,GB,EMEA,264 Industrial Blvd,51.466619,-0.171835,2025-02-02,10.0,747.01,4.14,evening,False,,0.186,jun.muller713@example.com
CUS-0001753,Nikolai Muller,enterprise,none,ZN-000272,Los Angeles,US,NA,454 Market Sq,34.064324,-118.138765,2018-09-04,277.0,6917.99,2.22,morning,True,12.0,0.166,nikolai.muller16@example.com
CUS-0001754,Rahul Fernandez,retail_consumer,silver,ZN-000149,Osaka,JP,APAC,447 Riverside St,34.582094,135.544288,2018-12-28,26.0,11383.45,4.15,afternoon,False,,0.409,rahul.fernandez803@example.com
CUS-0001755,Alex Brown,enterprise,none,ZN-000164,Krakow,PL,EMEA,454 Grove Ln,50.153701,18.954666,2020-05-09,100.0,4941.08,5.0,morning,True,12.0,0.352,alex.brown211@example.com
CUS-0001756,Peter Brown,retail_consumer,silver,ZN-000084,Manchester,GB,EMEA,190 Elm Blvd,53.494789,-2.15373,2019-06-09,13.0,920.0,2.85,any,False,,0.059,peter.brown68@example.com
CUS-0001757,Anna Kim,retail_consumer,none,ZN-000093,Sao Paulo,BR,LATAM,209 Oak Dr,-23.577135,-46.587705,2024-06-20,4.0,147.46,4.77,any,False,,0.267,anna.kim868@example.com
CUS-0001758,Priya Petrov,retail_consumer,platinum,ZN-000084,Manchester,GB,EMEA,140 Industrial Sq,53.515125,-2.108008,2023-04-15,12.0,551.15,3.9,evening,False,,0.114,priya.petrov634@example.com
CUS-0001759,Tomas Lindqvist,retail_consumer,silver,ZN-000227,Delhi,IN,APAC,473 Maple Ln,28.755261,77.03911,2024-11-16,11.0,606.2,4.76,evening,False,,0.325,tomas.lindqvist448@example.com
CUS-0001760,Alex Torres,smb,gold,ZN-000035,Manchester,GB,EMEA,59 Park Rd,53.421852,-2.322898,2024-05-22,34.0,814.3,2.5,morning,True,,0.624,alex.torres28@example.com
CUS-0001761,Lucas Brown,retail_consumer,none,ZN-000174,Jakarta,ID,APAC,164 Market Rd,-6.134319,106.823636,2020-02-10,10.0,264.52,4.0,evening,False,,0.317,lucas.brown210@example.com
CUS-0001762,Aisha Novak,retail_consumer,none,ZN-000429,Stockholm,SE,EMEA,258 Depot Ave,59.334805,17.936935,2024-05-11,8.0,423.38,4.21,evening,False,,0.166,aisha.novak968@example.com
CUS-0001763,Isabella Petrov,retail_consumer,bronze,ZN-000376,Rome,IT,EMEA,400 Victoria Ln,41.833508,12.44032,2025-01-24,21.0,694.95,4.92,evening,False,,0.359,isabella.petrov90@example.com
CUS-0001764,Amara Weber,smb,bronze,ZN-000028,Shanghai,CN,APAC,16 Union Sq,31.21609,121.476389,2023-03-24,52.0,4806.25,3.14,afternoon,True,,0.547,amara.weber7@example.com
CUS-0001765,Rahul Smith,smb,none,ZN-000067,Los Angeles,US,NA,6 Grove St,33.830851,-118.211305,2025-12-02,74.0,7560.02,5.0,evening,True,,0.636,rahul.smith763@example.com
CUS-0001766,Zara Okafor,enterprise,gold,ZN-000474,Delhi,IN,APAC,21 Warehouse Ln,28.6261,77.080741,2025-05-08,74.0,3129.1,4.41,evening,True,12.0,0.326,zara.okafor166@example.com
CUS-0001767,Marcus Costa,retail_consumer,bronze,ZN-000459,Mexico City,MX,LATAM,50 Market Blvd,19.462398,-99.064685,2018-04-25,6.0,539.33,4.68,morning,False,,0.155,marcus.costa742@example.com
CUS-0001768,Viktor Garcia,enterprise,none,ZN-000324,Rome,IT,EMEA,470 Station Ave,41.962963,12.595666,2021-04-25,80.0,10922.87,2.3,morning,True,24.0,0.285,viktor.garcia353@example.com
CUS-0001769,Mateo Novak,retail_consumer,bronze,ZN-000481,Rome,IT,EMEA,13 Central Ln,41.874515,12.473692,2022-12-21,8.0,332.88,3.47,evening,False,,0.328,mateo.novak786@example.com
CUS-0001770,Peter Lindqvist,retail_consumer,silver,ZN-000401,Krakow,PL,EMEA,204 Bridge Blvd,50.108479,20.224662,2022-10-17,65.0,3503.34,3.94,afternoon,False,,0.199,peter.lindqvist961@example.com
CUS-0001771,Sofia Nguyen,smb,bronze,ZN-000061,Los Angeles,US,NA,135 Oak Dr,34.376316,-118.10906,2021-11-09,6.0,321.89,4.66,afternoon,True,,0.189,sofia.nguyen196@example.com
CUS-0001772,Hugo Dubois,retail_consumer,silver,ZN-000490,London,GB,EMEA,295 Oak Dr,51.46074,0.036059,2024-08-22,13.0,654.63,4.53,afternoon,False,,0.291,hugo.dubois265@example.com
CUS-0001773,Priya Moreau,retail_consumer,none,ZN-000342,Bengaluru,IN,APAC,242 Grove Sq,12.91804,77.581204,2025-06-02,14.0,213.98,4.12,morning,False,,0.071,priya.moreau207@example.com
CUS-0001774,Anna Muller,retail_consumer,silver,ZN-000454,Delhi,IN,APAC,248 Station Sq,28.741461,77.076065,2021-08-01,9.0,192.13,3.18,evening,False,,0.045,anna.muller962@example.com
CUS-0001775,Maria Costa,retail_consumer,none,ZN-000466,Los Angeles,US,NA,71 Station Rd,33.970878,-118.240551,2019-11-29,6.0,310.84,4.22,morning,False,,0.537,maria.costa952@example.com
CUS-0001776,Amara Garcia,marketplace_seller,none,ZN-000134,Berlin,DE,EMEA,374 Harbour Ln,52.898442,13.88451,2021-03-27,4.0,139.56,3.49,afternoon,False,,0.269,amara.garcia151@example.com
CUS-0001777,Nikolai Nakamura,marketplace_seller,silver,ZN-000210,Mexico City,MX,LATAM,107 Riverside Sq,19.498297,-99.100309,2020-05-28,6.0,311.48,4.4,any,False,,0.061,nikolai.nakamura233@example.com
CUS-0001778,Leila Novak,marketplace_seller,bronze,ZN-000205,Rome,IT,EMEA,363 Victoria Blvd,41.938205,12.381342,2023-11-08,28.0,2156.0,2.91,any,False,,0.268,leila.novak601@example.com
CUS-0001779,Elena Ivanov,retail_consumer,gold,ZN-000499,Delhi,IN,APAC,244 Depot Ave,28.755132,77.065882,2019-12-01,5.0,405.12,2.71,morning,False,,0.42,elena.ivanov976@example.com
CUS-0001780,Isabella Muller,retail_consumer,none,ZN-000451,London,GB,EMEA,223 Park Sq,51.594854,-0.140978,2018-02-22,22.0,1937.24,4.74,afternoon,False,,0.174,isabella.muller67@example.com
CUS-0001781,Amara Muller,retail_consumer,silver,ZN-000259,Amsterdam,NL,EMEA,292 Station St,52.437584,4.898373,2019-04-14,20.0,546.31,4.87,any,False,,0.315,amara.muller60@example.com
CUS-0001782,Freya Dubois,retail_consumer,none,ZN-000111,Osaka,JP,APAC,241 Maple Blvd,34.641344,135.484743,2023-10-24,9.0,797.51,4.57,evening,False,,0.281,freya.dubois512@example.com
CUS-0001783,Nikolai Nguyen,enterprise,none,ZN-000449,Stockholm,SE,EMEA,369 Elm Sq,59.314305,18.078573,2023-10-17,450.0,55380.5,3.77,morning,True,12.0,0.357,nikolai.nguyen356@example.com
CUS-0001784,Rahul Moreau,retail_consumer,none,ZN-000046,Manchester,GB,EMEA,163 Riverside Sq,53.567364,-2.265801,2024-10-10,4.0,304.07,4.73,morning,False,,0.246,rahul.moreau733@example.com
CUS-0001785,Anna Hansen,retail_consumer,gold,ZN-000273,Rome,IT,EMEA,100 Church Dr,41.924396,12.549445,2025-10-02,6.0,368.42,3.71,morning,False,,0.038,anna.hansen147@example.com
CUS-0001786,Alex Smith,retail_consumer,bronze,ZN-000169,Rome,IT,EMEA,452 Elm Sq,41.98146,12.529613,2020-03-18,2.0,172.28,5.0,evening,False,,0.07,alex.smith530@example.com
CUS-0001787,Yuki Silva,marketplace_seller,bronze,ZN-000047,Jakarta,ID,APAC,390 Cedar Dr,-6.1316,106.86699,2019-03-03,5.0,221.05,4.45,any,False,,0.533,yuki.silva359@example.com
CUS-0001788,Diego Smith,retail_consumer,none,ZN-000410,Shanghai,CN,APAC,100 Market Sq,31.305417,121.412924,2019-01-26,4.0,200.91,4.29,morning,False,,0.362,diego.smith668@example.com
CUS-0001789,Viktor Okafor,enterprise,gold,ZN-000347,Rome,IT,EMEA,306 Depot Ave,41.896119,12.448495,2019-05-07,82.0,14350.84,3.71,morning,True,48.0,0.197,viktor.okafor562@example.com
CUS-0001790,Carlos Ali,retail_consumer,gold,ZN-000264,Shanghai,CN,APAC,90 Church Sq,31.225614,121.385368,2020-10-25,17.0,3943.25,5.0,afternoon,False,,0.334,carlos.ali437@example.com
CUS-0001791,Viktor Rahman,marketplace_seller,gold,ZN-000401,Krakow,PL,EMEA,110 Church Dr,50.105945,20.183946,2018-10-24,12.0,157.68,4.3,morning,False,,0.177,viktor.rahman256@example.com
CUS-0001792,Fatima Moreau,retail_consumer,none,ZN-000152,Atlanta,US,NA,349 Central Dr,34.341834,-84.135793,2022-05-16,7.0,365.46,3.82,morning,False,,0.183,fatima.moreau98@example.com
CUS-0001793,Diego Kowalski,retail_consumer,none,ZN-000341,Sao Paulo,BR,LATAM,156 Union Blvd,-23.588284,-46.703377,2018-12-14,43.0,3253.15,4.74,afternoon,False,,0.277,diego.kowalski424@example.com
CUS-0001794,Lucas Moreau,marketplace_seller,none,ZN-000085,Osaka,JP,APAC,440 Bridge Sq,34.606472,135.575832,2024-09-03,32.0,1947.36,3.56,morning,False,,0.246,lucas.moreau150@example.com
CUS-0001795,Priya Torres,smb,none,ZN-000433,Bengaluru,IN,APAC,221 Warehouse St,12.954457,77.526704,2024-10-30,40.0,3438.66,4.84,evening,True,,0.361,priya.torres720@example.com
CUS-0001796,Jun Weber,retail_consumer,bronze,ZN-000003,London,GB,EMEA,283 Oak Rd,51.546365,-0.055897,2023-01-29,9.0,410.56,3.85,evening,False,,0.155,jun.weber541@example.com
CUS-0001797,Marcus Weber,retail_consumer,gold,ZN-000454,Delhi,IN,APAC,285 Warehouse Dr,28.755969,77.091377,2022-04-17,46.0,1359.76,4.34,morning,False,,0.125,marcus.weber330@example.com
CUS-0001798,Tomas Rossi,retail_consumer,bronze,ZN-000190,Jakarta,ID,APAC,453 Grove Sq,-6.230665,106.808079,2023-01-26,24.0,1072.24,4.93,any,False,,0.288,tomas.rossi696@example.com
CUS-0001799,Alex Rahman,retail_consumer,gold,ZN-000333,Krakow,PL,EMEA,133 Church Rd,50.266893,19.95208,2022-07-10,16.0,1187.4,3.98,evening,False,,0.194,alex.rahman403@example.com
CUS-0001800,Alex Novak,smb,bronze,ZN-000095,Rome,IT,EMEA,108 Elm Ave,41.903825,12.133226,2018-07-13,21.0,814.44,4.55,afternoon,True,,0.599,alex.novak930@example.com
CUS-0001801,Sofia Silva,retail_consumer,silver,ZN-000121,Shanghai,CN,APAC,400 Church Blvd,31.167175,121.423919,2024-07-11,9.0,523.73,3.59,afternoon,False,,0.228,sofia.silva549@example.com
CUS-0001802,Hugo Ali,retail_consumer,silver,ZN-000383,London,GB,EMEA,432 Station St,51.495465,-0.20004,2019-09-28,6.0,554.16,5.0,any,False,,0.425,hugo.ali844@example.com
CUS-0001803,Yuki Muller,retail_consumer,none,ZN-000127,Krakow,PL,EMEA,49 Market Blvd,50.010129,19.963013,2025-09-03,5.0,82.38,5.0,any,False,,0.272,yuki.muller78@example.com
CUS-0001804,Daniel Ali,enterprise,silver,ZN-000429,Stockholm,SE,EMEA,371 Kings Ln,59.297662,17.898791,2019-09-04,1230.0,63159.61,5.0,afternoon,True,12.0,0.451,daniel.ali848@example.com
CUS-0001805,Leila Petrov,enterprise,bronze,ZN-000402,London,GB,EMEA,280 Market Ave,51.577368,-0.166585,2019-04-01,344.0,27143.05,4.81,evening,True,48.0,0.508,leila.petrov838@example.com
CUS-0001806,Alex Yilmaz,smb,none,ZN-000110,London,GB,EMEA,103 Central Ave,51.534539,-0.111798,2023-06-27,16.0,1533.65,3.81,afternoon,True,,0.483,alex.yilmaz175@example.com
CUS-0001807,Elena Petrov,enterprise,gold,ZN-000264,Shanghai,CN,APAC,40 Victoria Way,31.222654,121.359536,2022-11-13,378.0,22424.31,3.97,any,True,12.0,0.425,elena.petrov598@example.com
CUS-0001808,Ivan Costa,public_sector,none,ZN-000054,Osaka,JP,APAC,140 Oak Rd,34.697152,135.401211,2019-01-16,29.0,429.19,3.58,morning,True,12.0,0.183,ivan.costa115@example.com
CUS-0001809,Carlos Bakker,enterprise,bronze,ZN-000249,London,GB,EMEA,51 Harbour Blvd,51.491113,-0.010175,2023-01-02,116.0,8063.84,3.24,morning,True,24.0,0.529,carlos.bakker493@example.com
CUS-0001810,Alex Kowalski,enterprise,none,ZN-000029,Mexico City,MX,LATAM,36 Industrial Dr,19.368052,-99.130615,2019-06-22,231.0,10447.97,2.68,evening,True,12.0,0.417,alex.kowalski980@example.com
CUS-0001811,Amara Hansen,smb,none,ZN-000314,Bengaluru,IN,APAC,303 Maple Ln,12.993143,77.444574,2025-09-17,12.0,2430.33,4.83,any,True,,0.093,amara.hansen894@example.com
CUS-0001812,Jun Brown,retail_consumer,none,ZN-000047,Jakarta,ID,APAC,277 Riverside St,-6.106318,106.870867,2019-05-16,17.0,882.42,2.54,evening,False,,0.293,jun.brown451@example.com
CUS-0001813,Amara Okafor,smb,bronze,ZN-000474,Delhi,IN,APAC,260 Station Ln,28.654313,77.113311,2023-05-26,6.0,291.92,3.72,morning,True,,0.384,amara.okafor662@example.com
CUS-0001814,Anna Nakamura,enterprise,silver,ZN-000176,Los Angeles,US,NA,232 Industrial Dr,34.056608,-118.163987,2024-09-25,72.0,2512.95,4.11,evening,True,48.0,0.138,anna.nakamura548@example.com
CUS-0001815,Daniel Torres,retail_consumer,none,ZN-000263,Manchester,GB,EMEA,297 Cedar Ave,53.420623,-2.299224,2025-07-24,5.0,237.3,3.93,afternoon,False,,0.48,daniel.torres801@example.com
CUS-0001816,Chen Torres,retail_consumer,none,ZN-000104,Krakow,PL,EMEA,121 Maple Sq,50.124292,19.850345,2020-06-16,6.0,367.98,3.43,afternoon,False,,0.49,chen.torres767@example.com
CUS-0001817,Daniel Petrov,retail_consumer,none,ZN-000234,Krakow,PL,EMEA,87 Oak Way,50.062498,19.878767,2024-04-26,3.0,276.3,4.62,any,False,,0.291,daniel.petrov899@example.com
CUS-0001818,Mateo Bakker,marketplace_seller,none,ZN-000321,Amsterdam,NL,EMEA,265 Elm Ave,52.375944,4.948789,2020-01-05,5.0,140.43,3.71,afternoon,False,,0.351,mateo.bakker471@example.com
CUS-0001819,Maria Smith,enterprise,platinum,ZN-000181,London,GB,EMEA,85 Industrial Sq,51.505137,-0.17829,2025-10-02,294.0,8322.34,4.19,any,True,24.0,0.136,maria.smith462@example.com
CUS-0001820,Freya Okafor,retail_consumer,bronze,ZN-000484,Atlanta,US,NA,354 Bridge Blvd,33.755468,-84.454922,2022-02-02,27.0,682.24,4.91,any,False,,0.297,freya.okafor181@example.com
CUS-0001821,Freya Novak,smb,gold,ZN-000347,Rome,IT,EMEA,175 Market Dr,41.89362,12.50705,2024-07-05,27.0,3325.75,3.86,afternoon,True,,0.04,freya.novak117@example.com
CUS-0001822,Isabella Zhang,retail_consumer,none,ZN-000441,Mexico City,MX,LATAM,262 Central Ave,19.503396,-99.167973,2020-07-30,28.0,4788.56,4.25,afternoon,False,,0.416,isabella.zhang167@example.com
CUS-0001823,Tomas Smith,retail_consumer,bronze,ZN-000362,London,GB,EMEA,227 Depot Ln,51.488836,-0.056796,2024-04-23,10.0,232.72,5.0,any,False,,0.41,tomas.smith510@example.com
CUS-0001824,Yuki Okafor,smb,bronze,ZN-000420,Krakow,PL,EMEA,286 Maple Rd,50.117864,19.99925,2020-05-07,45.0,1714.04,4.25,evening,True,,0.109,yuki.okafor531@example.com
CUS-0001825,Hugo Kowalski,retail_consumer,gold,ZN-000189,Jakarta,ID,APAC,145 Market St,-6.315085,107.009162,2023-04-10,15.0,748.3,5.0,morning,False,,0.257,hugo.kowalski131@example.com
CUS-0001826,Priya Zhang,enterprise,silver,ZN-000231,Berlin,DE,EMEA,198 Cedar Sq,52.527091,13.532114,2023-12-04,70.0,4695.74,4.48,afternoon,True,24.0,0.243,priya.zhang532@example.com
CUS-0001827,Hugo Petrov,retail_consumer,bronze,ZN-000433,Bengaluru,IN,APAC,11 Union Dr,12.944627,77.517878,2023-02-27,3.0,134.98,4.66,morning,False,,0.155,hugo.petrov516@example.com
CUS-0001828,Ivan Brown,enterprise,gold,ZN-000082,Mexico City,MX,LATAM,413 Union Way,19.380027,-99.12437,2020-01-16,1549.0,230764.02,4.11,afternoon,True,24.0,0.018,ivan.brown846@example.com
CUS-0001829,Aisha Moreau,retail_consumer,bronze,ZN-000269,Mexico City,MX,LATAM,128 Victoria Sq,19.449592,-99.103715,2020-06-09,13.0,669.16,3.98,evening,False,,0.318,aisha.moreau240@example.com
CUS-0001830,Ivan Lindqvist,smb,bronze,ZN-000264,Shanghai,CN,APAC,63 Oak Rd,31.257569,121.362653,2019-07-16,56.0,10380.69,3.43,any,True,,0.424,ivan.lindqvist972@example.com
CUS-0001831,Mateo Ali,enterprise,bronze,ZN-000252,Rome,IT,EMEA,163 Depot Sq,41.895731,12.421978,2020-05-16,72.0,6465.88,4.32,any,True,24.0,0.192,mateo.ali57@example.com
CUS-0001832,Nikolai Smith,retail_consumer,none,ZN-000199,Mexico City,MX,LATAM,67 Bridge Sq,18.927547,-98.966999,2020-03-04,8.0,554.5,3.33,any,False,,0.698,nikolai.smith634@example.com
CUS-0001833,Zara Sharma,retail_consumer,silver,ZN-000308,Delhi,IN,APAC,283 Church St,28.772419,77.058691,2019-02-09,10.0,591.6,3.12,evening,False,,0.162,zara.sharma271@example.com
CUS-0001834,Maria Nguyen,retail_consumer,none,ZN-000400,Amsterdam,NL,EMEA,198 Church Blvd,52.414287,4.833937,2024-07-02,20.0,1041.65,4.06,afternoon,False,,0.079,maria.nguyen181@example.com
CUS-0001835,Fatima Rossi,retail_consumer,platinum,ZN-000048,Krakow,PL,EMEA,257 Oak Blvd,49.911239,20.22902,2019-01-29,19.0,1047.44,4.44,any,False,,0.33,fatima.rossi819@example.com
CUS-0001836,Mateo Rahman,retail_consumer,silver,ZN-000111,Osaka,JP,APAC,174 Union Blvd,34.647542,135.529395,2021-01-23,21.0,739.62,3.56,any,False,,0.446,mateo.rahman982@example.com
CUS-0001837,Grace Lindqvist,retail_consumer,silver,ZN-000241,London,GB,EMEA,176 Warehouse Blvd,51.475819,-0.060591,2022-06-06,14.0,624.82,4.07,afternoon,False,,0.54,grace.lindqvist747@example.com
CUS-0001838,Sofia Muller,smb,bronze,ZN-000459,Mexico City,MX,LATAM,246 Kings Blvd,19.484903,-99.073403,2023-01-01,14.0,1182.21,5.0,any,True,,0.166,sofia.muller46@example.com
CUS-0001839,Daniel Zhang,smb,none,ZN-000213,Osaka,JP,APAC,467 Grove Way,34.752892,135.51582,2024-05-01,17.0,621.13,4.06,afternoon,True,,0.186,daniel.zhang140@example.com
CUS-0001840,Grace Nguyen,enterprise,platinum,ZN-000205,Rome,IT,EMEA,226 Station Dr,41.957839,12.380604,2020-06-28,374.0,25755.27,4.36,any,True,48.0,0.425,grace.nguyen891@example.com
CUS-0001841,Anna Bakker,retail_consumer,none,ZN-000294,Berlin,DE,EMEA,261 Riverside Way,52.003841,12.856409,2019-05-22,8.0,303.97,4.86,morning,False,,0.094,anna.bakker352@example.com
CUS-0001842,Freya Petrov,smb,silver,ZN-000420,Krakow,PL,EMEA,292 Union Ln,50.095513,20.00287,2024-03-24,16.0,908.82,4.44,afternoon,True,,0.0,freya.petrov422@example.com
CUS-0001843,Sofia Hansen,marketplace_seller,bronze,ZN-000386,Mexico City,MX,LATAM,200 Central Dr,19.446029,-99.202084,2024-01-27,4.0,55.34,3.4,any,False,,0.173,sofia.hansen327@example.com
CUS-0001844,Viktor Bakker,enterprise,silver,ZN-000336,London,GB,EMEA,58 Oak Way,51.556589,-0.0675,2018-03-17,141.0,6773.82,5.0,afternoon,True,12.0,0.099,viktor.bakker432@example.com
CUS-0001845,Fatima Rossi,retail_consumer,none,ZN-000273,Rome,IT,EMEA,359 Victoria Dr,41.943623,12.519786,2024-10-20,3.0,345.57,4.98,afternoon,False,,0.249,fatima.rossi580@example.com
CUS-0001846,Yuki Torres,smb,none,ZN-000329,Jakarta,ID,APAC,215 Cedar Dr,-6.173155,106.843964,2023-11-10,42.0,2516.51,2.63,morning,True,,0.079,yuki.torres674@example.com
CUS-0001847,Elena Torres,smb,bronze,ZN-000482,Sao Paulo,BR,LATAM,99 Victoria Blvd,-23.598073,-46.687103,2020-04-04,15.0,268.29,5.0,afternoon,True,,0.062,elena.torres978@example.com
CUS-0001848,Lucas Silva,marketplace_seller,silver,ZN-000374,Delhi,IN,APAC,58 Central Blvd,28.716026,77.079367,2022-09-24,22.0,2331.56,4.76,morning,False,,0.039,lucas.silva451@example.com
CUS-0001849,Viktor Kowalski,retail_consumer,gold,ZN-000097,Atlanta,US,NA,91 Depot Way,33.796764,-84.445609,2020-12-16,8.0,287.05,4.6,morning,False,,0.314,viktor.kowalski953@example.com
CUS-0001850,Lucas Sharma,retail_consumer,bronze,ZN-000119,Manchester,GB,EMEA,6 Park Way,53.505493,-2.414474,2025-02-23,10.0,1137.85,5.0,evening,False,,0.146,lucas.sharma134@example.com
CUS-0001851,Diego Fernandez,retail_consumer,none,ZN-000169,Rome,IT,EMEA,105 Bridge St,41.999219,12.522453,2024-08-01,4.0,185.39,5.0,morning,False,,0.466,diego.fernandez394@example.com
CUS-0001852,Rahul Bakker,retail_consumer,bronze,ZN-000189,Jakarta,ID,APAC,279 Church Ave,-6.311812,107.00635,2020-09-13,4.0,139.81,3.4,morning,False,,0.116,rahul.bakker456@example.com
CUS-0001853,Priya Brown,retail_consumer,bronze,ZN-000350,Stockholm,SE,EMEA,61 Pine Sq,59.094097,17.869585,2019-04-07,15.0,357.46,4.31,morning,False,,0.663,priya.brown898@example.com
CUS-0001854,Omar Weber,marketplace_seller,silver,ZN-000432,Atlanta,US,NA,225 Church St,33.780345,-84.305021,2022-03-18,25.0,1451.62,5.0,morning,False,,0.234,omar.weber722@example.com
CUS-0001855,Omar Ali,retail_consumer,none,ZN-000352,Los Angeles,US,NA,226 Church Ave,34.059333,-118.335474,2025-04-04,4.0,162.45,3.73,evening,False,,0.276,omar.ali69@example.com
CUS-0001856,Jun Okafor,public_sector,none,ZN-000053,Shanghai,CN,APAC,73 Maple Blvd,31.240951,121.509374,2019-09-26,41.0,2149.41,4.47,any,True,12.0,0.426,jun.okafor13@example.com
CUS-0001857,Grace Kim,smb,bronze,ZN-000244,Shanghai,CN,APAC,471 Cedar Ln,31.209745,121.396444,2023-08-22,16.0,769.6,4.03,evening,True,,0.34,grace.kim342@example.com
CUS-0001858,Yuki Costa,enterprise,bronze,ZN-000239,Sao Paulo,BR,LATAM,223 Elm Dr,-23.599918,-46.569315,2025-03-05,195.0,36809.33,4.52,any,True,48.0,0.259,yuki.costa752@example.com
CUS-0001859,Zara Hansen,retail_consumer,gold,ZN-000451,London,GB,EMEA,397 Elm Way,51.567211,-0.178334,2021-07-23,6.0,373.01,3.96,evening,False,,0.545,zara.hansen158@example.com
CUS-0001860,Grace Brown,enterprise,none,ZN-000003,London,GB,EMEA,132 Grove Ln,51.54387,-0.016258,2018-01-23,212.0,19045.68,3.26,afternoon,True,24.0,0.352,grace.brown486@example.com
CUS-0001861,Grace Costa,retail_consumer,bronze,ZN-000087,Osaka,JP,APAC,419 Industrial Sq,34.660955,135.441845,2021-09-09,30.0,1534.97,3.96,any,False,,0.299,grace.costa761@example.com
CUS-0001862,Viktor Kim,enterprise,bronze,ZN-000296,Sao Paulo,BR,LATAM,111 Maple Ln,-23.548424,-46.538909,2018-08-28,275.0,16315.6,4.08,evening,True,24.0,0.332,viktor.kim833@example.com
CUS-0001863,Elena Dubois,retail_consumer,silver,ZN-000479,Delhi,IN,APAC,115 Bridge St,28.713597,77.129665,2022-07-18,5.0,808.39,5.0,afternoon,False,,0.324,elena.dubois527@example.com
CUS-0001864,Alex Rossi,retail_consumer,silver,ZN-000268,Delhi,IN,APAC,426 Kings Rd,28.634324,77.122152,2023-10-09,6.0,302.58,4.43,afternoon,False,,0.237,alex.rossi455@example.com
CUS-0001865,Grace Silva,enterprise,none,ZN-000247,Berlin,DE,EMEA,417 Grove Blvd,52.521377,13.555841,2022-09-15,182.0,6349.64,3.84,evening,True,24.0,0.281,grace.silva577@example.com
CUS-0001866,Sofia Torres,retail_consumer,bronze,ZN-000426,Krakow,PL,EMEA,370 Union Ln,49.900092,19.691987,2022-07-02,8.0,587.69,4.24,afternoon,False,,0.509,sofia.torres93@example.com
CUS-0001867,Leila Rahman,retail_consumer,bronze,ZN-000290,Rome,IT,EMEA,461 Grove Rd,41.934605,12.349433,2025-11-21,4.0,94.81,3.43,evening,False,,0.392,leila.rahman915@example.com
CUS-0001868,Carlos Moreau,enterprise,gold,ZN-000268,Delhi,IN,APAC,168 Cedar St,28.657612,77.136138,2021-08-10,321.0,20398.42,3.64,afternoon,True,48.0,0.194,carlos.moreau322@example.com
CUS-0001869,Tomas Brown,retail_consumer,bronze,ZN-000042,Osaka,JP,APAC,7 Industrial Blvd,34.670047,135.482418,2020-06-30,20.0,663.1,4.67,evening,False,,0.344,tomas.brown898@example.com
CUS-0001870,Sofia Ali,smb,silver,ZN-000279,Los Angeles,US,NA,46 Cedar Dr,34.124023,-118.25474,2023-10-06,47.0,2115.03,3.75,evening,True,,0.211,sofia.ali101@example.com
CUS-0001871,Sofia Rossi,retail_consumer,bronze,ZN-000268,Delhi,IN,APAC,352 Elm Ave,28.649856,77.114591,2018-03-04,7.0,328.14,4.82,afternoon,False,,0.158,sofia.rossi237@example.com
CUS-0001872,Omar Kowalski,retail_consumer,bronze,ZN-000056,London,GB,EMEA,169 Depot Ln,51.591398,-0.032366,2021-03-06,30.0,5214.98,4.43,any,False,,0.257,omar.kowalski687@example.com
CUS-0001873,Fatima Weber,retail_consumer,bronze,ZN-000404,Berlin,DE,EMEA,414 Maple St,52.312443,13.375061,2023-10-18,5.0,351.19,4.35,evening,False,,0.291,fatima.weber708@example.com
CUS-0001874,Viktor Weber,smb,bronze,ZN-000311,Krakow,PL,EMEA,299 Riverside Ave,50.398636,20.04682,2024-03-29,45.0,3069.12,4.32,morning,True,,0.401,viktor.weber566@example.com
CUS-0001875,Tomas Sharma,marketplace_seller,bronze,ZN-000323,Mexico City,MX,LATAM,416 Victoria St,19.394887,-99.038781,2024-07-21,16.0,5972.93,4.29,morning,False,,0.247,tomas.sharma78@example.com
CUS-0001876,Viktor Moreau,retail_consumer,platinum,ZN-000123,Los Angeles,US,NA,35 Market St,34.089274,-118.231837,2020-10-29,59.0,6389.6,1.95,any,False,,0.105,viktor.moreau303@example.com
CUS-0001877,Peter Costa,retail_consumer,platinum,ZN-000474,Delhi,IN,APAC,70 Pine Ln,28.622114,77.104487,2018-12-07,7.0,233.64,4.28,any,False,,0.23,peter.costa881@example.com
CUS-0001878,Diego Sharma,smb,platinum,ZN-000010,Rome,IT,EMEA,177 Park Ln,41.907893,12.557913,2024-03-20,61.0,1409.12,4.13,any,True,,0.38,diego.sharma164@example.com
CUS-0001879,Peter Silva,enterprise,none,ZN-000421,Shanghai,CN,APAC,230 Station Ave,31.158698,121.413516,2023-03-09,302.0,21641.8,4.46,evening,True,12.0,0.039,peter.silva340@example.com
CUS-0001880,Yuki Muller,smb,none,ZN-000165,London,GB,EMEA,476 Bridge Ave,51.559136,-0.206139,2021-09-10,22.0,2572.44,3.26,any,True,,0.018,yuki.muller234@example.com
CUS-0001881,Carlos Zhang,retail_consumer,silver,ZN-000317,Manchester,GB,EMEA,470 Station Ave,53.446724,-2.368366,2021-06-10,5.0,133.01,3.92,any,False,,0.273,carlos.zhang154@example.com
CUS-0001882,Mateo Moreau,retail_consumer,none,ZN-000043,Bengaluru,IN,APAC,294 Elm Way,12.959148,77.492698,2018-03-15,19.0,853.44,4.21,evening,False,,0.0,mateo.moreau473@example.com
CUS-0001883,Viktor Nakamura,enterprise,bronze,ZN-000356,Bengaluru,IN,APAC,447 Victoria Dr,12.514444,77.4571,2021-09-20,91.0,4761.62,4.51,afternoon,True,12.0,0.31,viktor.nakamura65@example.com
CUS-0001884,Isabella Lindqvist,public_sector,bronze,ZN-000141,Osaka,JP,APAC,231 Warehouse Blvd,34.742604,135.581063,2022-04-29,4.0,112.13,3.83,afternoon,True,48.0,0.375,isabella.lindqvist149@example.com
CUS-0001885,Viktor Hansen,public_sector,none,ZN-000155,Berlin,DE,EMEA,154 Industrial Way,52.531224,13.47546,2021-10-08,15.0,594.38,4.14,afternoon,True,48.0,0.267,viktor.hansen342@example.com
CUS-0001886,Tomas Weber,retail_consumer,gold,ZN-000410,Shanghai,CN,APAC,262 Park St,31.267913,121.41263,2018-03-28,13.0,219.55,4.65,morning,False,,0.349,tomas.weber394@example.com
CUS-0001887,Nadia Brown,retail_consumer,none,ZN-000046,Manchester,GB,EMEA,213 Cedar Rd,53.53811,-2.27218,2019-03-26,2.0,80.45,4.86,afternoon,False,,0.543,nadia.brown351@example.com
CUS-0001888,Sofia Lindqvist,retail_consumer,bronze,ZN-000350,Stockholm,SE,EMEA,156 Market Ave,59.106689,17.833702,2024-11-10,15.0,1001.18,5.0,any,False,,0.469,sofia.lindqvist858@example.com
CUS-0001889,Sofia Kowalski,smb,silver,ZN-000223,London,GB,EMEA,240 Warehouse Dr,51.434905,-0.195155,2025-09-29,16.0,483.62,3.15,any,True,,0.462,sofia.kowalski292@example.com
CUS-0001890,Aisha Smith,retail_consumer,none,ZN-000160,Mexico City,MX,LATAM,284 Depot Sq,19.457932,-99.131312,2024-06-04,4.0,130.58,4.22,afternoon,False,,0.0,aisha.smith194@example.com
CUS-0001891,Alex Nguyen,enterprise,silver,ZN-000464,Osaka,JP,APAC,80 Market Ln,34.228903,135.047274,2025-03-19,138.0,6497.88,4.69,morning,True,12.0,0.701,alex.nguyen36@example.com
CUS-0001892,Tomas Muller,retail_consumer,silver,ZN-000484,Atlanta,US,NA,87 Oak Ln,33.794355,-84.454436,2022-04-05,25.0,1682.64,4.07,evening,False,,0.315,tomas.muller872@example.com
CUS-0001893,Tomas Dubois,enterprise,none,ZN-000009,Shanghai,CN,APAC,146 Harbour Blvd,31.229981,121.551108,2022-04-15,338.0,15706.99,4.34,afternoon,True,24.0,0.293,tomas.dubois342@example.com
CUS-0001894,Marcus Nguyen,public_sector,none,ZN-000039,Osaka,JP,APAC,258 Oak Way,34.801789,135.555021,2019-01-07,5.0,230.89,4.02,evening,True,12.0,0.597,marcus.nguyen627@example.com
CUS-0001895,Rahul Bakker,retail_consumer,none,ZN-000154,Rome,IT,EMEA,18 Victoria Way,41.981736,12.481937,2024-11-17,13.0,528.9,5.0,any,False,,0.326,rahul.bakker708@example.com
CUS-0001896,Hugo Dubois,smb,none,ZN-000204,Manchester,GB,EMEA,1 Kings St,53.585123,-1.829092,2021-09-26,13.0,632.31,5.0,evening,True,,0.216,hugo.dubois204@example.com
CUS-0001897,Carlos Garcia,retail_consumer,silver,ZN-000420,Krakow,PL,EMEA,153 Station Blvd,50.10268,20.036014,2022-03-05,9.0,612.42,3.41,afternoon,False,,0.094,carlos.garcia217@example.com
CUS-0001898,Sofia Hansen,smb,bronze,ZN-000422,Shanghai,CN,APAC,361 Pine Rd,31.264666,121.371843,2024-02-22,13.0,383.91,3.73,any,True,,0.46,sofia.hansen154@example.com
CUS-0001899,Grace Lindqvist,enterprise,none,ZN-000219,Los Angeles,US,NA,327 Market Ln,34.027736,-118.319959,2021-11-07,157.0,10443.16,4.35,evening,True,48.0,0.133,grace.lindqvist168@example.com
CUS-0001900,Leila Rossi,smb,none,ZN-000133,Delhi,IN,APAC,129 Union St,28.587094,77.092753,2020-10-23,9.0,211.32,4.6,afternoon,True,,0.119,leila.rossi913@example.com
CUS-0001901,Viktor Kim,smb,bronze,ZN-000364,Manchester,GB,EMEA,406 Warehouse Blvd,53.515464,-2.163259,2020-08-05,35.0,795.51,3.63,any,True,,0.278,viktor.kim263@example.com
CUS-0001902,Tomas Bakker,retail_consumer,none,ZN-000476,Shanghai,CN,APAC,279 Park Rd,31.254969,121.402244,2018-10-22,5.0,130.75,4.0,morning,False,,0.264,tomas.bakker982@example.com
CUS-0001903,Mateo Silva,enterprise,silver,ZN-000478,Los Angeles,US,NA,51 Market Ln,33.938651,-117.998479,2023-05-07,702.0,56385.2,3.61,morning,True,24.0,0.043,mateo.silva375@example.com
CUS-0001904,Omar Kowalski,marketplace_seller,none,ZN-000375,Manchester,GB,EMEA,346 Bridge Sq,53.532909,-2.272929,2025-01-12,8.0,262.9,4.52,any,False,,0.179,omar.kowalski988@example.com
CUS-0001905,Yuki Ali,retail_consumer,gold,ZN-000075,Krakow,PL,EMEA,376 Maple Ave,50.082519,19.861987,2025-01-15,19.0,4923.58,3.88,morning,False,,0.352,yuki.ali471@example.com
CUS-0001906,Fatima Muller,retail_consumer,bronze,ZN-000062,London,GB,EMEA,144 Central Ln,51.514951,-0.030884,2020-11-10,5.0,313.8,4.48,afternoon,False,,0.337,fatima.muller282@example.com
CUS-0001907,Fatima Weber,retail_consumer,bronze,ZN-000446,London,GB,EMEA,473 Park St,51.562034,-0.125759,2024-12-21,3.0,116.21,4.06,morning,False,,0.086,fatima.weber875@example.com
CUS-0001908,Tomas Novak,public_sector,silver,ZN-000269,Mexico City,MX,LATAM,82 Market Ave,19.462619,-99.121239,2019-05-11,40.0,1697.88,4.47,evening,True,12.0,0.077,tomas.novak235@example.com
CUS-0001909,Mateo Sharma,smb,none,ZN-000317,Manchester,GB,EMEA,330 Station Ln,53.470327,-2.356857,2022-12-18,13.0,317.66,4.91,any,True,,0.365,mateo.sharma334@example.com
CUS-0001910,Fatima Ali,smb,bronze,ZN-000031,Rome,IT,EMEA,221 Union Dr,41.782202,11.934545,2024-11-04,14.0,2464.92,5.0,morning,True,,0.323,fatima.ali161@example.com
CUS-0001911,Zara Novak,smb,bronze,ZN-000448,Rome,IT,EMEA,92 Cedar Dr,41.823151,12.363243,2024-02-28,10.0,208.71,5.0,evening,True,,0.43,zara.novak880@example.com
CUS-0001912,Peter Ivanov,enterprise,none,ZN-000324,Rome,IT,EMEA,355 Pine Dr,41.967872,12.620203,2024-07-29,181.0,37922.36,2.8,afternoon,True,12.0,0.399,peter.ivanov215@example.com
CUS-0001913,Jun Garcia,enterprise,bronze,ZN-000337,Shanghai,CN,APAC,463 Oak Ln,31.16841,121.409429,2025-06-05,159.0,5652.14,3.87,evening,True,12.0,0.324,jun.garcia488@example.com
CUS-0001914,Alex Ali,retail_consumer,bronze,ZN-000303,Rome,IT,EMEA,216 Bridge Dr,41.978518,12.496035,2019-04-06,20.0,489.08,5.0,evening,False,,0.318,alex.ali466@example.com
CUS-0001915,Daniel Dubois,public_sector,silver,ZN-000479,Delhi,IN,APAC,128 Harbour Way,28.712226,77.154802,2024-09-21,7.0,3834.95,3.94,afternoon,True,48.0,0.19,daniel.dubois885@example.com
CUS-0001916,Carlos Dubois,retail_consumer,silver,ZN-000197,Atlanta,US,NA,119 Union Sq,33.786113,-84.347142,2023-11-17,6.0,648.69,2.84,morning,False,,0.213,carlos.dubois741@example.com
CUS-0001917,Aisha Brown,retail_consumer,silver,ZN-000111,Osaka,JP,APAC,173 Harbour Way,34.638125,135.534403,2019-04-28,8.0,344.42,4.78,morning,False,,0.401,aisha.brown46@example.com
CUS-0001918,Fatima Torres,retail_consumer,none,ZN-000019,Krakow,PL,EMEA,37 Warehouse Ave,50.019614,19.977439,2023-12-25,7.0,319.48,4.4,afternoon,False,,0.298,fatima.torres724@example.com
CUS-0001919,Freya Torres,public_sector,none,ZN-000359,Jakarta,ID,APAC,239 Church Way,-6.132982,106.901737,2024-07-25,13.0,314.77,4.29,morning,True,24.0,0.018,freya.torres15@example.com
CUS-0001920,Aisha Muller,retail_consumer,none,ZN-000081,Berlin,DE,EMEA,458 Victoria Way,52.477434,13.568192,2020-10-05,22.0,642.21,4.42,afternoon,False,,0.103,aisha.muller974@example.com
CUS-0001921,Chen Kowalski,marketplace_seller,none,ZN-000385,Krakow,PL,EMEA,277 Park Blvd,50.180723,20.047877,2018-02-08,9.0,2072.68,4.0,afternoon,False,,0.431,chen.kowalski425@example.com
CUS-0001922,Peter Okafor,smb,none,ZN-000268,Delhi,IN,APAC,349 Oak Dr,28.642288,77.113156,2025-08-19,33.0,451.89,4.78,any,True,,0.593,peter.okafor665@example.com
CUS-0001923,Daniel Nguyen,smb,none,ZN-000404,Berlin,DE,EMEA,317 Warehouse Ave,52.307971,13.374536,2021-11-08,15.0,688.21,3.55,morning,True,,0.38,daniel.nguyen286@example.com
CUS-0001924,Alex Fernandez,enterprise,none,ZN-000477,Shanghai,CN,APAC,282 Oak Ave,31.131114,121.540822,2020-07-06,140.0,6341.56,2.83,morning,True,24.0,0.248,alex.fernandez101@example.com
CUS-0001925,Freya Rossi,smb,none,ZN-000070,Delhi,IN,APAC,225 Oak Ave,28.652346,77.100707,2020-01-06,22.0,1817.2,3.68,afternoon,True,,0.534,freya.rossi979@example.com
CUS-0001926,Diego Nakamura,enterprise,silver,ZN-000007,Los Angeles,US,NA,441 Grove Dr,34.065322,-118.157125,2018-08-07,257.0,7955.61,3.8,any,True,24.0,0.0,diego.nakamura480@example.com
CUS-0001927,Amara Muller,marketplace_seller,none,ZN-000497,Berlin,DE,EMEA,4 Elm Ln,52.434408,13.419153,2022-12-08,43.0,9942.85,3.95,evening,False,,0.421,amara.muller546@example.com
CUS-0001928,Lucas Sharma,retail_consumer,silver,ZN-000394,Krakow,PL,EMEA,51 Grove St,50.057892,19.619245,2024-04-19,5.0,195.79,4.34,morning,False,,0.267,lucas.sharma11@example.com
CUS-0001929,Chen Bakker,retail_consumer,silver,ZN-000392,London,GB,EMEA,77 Depot Sq,51.508485,0.034639,2025-04-20,6.0,186.96,3.28,morning,False,,0.26,chen.bakker19@example.com
CUS-0001930,Grace Okafor,retail_consumer,none,ZN-000470,Shanghai,CN,APAC,118 Oak Blvd,31.188195,121.375414,2025-03-19,17.0,388.08,4.14,any,False,,0.0,grace.okafor375@example.com
CUS-0001931,Amara Rahman,retail_consumer,none,ZN-000164,Krakow,PL,EMEA,440 Central Sq,50.146613,18.953774,2025-11-19,8.0,647.67,3.99,any,False,,0.481,amara.rahman209@example.com
CUS-0001932,Leila Moreau,smb,none,ZN-000495,Krakow,PL,EMEA,354 Station St,49.837994,19.993437,2022-02-26,18.0,316.33,3.64,morning,True,,0.214,leila.moreau217@example.com
CUS-0001933,Freya Hansen,smb,bronze,ZN-000411,Berlin,DE,EMEA,403 Elm Blvd,52.584817,13.439053,2025-11-13,92.0,5004.65,4.27,evening,True,,0.021,freya.hansen382@example.com
CUS-0001934,Tomas Kim,retail_consumer,gold,ZN-000144,Stockholm,SE,EMEA,401 Church Rd,59.425205,18.06104,2023-08-22,20.0,1784.17,3.51,afternoon,False,,0.0,tomas.kim963@example.com
CUS-0001935,Amara Fernandez,retail_consumer,silver,ZN-000063,London,GB,EMEA,342 Warehouse Rd,51.632597,-0.117545,2021-08-04,10.0,817.04,5.0,afternoon,False,,0.296,amara.fernandez57@example.com
CUS-0001936,Amara Petrov,smb,silver,ZN-000212,Atlanta,US,NA,312 Warehouse Ave,33.560029,-84.524097,2018-06-25,20.0,1174.5,4.58,any,True,,0.425,amara.petrov505@example.com
CUS-0001937,Zara Weber,smb,none,ZN-000484,Atlanta,US,NA,194 Market Dr,33.792243,-84.429049,2023-06-29,67.0,7866.32,4.41,afternoon,True,,0.377,zara.weber181@example.com
CUS-0001938,Anna Petrov,enterprise,bronze,ZN-000086,Rome,IT,EMEA,233 Grove Ln,41.899424,12.438265,2020-09-21,217.0,23773.7,5.0,evening,True,24.0,0.235,anna.petrov767@example.com
CUS-0001939,Lucas Nakamura,retail_consumer,bronze,ZN-000440,Rome,IT,EMEA,311 Depot Sq,41.892479,12.389249,2025-03-01,12.0,715.91,4.88,evening,False,,0.191,lucas.nakamura835@example.com
CUS-0001940,Hugo Ivanov,smb,none,ZN-000442,Amsterdam,NL,EMEA,286 Central Dr,52.406254,4.933765,2022-09-07,40.0,2231.98,3.26,any,True,,0.388,hugo.ivanov422@example.com
CUS-0001941,Hugo Moreau,retail_consumer,bronze,ZN-000231,Berlin,DE,EMEA,20 Elm Blvd,52.499695,13.535587,2025-05-13,5.0,625.87,3.74,evening,False,,0.519,hugo.moreau16@example.com
CUS-0001942,Isabella Nguyen,retail_consumer,bronze,ZN-000208,London,GB,EMEA,375 Pine St,51.458917,-0.0359,2024-12-01,34.0,2112.4,3.83,evening,False,,0.209,isabella.nguyen492@example.com
CUS-0001943,Zara Moreau,retail_consumer,gold,ZN-000138,Jakarta,ID,APAC,380 Grove Ln,-6.214301,106.942612,2019-06-16,11.0,1023.75,4.74,any,False,,0.409,zara.moreau539@example.com
CUS-0001944,Ivan Lindqvist,retail_consumer,bronze,ZN-000486,Bengaluru,IN,APAC,56 Central St,13.037017,77.566667,2023-07-07,2.0,54.13,4.46,morning,False,,0.304,ivan.lindqvist557@example.com
CUS-0001945,Priya Ivanov,public_sector,bronze,ZN-000057,Jakarta,ID,APAC,85 Grove Dr,-6.298225,106.644069,2023-10-02,7.0,426.93,3.06,morning,True,24.0,0.285,priya.ivanov687@example.com
CUS-0001946,Fatima Costa,enterprise,none,ZN-000430,Manchester,GB,EMEA,468 Grove Dr,53.50699,-2.597612,2019-09-11,140.0,5357.64,4.03,afternoon,True,48.0,0.557,fatima.costa412@example.com
CUS-0001947,Rahul Ali,smb,gold,ZN-000017,Krakow,PL,EMEA,215 Depot Way,50.13868,19.879287,2021-09-02,33.0,1409.2,3.65,any,True,,0.136,rahul.ali868@example.com
CUS-0001948,Leila Novak,smb,silver,ZN-000441,Mexico City,MX,LATAM,9 Station Way,19.525515,-99.160775,2022-12-17,17.0,417.23,4.61,afternoon,True,,0.47,leila.novak957@example.com
CUS-0001949,Aisha Moreau,smb,none,ZN-000294,Berlin,DE,EMEA,235 Station Sq,52.041791,12.840267,2021-04-25,91.0,10281.97,5.0,any,True,,0.409,aisha.moreau466@example.com
CUS-0001950,Carlos Lindqvist,retail_consumer,silver,ZN-000373,Amsterdam,NL,EMEA,380 Park Ln,52.317895,4.826191,2025-10-01,4.0,137.87,4.55,morning,False,,0.625,carlos.lindqvist301@example.com
CUS-0001951,Daniel Petrov,retail_consumer,none,ZN-000238,Rome,IT,EMEA,350 Grove Ave,41.900419,12.459198,2020-08-08,33.0,1060.54,2.89,evening,False,,0.349,daniel.petrov536@example.com
CUS-0001952,Peter Sharma,retail_consumer,silver,ZN-000222,Bengaluru,IN,APAC,7 Riverside Ave,12.985938,77.486958,2025-09-06,14.0,462.9,4.49,morning,False,,0.339,peter.sharma314@example.com
CUS-0001953,Aisha Nakamura,retail_consumer,silver,ZN-000048,Krakow,PL,EMEA,73 Industrial Ln,49.909968,20.203768,2023-10-05,39.0,4420.48,4.94,evening,False,,0.329,aisha.nakamura226@example.com
CUS-0001954,Nikolai Smith,enterprise,none,ZN-000296,Sao Paulo,BR,LATAM,312 Victoria Rd,-23.561921,-46.564222,2023-08-18,175.0,2908.77,3.2,any,True,48.0,0.31,nikolai.smith726@example.com
CUS-0001955,Nikolai Weber,enterprise,none,ZN-000094,Mexico City,MX,LATAM,132 Oak Ln,19.530709,-99.141755,2018-05-03,232.0,23978.02,5.0,morning,True,48.0,0.288,nikolai.weber798@example.com
CUS-0001956,Maria Okafor,enterprise,platinum,ZN-000138,Jakarta,ID,APAC,111 Elm Ave,-6.246378,106.945532,2025-12-09,558.0,33227.86,4.11,any,True,12.0,0.556,maria.okafor455@example.com
CUS-0001957,Diego Novak,smb,silver,ZN-000322,London,GB,EMEA,61 Depot Way,51.501088,-0.097702,2018-04-13,12.0,476.31,3.94,evening,True,,0.48,diego.novak537@example.com
CUS-0001958,Mateo Ali,smb,gold,ZN-000243,Bengaluru,IN,APAC,35 Warehouse Sq,12.926206,77.638257,2018-12-28,22.0,1965.91,5.0,evening,True,,0.387,mateo.ali800@example.com
CUS-0001959,Viktor Yilmaz,retail_consumer,silver,ZN-000008,Krakow,PL,EMEA,371 Elm Ave,50.109007,20.077593,2024-02-19,3.0,764.42,3.49,afternoon,False,,0.0,viktor.yilmaz29@example.com
CUS-0001960,Anna Fernandez,retail_consumer,silver,ZN-000210,Mexico City,MX,LATAM,147 Kings Ln,19.492168,-99.10038,2018-07-13,6.0,133.89,4.4,morning,False,,0.523,anna.fernandez80@example.com
CUS-0001961,Aisha Lindqvist,retail_consumer,bronze,ZN-000242,Atlanta,US,NA,119 Station Rd,33.788972,-84.443068,2022-11-07,14.0,502.86,3.75,evening,False,,0.359,aisha.lindqvist306@example.com
CUS-0001962,Maria Costa,retail_consumer,platinum,ZN-000428,London,GB,EMEA,147 Church Dr,51.437606,-0.09569,2024-08-24,25.0,3770.04,3.43,morning,False,,0.163,maria.costa981@example.com
CUS-0001963,Lucas Hansen,retail_consumer,platinum,ZN-000013,Delhi,IN,APAC,296 Industrial Sq,28.813512,77.362418,2020-09-29,39.0,3717.9,3.38,afternoon,False,,0.349,lucas.hansen816@example.com
CUS-0001964,Carlos Nakamura,enterprise,none,ZN-000327,Los Angeles,US,NA,266 Market Sq,34.042622,-118.132085,2021-01-01,56.0,1217.08,4.54,evening,True,48.0,0.031,carlos.nakamura314@example.com
CUS-0001965,Mateo Fernandez,retail_consumer,platinum,ZN-000331,Shanghai,CN,APAC,240 Oak Way,31.179337,121.551362,2024-09-29,10.0,193.21,4.2,morning,False,,0.393,mateo.fernandez616@example.com
CUS-0001966,Amara Muller,enterprise,none,ZN-000232,Manchester,GB,EMEA,335 Victoria Blvd,53.433643,-2.319158,2019-12-25,97.0,1821.53,3.31,morning,True,12.0,0.335,amara.muller200@example.com
CUS-0001967,Hugo Moreau,smb,none,ZN-000179,Osaka,JP,APAC,156 Maple St,34.702291,135.577103,2023-05-26,9.0,142.86,4.12,morning,True,,0.049,hugo.moreau304@example.com
CUS-0001968,Zara Nakamura,smb,bronze,ZN-000304,Rome,IT,EMEA,183 Bridge Rd,41.913523,12.562927,2018-01-06,15.0,460.94,4.37,morning,True,,0.323,zara.nakamura768@example.com
CUS-0001969,Elena Bakker,retail_consumer,platinum,ZN-000045,Rome,IT,EMEA,49 Victoria Rd,41.974956,12.600463,2021-12-29,28.0,917.42,4.41,evening,False,,0.319,elena.bakker161@example.com
CUS-0001970,Nikolai Moreau,retail_consumer,silver,ZN-000218,Sao Paulo,BR,LATAM,46 Industrial Way,-23.32675,-46.598573,2019-10-20,5.0,372.77,4.53,any,False,,0.512,nikolai.moreau780@example.com
CUS-0001971,Maria Yilmaz,retail_consumer,none,ZN-000229,Rome,IT,EMEA,133 Oak Ln,41.851678,12.515006,2023-05-23,4.0,217.99,3.32,morning,False,,0.3,maria.yilmaz289@example.com
CUS-0001972,Lucas Muller,enterprise,silver,ZN-000221,Atlanta,US,NA,256 Riverside St,33.71858,-84.440899,2025-11-08,600.0,29107.31,2.88,evening,True,12.0,0.695,lucas.muller868@example.com
CUS-0001973,Daniel Costa,enterprise,bronze,ZN-000143,Delhi,IN,APAC,361 Kings Ave,28.694777,77.202856,2020-02-02,256.0,12907.6,2.87,afternoon,True,48.0,0.141,daniel.costa122@example.com
CUS-0001974,Yuki Rahman,retail_consumer,silver,ZN-000065,Jakarta,ID,APAC,229 Harbour Ave,-6.195313,106.831688,2021-10-11,5.0,330.39,4.47,afternoon,False,,0.342,yuki.rahman471@example.com
CUS-0001975,Nikolai Smith,retail_consumer,silver,ZN-000451,London,GB,EMEA,434 Grove Rd,51.587839,-0.187464,2024-11-12,7.0,243.73,3.54,morning,False,,0.308,nikolai.smith484@example.com
CUS-0001976,Rahul Okafor,retail_consumer,platinum,ZN-000048,Krakow,PL,EMEA,440 Pine St,49.914437,20.237251,2023-05-13,4.0,164.05,3.52,any,False,,0.472,rahul.okafor51@example.com
CUS-0001977,Mateo Hansen,retail_consumer,bronze,ZN-000397,Krakow,PL,EMEA,16 Maple Blvd,50.153996,19.831327,2024-08-30,15.0,946.86,4.42,afternoon,False,,0.047,mateo.hansen573@example.com
CUS-0001978,Diego Ali,marketplace_seller,none,ZN-000061,Los Angeles,US,NA,343 Park Rd,34.357984,-118.108768,2022-02-11,10.0,423.72,3.5,evening,False,,0.379,diego.ali443@example.com
CUS-0001979,Nikolai Sharma,retail_consumer,none,ZN-000262,Shanghai,CN,APAC,338 Central Sq,31.228314,121.386973,2021-01-29,27.0,1050.64,4.51,evening,False,,0.106,nikolai.sharma535@example.com
CUS-0001980,Carlos Weber,retail_consumer,gold,ZN-000325,Delhi,IN,APAC,143 Elm Ave,28.600488,77.06861,2021-04-04,8.0,341.94,4.35,afternoon,False,,0.34,carlos.weber1@example.com
CUS-0001981,Daniel Ali,retail_consumer,bronze,ZN-000404,Berlin,DE,EMEA,175 Warehouse Blvd,52.304735,13.390606,2025-05-02,18.0,2122.36,3.25,afternoon,False,,0.318,daniel.ali909@example.com
CUS-0001982,Grace Rossi,public_sector,silver,ZN-000158,Shanghai,CN,APAC,241 Depot Sq,31.19324,121.592018,2024-05-16,12.0,1564.77,3.14,any,True,24.0,0.365,grace.rossi336@example.com
CUS-0001983,Chen Ivanov,retail_consumer,none,ZN-000279,Los Angeles,US,NA,353 Riverside Rd,34.134371,-118.24407,2020-05-11,10.0,816.33,3.3,morning,False,,0.169,chen.ivanov576@example.com
CUS-0001984,Freya Nguyen,smb,bronze,ZN-000133,Delhi,IN,APAC,417 Industrial Blvd,28.583336,77.145097,2024-06-16,42.0,1478.46,5.0,morning,True,,0.284,freya.nguyen962@example.com
CUS-0001985,Carlos Sharma,smb,none,ZN-000367,Shanghai,CN,APAC,125 Warehouse Rd,31.236923,121.580096,2019-05-09,8.0,1124.66,3.86,any,True,,0.117,carlos.sharma689@example.com
CUS-0001986,Sofia Dubois,retail_consumer,bronze,ZN-000219,Los Angeles,US,NA,270 Maple Ave,34.029424,-118.363637,2019-12-02,54.0,4543.16,4.02,any,False,,0.244,sofia.dubois905@example.com
CUS-0001987,Tomas Okafor,retail_consumer,gold,ZN-000287,Stockholm,SE,EMEA,457 Grove Ave,59.380692,17.9742,2023-03-03,6.0,1374.42,4.23,evening,False,,0.205,tomas.okafor715@example.com
CUS-0001988,Sofia Kowalski,retail_consumer,bronze,ZN-000268,Delhi,IN,APAC,24 Union Dr,28.632077,77.115132,2022-04-02,10.0,281.48,5.0,evening,False,,0.138,sofia.kowalski257@example.com
CUS-0001989,Diego Rossi,retail_consumer,none,ZN-000394,Krakow,PL,EMEA,375 Bridge Sq,50.034235,19.629939,2018-01-17,7.0,130.92,4.39,morning,False,,0.441,diego.rossi742@example.com
CUS-0001990,Priya Novak,enterprise,gold,ZN-000307,Manchester,GB,EMEA,380 Market St,53.526922,-2.175237,2022-03-17,269.0,68900.14,4.88,afternoon,True,48.0,0.417,priya.novak246@example.com
CUS-0001991,Zara Kowalski,retail_consumer,silver,ZN-000409,Osaka,JP,APAC,437 Bridge Sq,34.700512,135.395295,2019-04-14,8.0,207.32,4.1,morning,False,,0.526,zara.kowalski25@example.com
CUS-0001992,Marcus Rossi,smb,silver,ZN-000169,Rome,IT,EMEA,404 Kings Way,41.978715,12.529321,2024-06-27,9.0,2350.1,3.82,any,True,,0.105,marcus.rossi822@example.com
CUS-0001993,Chen Smith,smb,silver,ZN-000199,Mexico City,MX,LATAM,199 Church Rd,18.959158,-98.94508,2024-08-22,53.0,2338.31,4.01,afternoon,True,,0.139,chen.smith997@example.com
CUS-0001994,Sofia Brown,enterprise,gold,ZN-000271,London,GB,EMEA,152 Industrial St,51.400939,-0.240314,2021-03-29,133.0,8239.22,5.0,morning,True,12.0,0.349,sofia.brown421@example.com
CUS-0001995,Peter Yilmaz,smb,none,ZN-000036,Shanghai,CN,APAC,225 Pine Blvd,31.262266,121.437852,2020-08-09,13.0,1241.58,5.0,evening,True,,0.0,peter.yilmaz507@example.com
CUS-0001996,Lucas Okafor,marketplace_seller,none,ZN-000487,London,GB,EMEA,418 Oak Way,51.58438,-0.104278,2018-12-28,8.0,316.38,4.74,evening,False,,0.28,lucas.okafor921@example.com
CUS-0001997,Lucas Dubois,enterprise,silver,ZN-000064,Atlanta,US,NA,413 Elm St,33.823024,-84.403409,2018-06-05,284.0,8560.7,3.55,morning,True,12.0,0.247,lucas.dubois172@example.com
CUS-0001998,Carlos Costa,retail_consumer,bronze,ZN-000048,Krakow,PL,EMEA,417 Union Ave,49.946431,20.247697,2025-07-05,4.0,135.45,3.46,morning,False,,0.28,carlos.costa503@example.com
CUS-0001999,Marcus Lindqvist,marketplace_seller,bronze,ZN-000348,Bengaluru,IN,APAC,24 Park Rd,13.003958,77.534712,2022-12-01,4.0,91.67,3.22,any,False,,0.027,marcus.lindqvist293@example.com
CUS-0002000,Marcus Ivanov,retail_consumer,bronze,ZN-000387,Atlanta,US,NA,89 Riverside Blvd,33.814463,-84.365377,2020-09-10,8.0,1047.87,5.0,any,False,,0.414,marcus.ivanov366@example.com
CUS-0002001,Fatima Weber,smb,bronze,ZN-000333,Krakow,PL,EMEA,48 Kings St,50.292879,19.999137,2019-08-07,32.0,1997.81,3.1,evening,True,,0.301,fatima.weber610@example.com
CUS-0002002,Daniel Garcia,smb,bronze,ZN-000430,Manchester,GB,EMEA,78 Park Ln,53.519497,-2.636595,2025-09-30,19.0,2619.48,4.56,evening,True,,0.274,daniel.garcia180@example.com
CUS-0002003,Freya Okafor,smb,gold,ZN-000491,Delhi,IN,APAC,83 Kings Ave,28.597581,77.103151,2023-06-24,28.0,846.61,5.0,any,True,,0.0,freya.okafor413@example.com
CUS-0002004,Leila Hansen,retail_consumer,none,ZN-000025,Jakarta,ID,APAC,142 Station Blvd,-6.183531,106.793261,2019-06-02,12.0,576.36,4.17,any,False,,0.27,leila.hansen87@example.com
CUS-0002005,Diego Ivanov,retail_consumer,bronze,ZN-000170,Atlanta,US,NA,404 Cedar St,33.68576,-84.360833,2022-03-18,8.0,344.25,3.36,any,False,,0.244,diego.ivanov731@example.com
CUS-0002006,Yuki Ivanov,retail_consumer,bronze,ZN-000499,Delhi,IN,APAC,10 Warehouse Blvd,28.746329,77.08402,2019-11-25,8.0,430.27,3.71,afternoon,False,,0.058,yuki.ivanov452@example.com
CUS-0002007,Ivan Silva,enterprise,none,ZN-000478,Los Angeles,US,NA,272 Oak Sq,33.955779,-118.022707,2025-01-29,86.0,5924.07,3.89,evening,True,48.0,0.093,ivan.silva435@example.com
CUS-0002008,Lucas Dubois,smb,none,ZN-000197,Atlanta,US,NA,53 Pine Ln,33.761321,-84.340268,2018-01-30,34.0,590.28,4.67,evening,True,,0.417,lucas.dubois934@example.com
CUS-0002009,Nikolai Rahman,retail_consumer,silver,ZN-000042,Osaka,JP,APAC,225 Riverside Rd,34.654012,135.461872,2022-10-20,6.0,327.9,5.0,afternoon,False,,0.198,nikolai.rahman40@example.com
CUS-0002010,Daniel Rahman,smb,silver,ZN-000490,London,GB,EMEA,426 Market St,51.471415,0.035841,2020-05-21,46.0,1901.88,5.0,afternoon,True,,0.173,daniel.rahman72@example.com
CUS-0002011,Jun Nakamura,retail_consumer,silver,ZN-000011,Berlin,DE,EMEA,106 Pine Sq,52.507789,13.547098,2024-08-09,44.0,2875.42,3.26,any,False,,0.233,jun.nakamura329@example.com
CUS-0002012,Sofia Zhang,smb,silver,ZN-000310,Osaka,JP,APAC,408 Victoria Sq,34.712331,135.615191,2023-05-06,11.0,1177.38,3.23,evening,True,,0.229,sofia.zhang627@example.com
CUS-0002013,Ivan Nakamura,retail_consumer,none,ZN-000351,London,GB,EMEA,346 Harbour Way,51.451385,-0.177021,2019-05-12,11.0,1877.34,5.0,morning,False,,0.351,ivan.nakamura508@example.com
CUS-0002014,Viktor Rahman,smb,none,ZN-000470,Shanghai,CN,APAC,360 Maple Way,31.207693,121.411415,2025-06-15,7.0,1053.16,4.44,afternoon,True,,0.121,viktor.rahman580@example.com
CUS-0002015,Alex Bakker,public_sector,none,ZN-000115,Krakow,PL,EMEA,454 Harbour Ln,49.986145,19.901023,2019-12-22,21.0,960.13,3.29,evening,True,24.0,0.264,alex.bakker658@example.com
CUS-0002016,Nikolai Bakker,enterprise,gold,ZN-000267,Rome,IT,EMEA,183 Industrial Ave,41.809204,12.207681,2018-05-14,121.0,8256.41,4.65,evening,True,48.0,0.429,nikolai.bakker384@example.com
CUS-0002017,Lucas Yilmaz,retail_consumer,gold,ZN-000302,Delhi,IN,APAC,401 Harbour St,28.778982,77.116947,2022-05-29,13.0,218.04,3.99,any,False,,0.618,lucas.yilmaz478@example.com
CUS-0002018,Hugo Rahman,retail_consumer,bronze,ZN-000337,Shanghai,CN,APAC,215 Maple Sq,31.203038,121.441794,2025-04-03,22.0,664.7,3.94,afternoon,False,,0.301,hugo.rahman720@example.com
CUS-0002019,Amara Kowalski,retail_consumer,none,ZN-000054,Osaka,JP,APAC,96 Elm Ave,34.680195,135.421861,2024-07-22,5.0,297.72,4.47,evening,False,,0.186,amara.kowalski501@example.com
CUS-0002020,Jun Ali,smb,bronze,ZN-000234,Krakow,PL,EMEA,417 Station Dr,50.091041,19.909835,2024-04-02,8.0,221.4,5.0,evening,True,,0.356,jun.ali829@example.com
CUS-0002021,Omar Bakker,retail_consumer,gold,ZN-000101,Krakow,PL,EMEA,370 Maple St,50.037613,19.851457,2018-05-20,13.0,478.74,3.08,morning,False,,0.0,omar.bakker693@example.com
CUS-0002022,Carlos Petrov,retail_consumer,bronze,ZN-000013,Delhi,IN,APAC,473 Church Sq,28.814679,77.365273,2022-02-10,11.0,2146.07,4.04,morning,False,,0.0,carlos.petrov252@example.com
CUS-0002023,Lucas Novak,retail_consumer,none,ZN-000476,Shanghai,CN,APAC,325 Harbour Blvd,31.249031,121.379366,2018-02-17,6.0,196.16,4.03,morning,False,,0.415,lucas.novak822@example.com
CUS-0002024,Jun Zhang,marketplace_seller,none,ZN-000297,Krakow,PL,EMEA,201 Kings Way,50.099173,20.030875,2020-02-11,5.0,161.76,4.8,afternoon,False,,0.122,jun.zhang474@example.com
CUS-0002025,Amara Dubois,retail_consumer,bronze,ZN-000097,Atlanta,US,NA,335 Bridge Sq,33.786213,-84.444673,2018-03-30,30.0,1322.03,2.77,any,False,,0.054,amara.dubois204@example.com
CUS-0002026,Leila Muller,smb,platinum,ZN-000187,Atlanta,US,NA,221 Elm Ln,33.73963,-84.053047,2022-09-08,10.0,748.89,1.92,evening,True,,0.347,leila.muller465@example.com
CUS-0002027,Peter Yilmaz,retail_consumer,none,ZN-000345,Stockholm,SE,EMEA,295 Market Blvd,59.399237,18.050202,2020-04-19,16.0,2758.53,3.58,afternoon,False,,0.365,peter.yilmaz200@example.com
CUS-0002028,Tomas Brown,retail_consumer,gold,ZN-000111,Osaka,JP,APAC,25 Union Way,34.647161,135.509969,2018-01-18,11.0,212.23,4.09,evening,False,,0.227,tomas.brown730@example.com
CUS-0002029,Elena Brown,smb,silver,ZN-000154,Rome,IT,EMEA,77 Cedar Sq,41.957442,12.444808,2022-08-19,29.0,1750.14,4.92,evening,True,,0.248,elena.brown66@example.com
CUS-0002030,Omar Sharma,retail_consumer,none,ZN-000077,Krakow,PL,EMEA,271 Elm Blvd,50.072515,19.859316,2025-10-25,3.0,132.67,3.69,afternoon,False,,0.027,omar.sharma680@example.com
CUS-0002031,Elena Kowalski,retail_consumer,silver,ZN-000327,Los Angeles,US,NA,259 Depot Rd,34.04242,-118.119375,2025-03-19,6.0,151.41,4.68,evening,False,,0.497,elena.kowalski209@example.com
CUS-0002032,Marcus Garcia,smb,none,ZN-000287,Stockholm,SE,EMEA,307 Market Blvd,59.397248,17.923576,2020-09-08,9.0,665.61,2.36,afternoon,True,,0.412,marcus.garcia340@example.com
CUS-0002033,Maria Sharma,retail_consumer,platinum,ZN-000272,Los Angeles,US,NA,374 Union Dr,34.029204,-118.139492,2022-05-10,6.0,247.67,3.74,afternoon,False,,0.267,maria.sharma673@example.com
CUS-0002034,Freya Smith,retail_consumer,bronze,ZN-000484,Atlanta,US,NA,46 Maple Dr,33.787265,-84.418001,2020-03-03,5.0,131.97,5.0,evening,False,,0.295,freya.smith612@example.com
CUS-0002035,Freya Hansen,retail_consumer,bronze,ZN-000274,Sao Paulo,BR,LATAM,345 Depot Ave,-23.631308,-46.70142,2020-10-19,14.0,576.34,3.46,evening,False,,0.368,freya.hansen584@example.com
CUS-0002036,Omar Brown,marketplace_seller,bronze,ZN-000429,Stockholm,SE,EMEA,183 Elm Ave,59.338335,17.937203,2021-04-13,7.0,206.35,3.87,evening,False,,0.286,omar.brown203@example.com
CUS-0002037,Viktor Nakamura,smb,bronze,ZN-000346,Amsterdam,NL,EMEA,416 Oak Rd,52.336038,4.967959,2022-04-21,39.0,1571.17,3.69,afternoon,True,,0.39,viktor.nakamura998@example.com
CUS-0002038,Ivan Ali,retail_consumer,none,ZN-000108,Krakow,PL,EMEA,107 Bridge Dr,50.039984,20.049806,2022-06-12,8.0,1266.35,5.0,any,False,,0.044,ivan.ali643@example.com
CUS-0002039,Priya Yilmaz,smb,platinum,ZN-000042,Osaka,JP,APAC,30 Industrial St,34.6937,135.474639,2025-07-30,42.0,1457.18,5.0,afternoon,True,,0.109,priya.yilmaz274@example.com
CUS-0002040,Maria Bakker,smb,silver,ZN-000045,Rome,IT,EMEA,198 Harbour Ave,41.974276,12.610414,2021-03-11,25.0,2680.55,4.23,afternoon,True,,0.509,maria.bakker552@example.com
CUS-0002041,Alex Nguyen,retail_consumer,bronze,ZN-000440,Rome,IT,EMEA,387 Bridge Ln,41.883418,12.389144,2018-10-11,8.0,373.21,3.47,any,False,,0.28,alex.nguyen287@example.com
CUS-0002042,Amara Bakker,marketplace_seller,none,ZN-000473,London,GB,EMEA,37 Central Blvd,51.413407,-0.080909,2025-03-17,12.0,425.45,3.37,morning,False,,0.323,amara.bakker110@example.com
CUS-0002043,Daniel Brown,retail_consumer,none,ZN-000271,London,GB,EMEA,254 Warehouse Rd,51.413355,-0.270975,2025-09-05,12.0,3527.93,5.0,afternoon,False,,0.594,daniel.brown942@example.com
CUS-0002044,Carlos Kim,smb,bronze,ZN-000436,Mexico City,MX,LATAM,395 Station Blvd,19.797211,-98.731434,2025-10-28,28.0,1437.0,3.85,afternoon,True,,0.0,carlos.kim262@example.com
CUS-0002045,Carlos Nakamura,retail_consumer,bronze,ZN-000236,Bengaluru,IN,APAC,43 Warehouse Dr,13.051045,77.583975,2021-06-10,3.0,162.82,3.73,afternoon,False,,0.399,carlos.nakamura497@example.com
CUS-0002046,Amara Dubois,retail_consumer,silver,ZN-000448,Rome,IT,EMEA,368 Station Way,41.830485,12.366466,2018-08-29,3.0,513.27,3.73,evening,False,,0.52,amara.dubois413@example.com
CUS-0002047,Jun Zhang,retail_consumer,none,ZN-000320,Stockholm,SE,EMEA,41 Riverside Blvd,59.316135,18.233846,2023-03-10,18.0,1405.5,3.74,any,False,,0.276,jun.zhang107@example.com
CUS-0002048,Zara Petrov,marketplace_seller,none,ZN-000389,Sao Paulo,BR,LATAM,276 Oak Sq,-23.540241,-46.689438,2021-10-24,44.0,1968.82,4.26,any,False,,0.1,zara.petrov888@example.com
CUS-0002049,Sofia Rahman,smb,bronze,ZN-000337,Shanghai,CN,APAC,423 Depot Ave,31.191899,121.450621,2022-03-25,68.0,5870.02,4.59,any,True,,0.072,sofia.rahman255@example.com
CUS-0002050,Fatima Weber,retail_consumer,none,ZN-000069,Berlin,DE,EMEA,473 Cedar Dr,52.516274,13.570847,2020-11-25,24.0,434.04,3.27,morning,False,,0.226,fatima.weber206@example.com
CUS-0002051,Marcus Lindqvist,retail_consumer,gold,ZN-000470,Shanghai,CN,APAC,4 Cedar Ave,31.226341,121.408723,2018-09-09,35.0,2757.53,4.51,evening,False,,0.154,marcus.lindqvist830@example.com
CUS-0002052,Omar Hansen,retail_consumer,none,ZN-000111,Osaka,JP,APAC,427 Kings St,34.628013,135.540688,2018-06-11,4.0,69.34,4.13,any,False,,0.247,omar.hansen549@example.com
CUS-0002053,Aisha Yilmaz,retail_consumer,none,ZN-000318,Shanghai,CN,APAC,413 Elm Ln,31.116736,121.484838,2023-04-24,7.0,759.43,3.54,any,False,,0.755,aisha.yilmaz188@example.com
CUS-0002054,Zara Nakamura,enterprise,bronze,ZN-000149,Osaka,JP,APAC,380 Elm Sq,34.603447,135.544118,2023-10-18,139.0,5589.52,3.49,afternoon,True,12.0,0.393,zara.nakamura172@example.com
CUS-0002055,Ivan Nakamura,retail_consumer,bronze,ZN-000421,Shanghai,CN,APAC,241 Station Dr,31.16723,121.439103,2021-01-22,21.0,1877.65,4.75,morning,False,,0.416,ivan.nakamura208@example.com
CUS-0002056,Grace Garcia,retail_consumer,silver,ZN-000202,Krakow,PL,EMEA,261 Depot Rd,50.082938,19.926306,2021-06-20,15.0,1115.84,5.0,any,False,,0.23,grace.garcia632@example.com
CUS-0002057,Viktor Torres,retail_consumer,none,ZN-000334,Atlanta,US,NA,135 Station St,33.714132,-84.449646,2024-12-07,10.0,482.36,2.62,afternoon,False,,0.358,viktor.torres274@example.com
CUS-0002058,Chen Smith,enterprise,silver,ZN-000113,Amsterdam,NL,EMEA,63 Oak Ave,52.283758,4.831753,2018-07-11,140.0,4211.85,4.84,morning,True,48.0,0.455,chen.smith271@example.com
CUS-0002059,Mateo Novak,retail_consumer,gold,ZN-000003,London,GB,EMEA,20 Warehouse Dr,51.530195,-0.092117,2025-05-29,7.0,197.68,3.65,afternoon,False,,0.204,mateo.novak962@example.com
CUS-0002060,Jun Sharma,retail_consumer,gold,ZN-000009,Shanghai,CN,APAC,477 Market St,31.259759,121.56392,2020-03-16,3.0,170.17,5.0,morning,False,,0.504,jun.sharma110@example.com
CUS-0002061,Aisha Smith,smb,gold,ZN-000299,Stockholm,SE,EMEA,333 Church Ave,59.331237,17.907089,2022-11-22,10.0,546.66,3.92,afternoon,True,,0.189,aisha.smith755@example.com
CUS-0002062,Elena Torres,retail_consumer,bronze,ZN-000244,Shanghai,CN,APAC,421 Market Dr,31.22826,121.405492,2021-09-23,60.0,9668.99,4.82,afternoon,False,,0.258,elena.torres767@example.com
CUS-0002063,Marcus Lindqvist,retail_consumer,none,ZN-000379,Shanghai,CN,APAC,224 Market Way,31.306145,121.453021,2020-03-31,2.0,50.24,4.93,any,False,,0.236,marcus.lindqvist793@example.com
CUS-0002064,Nikolai Garcia,retail_consumer,platinum,ZN-000219,Los Angeles,US,NA,95 Market St,34.050253,-118.352397,2024-12-14,3.0,510.16,4.15,morning,False,,0.446,nikolai.garcia831@example.com
CUS-0002065,Jun Costa,retail_consumer,none,ZN-000174,Jakarta,ID,APAC,173 Park St,-6.134334,106.790313,2023-08-29,34.0,6083.79,2.95,any,False,,0.326,jun.costa419@example.com
CUS-0002066,Aisha Kim,retail_consumer,gold,ZN-000059,Rome,IT,EMEA,403 Station Rd,41.952918,12.529477,2018-02-28,26.0,4315.77,4.92,afternoon,False,,0.3,aisha.kim386@example.com
CUS-0002067,Aisha Dubois,retail_consumer,none,ZN-000137,Krakow,PL,EMEA,421 Church St,50.049262,19.837268,2024-06-14,3.0,127.89,3.9,afternoon,False,,0.113,aisha.dubois978@example.com
CUS-0002068,Hugo Nakamura,enterprise,none,ZN-000353,London,GB,EMEA,415 Station Rd,51.452144,-0.138119,2018-10-29,105.0,48461.37,3.96,any,True,48.0,0.18,hugo.nakamura729@example.com
CUS-0002069,Marcus Garcia,retail_consumer,gold,ZN-000025,Jakarta,ID,APAC,385 Pine Dr,-6.143827,106.76978,2020-05-21,7.0,1378.18,2.75,evening,False,,0.145,marcus.garcia399@example.com
CUS-0002070,Maria Silva,retail_consumer,bronze,ZN-000192,Mexico City,MX,LATAM,384 Oak Sq,19.451019,-99.132168,2020-07-05,14.0,683.31,2.55,evening,False,,0.223,maria.silva910@example.com
CUS-0002071,Rahul Bakker,retail_consumer,silver,ZN-000423,London,GB,EMEA,25 Kings Ave,51.594533,-0.204601,2023-08-15,16.0,689.44,5.0,any,False,,0.049,rahul.bakker934@example.com
CUS-0002072,Elena Moreau,public_sector,gold,ZN-000327,Los Angeles,US,NA,333 Industrial St,34.024621,-118.125319,2021-05-20,3.0,191.83,4.44,evening,True,48.0,0.518,elena.moreau546@example.com
CUS-0002073,Carlos Muller,retail_consumer,silver,ZN-000097,Atlanta,US,NA,343 Victoria Blvd,33.809161,-84.457256,2024-10-14,21.0,629.55,4.46,evening,False,,0.24,carlos.muller898@example.com
CUS-0002074,Marcus Yilmaz,retail_consumer,bronze,ZN-000202,Krakow,PL,EMEA,477 Church Sq,50.067762,19.943747,2022-08-04,23.0,765.63,4.71,evening,False,,0.223,marcus.yilmaz222@example.com
CUS-0002075,Aisha Lindqvist,retail_consumer,bronze,ZN-000237,Delhi,IN,APAC,423 Elm Dr,28.716906,77.088186,2022-03-16,5.0,142.48,3.87,morning,False,,0.23,aisha.lindqvist723@example.com
CUS-0002076,Elena Torres,retail_consumer,none,ZN-000324,Rome,IT,EMEA,208 Pine Sq,41.956721,12.590096,2025-03-10,27.0,828.91,5.0,morning,False,,0.134,elena.torres453@example.com
CUS-0002077,Fatima Silva,retail_consumer,platinum,ZN-000493,Krakow,PL,EMEA,278 Grove Way,49.96407,19.902876,2025-10-09,15.0,452.61,4.31,any,False,,0.204,fatima.silva546@example.com
CUS-0002078,Aisha Hansen,public_sector,none,ZN-000283,Los Angeles,US,NA,440 Union St,34.070106,-118.30427,2025-12-09,6.0,112.9,4.07,any,True,12.0,0.254,aisha.hansen149@example.com
CUS-0002079,Priya Brown,smb,silver,ZN-000468,Krakow,PL,EMEA,225 Central Ln,49.980683,19.894934,2023-01-18,62.0,6051.28,2.18,any,True,,0.166,priya.brown506@example.com
CUS-0002080,Fatima Novak,retail_consumer,none,ZN-000137,Krakow,PL,EMEA,60 Riverside Ave,50.03374,19.793656,2020-08-14,10.0,309.08,3.75,any,False,,0.189,fatima.novak151@example.com
CUS-0002081,Carlos Dubois,enterprise,bronze,ZN-000232,Manchester,GB,EMEA,308 Victoria Rd,53.455191,-2.348885,2025-06-24,448.0,20633.56,4.13,afternoon,True,12.0,0.284,carlos.dubois102@example.com
CUS-0002082,Tomas Novak,retail_consumer,gold,ZN-000159,London,GB,EMEA,57 Harbour Dr,51.451443,-0.056915,2019-09-28,14.0,730.18,3.79,morning,False,,0.198,tomas.novak90@example.com
CUS-0002083,Jun Dubois,retail_consumer,silver,ZN-000155,Berlin,DE,EMEA,457 Industrial Ave,52.535951,13.448011,2023-03-10,16.0,465.75,3.65,morning,False,,0.613,jun.dubois936@example.com
CUS-0002084,Elena Hansen,smb,bronze,ZN-000014,Delhi,IN,APAC,383 Victoria Ave,28.773254,77.073985,2018-04-17,28.0,766.24,4.8,morning,True,,0.432,elena.hansen505@example.com
CUS-0002085,Alex Ivanov,retail_consumer,bronze,ZN-000393,Rome,IT,EMEA,77 Victoria Sq,41.983476,12.579612,2022-04-30,27.0,501.89,3.3,morning,False,,0.486,alex.ivanov368@example.com
CUS-0002086,Mateo Zhang,smb,none,ZN-000431,Delhi,IN,APAC,425 Central Sq,28.646495,77.02163,2021-10-17,68.0,4304.43,5.0,morning,True,,0.312,mateo.zhang40@example.com
CUS-0002087,Nikolai Nakamura,retail_consumer,none,ZN-000025,Jakarta,ID,APAC,317 Kings Ln,-6.146561,106.7837,2023-11-13,5.0,111.18,3.85,any,False,,0.175,nikolai.nakamura58@example.com
CUS-0002088,Lucas Lindqvist,smb,platinum,ZN-000002,Krakow,PL,EMEA,46 Grove Ave,50.085518,19.876553,2020-06-06,15.0,1734.08,4.68,evening,True,,0.079,lucas.lindqvist714@example.com
CUS-0002089,Maria Nguyen,smb,silver,ZN-000081,Berlin,DE,EMEA,113 Industrial Way,52.508893,13.505867,2020-10-10,18.0,1450.93,3.98,evening,True,,0.329,maria.nguyen11@example.com
CUS-0002090,Nikolai Nakamura,retail_consumer,silver,ZN-000197,Atlanta,US,NA,15 Grove Blvd,33.784367,-84.384062,2024-12-11,7.0,223.0,3.57,afternoon,False,,0.206,nikolai.nakamura152@example.com
CUS-0002091,Chen Ivanov,retail_consumer,none,ZN-000165,London,GB,EMEA,310 Oak St,51.547459,-0.167256,2023-03-16,5.0,140.56,4.24,afternoon,False,,0.58,chen.ivanov401@example.com
CUS-0002092,Priya Kim,retail_consumer,none,ZN-000040,Stockholm,SE,EMEA,204 Depot Way,59.323217,18.078999,2022-04-13,31.0,1545.0,4.74,any,False,,0.386,priya.kim89@example.com
CUS-0002093,Viktor Kowalski,enterprise,none,ZN-000307,Manchester,GB,EMEA,332 Central Sq,53.515852,-2.185789,2020-03-13,240.0,15092.74,3.59,any,True,48.0,0.307,viktor.kowalski453@example.com
CUS-0002094,Alex Okafor,retail_consumer,bronze,ZN-000214,Berlin,DE,EMEA,167 Kings St,52.601876,13.417883,2025-04-12,8.0,925.0,4.65,any,False,,0.582,alex.okafor458@example.com
CUS-0002095,Sofia Ali,retail_consumer,bronze,ZN-000076,Sao Paulo,BR,LATAM,361 Bridge Dr,-23.555813,-46.612395,2019-07-25,10.0,1241.5,4.0,afternoon,False,,0.468,sofia.ali279@example.com
CUS-0002096,Alex Muller,enterprise,platinum,ZN-000403,Atlanta,US,NA,329 Warehouse Ave,33.950002,-84.453349,2018-12-22,79.0,2726.85,4.64,morning,True,12.0,0.315,alex.muller69@example.com
CUS-0002097,Nadia Bakker,retail_consumer,bronze,ZN-000465,Krakow,PL,EMEA,246 Station Sq,49.883701,19.566134,2023-10-03,32.0,1224.11,5.0,evening,False,,0.289,nadia.bakker756@example.com
CUS-0002098,Fatima Fernandez,smb,none,ZN-000238,Rome,IT,EMEA,181 Elm Blvd,41.907286,12.47956,2022-12-01,30.0,1026.97,4.93,evening,True,,0.373,fatima.fernandez155@example.com
CUS-0002099,Viktor Moreau,marketplace_seller,none,ZN-000457,London,GB,EMEA,359 Church Blvd,51.470706,-0.149713,2025-10-12,6.0,301.53,4.79,evening,False,,0.125,viktor.moreau46@example.com
CUS-0002100,Zara Zhang,smb,silver,ZN-000025,Jakarta,ID,APAC,37 Depot Blvd,-6.136238,106.775884,2018-08-29,9.0,374.97,4.14,morning,True,,0.337,zara.zhang595@example.com
CUS-0002101,Peter Nakamura,retail_consumer,platinum,ZN-000030,Krakow,PL,EMEA,345 Station Way,49.98735,20.002238,2018-03-21,20.0,1367.22,3.98,evening,False,,0.362,peter.nakamura105@example.com
CUS-0002102,Nikolai Kowalski,retail_consumer,platinum,ZN-000198,London,GB,EMEA,293 Station Ln,51.300227,-0.093415,2022-02-06,75.0,1386.74,4.08,evening,False,,0.356,nikolai.kowalski937@example.com
CUS-0002103,Nikolai Muller,retail_consumer,gold,ZN-000177,Shanghai,CN,APAC,103 Elm Blvd,31.201459,121.477335,2023-05-21,30.0,1160.57,3.28,afternoon,False,,0.147,nikolai.muller65@example.com
CUS-0002104,Anna Okafor,enterprise,gold,ZN-000122,Berlin,DE,EMEA,412 Maple St,52.470326,13.262139,2019-02-21,135.0,10998.45,3.63,any,True,12.0,0.274,anna.okafor872@example.com
CUS-0002105,Leila Hansen,smb,none,ZN-000204,Manchester,GB,EMEA,386 Warehouse Ln,53.604732,-1.833022,2025-11-23,13.0,605.31,3.81,any,True,,0.0,leila.hansen480@example.com
CUS-0002106,Alex Novak,retail_consumer,none,ZN-000067,Los Angeles,US,NA,472 Harbour Way,33.847513,-118.241471,2019-01-24,5.0,318.96,4.86,morning,False,,0.329,alex.novak120@example.com
CUS-0002107,Amara Zhang,retail_consumer,gold,ZN-000369,London,GB,EMEA,351 Riverside Ave,51.469688,-0.22216,2023-01-02,20.0,640.0,2.73,afternoon,False,,0.421,amara.zhang809@example.com
CUS-0002108,Freya Torres,retail_consumer,none,ZN-000356,Bengaluru,IN,APAC,226 Station Way,12.495746,77.47583,2020-11-23,22.0,992.92,3.48,morning,False,,0.171,freya.torres424@example.com
CUS-0002109,Diego Lindqvist,enterprise,bronze,ZN-000492,Krakow,PL,EMEA,399 Bridge Sq,50.067907,19.844542,2023-01-02,153.0,8058.51,3.68,afternoon,True,48.0,0.108,diego.lindqvist654@example.com
CUS-0002110,Marcus Smith,retail_consumer,none,ZN-000477,Shanghai,CN,APAC,220 Victoria Rd,31.137244,121.541517,2022-07-27,14.0,4753.56,5.0,morning,False,,0.36,marcus.smith640@example.com
CUS-0002111,Anna Yilmaz,retail_consumer,silver,ZN-000462,London,GB,EMEA,408 Elm Sq,51.428246,-0.174036,2020-12-07,5.0,424.92,3.17,evening,False,,0.256,anna.yilmaz365@example.com
CUS-0002112,Daniel Moreau,retail_consumer,silver,ZN-000182,Manchester,GB,EMEA,326 Cedar Ave,53.467134,-2.517972,2023-11-13,14.0,727.15,3.47,evening,False,,0.337,daniel.moreau380@example.com
CUS-0002113,Hugo Bakker,smb,platinum,ZN-000433,Bengaluru,IN,APAC,291 Church Way,12.956786,77.515345,2023-11-18,31.0,2631.4,5.0,morning,True,,0.205,hugo.bakker989@example.com
CUS-0002114,Viktor Lindqvist,enterprise,silver,ZN-000368,Delhi,IN,APAC,322 Industrial Rd,28.667108,77.166064,2021-08-23,1009.0,55560.33,5.0,evening,True,12.0,0.379,viktor.lindqvist214@example.com
CUS-0002115,Chen Nguyen,retail_consumer,bronze,ZN-000117,London,GB,EMEA,374 Kings Ave,51.399875,-0.025297,2021-11-14,6.0,230.97,3.61,evening,False,,0.393,chen.nguyen370@example.com
CUS-0002116,Priya Moreau,smb,none,ZN-000192,Mexico City,MX,LATAM,458 Station Ln,19.442034,-99.130679,2021-07-17,87.0,3674.23,3.66,any,True,,0.447,priya.moreau711@example.com
CUS-0002117,Peter Brown,smb,bronze,ZN-000307,Manchester,GB,EMEA,445 Church Way,53.528024,-2.1895,2024-05-30,44.0,1199.04,4.45,evening,True,,0.302,peter.brown14@example.com
CUS-0002118,Lucas Silva,retail_consumer,bronze,ZN-000222,Bengaluru,IN,APAC,294 Harbour Sq,12.979592,77.488929,2018-11-20,4.0,111.61,5.0,any,False,,0.08,lucas.silva706@example.com
CUS-0002119,Nikolai Bakker,enterprise,none,ZN-000328,Manchester,GB,EMEA,219 Market Way,53.598522,-2.256989,2018-08-22,82.0,3963.25,4.68,morning,True,48.0,0.274,nikolai.bakker792@example.com
CUS-0002120,Alex Moreau,retail_consumer,bronze,ZN-000213,Osaka,JP,APAC,53 Pine Ave,34.751013,135.503978,2022-03-25,11.0,771.92,4.86,evening,False,,0.407,alex.moreau849@example.com
CUS-0002121,Viktor Zhang,smb,silver,ZN-000466,Los Angeles,US,NA,289 Station Blvd,33.987469,-118.228691,2025-03-19,20.0,543.67,3.94,evening,True,,0.298,viktor.zhang287@example.com
CUS-0002122,Hugo Yilmaz,enterprise,none,ZN-000350,Stockholm,SE,EMEA,455 Depot Sq,59.088427,17.85503,2023-03-19,427.0,17482.29,3.76,evening,True,12.0,0.46,hugo.yilmaz279@example.com
CUS-0002123,Isabella Bakker,enterprise,none,ZN-000033,Delhi,IN,APAC,21 Riverside St,28.74035,77.188578,2018-10-18,172.0,10829.29,4.79,any,True,24.0,0.164,isabella.bakker995@example.com
CUS-0002124,Peter Silva,enterprise,gold,ZN-000270,Los Angeles,US,NA,304 Grove Sq,33.996937,-118.236661,2024-05-15,94.0,1719.6,4.01,afternoon,True,24.0,0.317,peter.silva23@example.com
CUS-0002125,Mateo Dubois,retail_consumer,bronze,ZN-000040,Stockholm,SE,EMEA,101 Church Ave,59.308661,18.110092,2019-08-10,58.0,2823.57,3.79,any,False,,0.378,mateo.dubois95@example.com
CUS-0002126,Freya Dubois,retail_consumer,none,ZN-000221,Atlanta,US,NA,1 Cedar Blvd,33.730585,-84.442747,2019-09-26,9.0,935.25,3.88,any,False,,0.213,freya.dubois814@example.com
CUS-0002127,Freya Nakamura,marketplace_seller,platinum,ZN-000403,Atlanta,US,NA,85 Maple Dr,33.933326,-84.429712,2024-09-30,6.0,262.4,5.0,any,False,,0.462,freya.nakamura67@example.com
CUS-0002128,Nikolai Costa,marketplace_seller,none,ZN-000062,London,GB,EMEA,61 Harbour Sq,51.487412,-0.057063,2018-12-30,5.0,77.24,4.54,evening,False,,0.27,nikolai.costa827@example.com
CUS-0002129,Ivan Weber,retail_consumer,silver,ZN-000462,London,GB,EMEA,60 Union Ave,51.394996,-0.202718,2019-01-19,19.0,822.4,5.0,any,False,,0.529,ivan.weber490@example.com
CUS-0002130,Fatima Silva,retail_consumer,none,ZN-000317,Manchester,GB,EMEA,101 Riverside Sq,53.463905,-2.318832,2025-09-09,27.0,1059.18,3.5,afternoon,False,,0.138,fatima.silva489@example.com
CUS-0002131,Ivan Moreau,smb,none,ZN-000070,Delhi,IN,APAC,169 Kings Dr,28.67793,77.136642,2023-09-27,27.0,1024.13,3.55,any,True,,0.216,ivan.moreau845@example.com
CUS-0002132,Ivan Weber,retail_consumer,none,ZN-000356,Bengaluru,IN,APAC,202 Victoria Sq,12.511458,77.474529,2025-07-28,4.0,315.06,2.91,any,False,,0.176,ivan.weber608@example.com
CUS-0002133,Tomas Dubois,retail_consumer,bronze,ZN-000311,Krakow,PL,EMEA,446 Market Ln,50.384331,20.073703,2024-01-19,8.0,268.97,4.02,afternoon,False,,0.344,tomas.dubois964@example.com
CUS-0002134,Jun Rossi,retail_consumer,silver,ZN-000176,Los Angeles,US,NA,172 Kings Sq,34.060546,-118.167301,2024-04-14,27.0,481.39,4.61,afternoon,False,,0.277,jun.rossi448@example.com
CUS-0002135,Mateo Okafor,smb,none,ZN-000416,Atlanta,US,NA,171 Depot Way,33.742187,-84.487504,2020-12-22,46.0,1507.52,4.61,evening,True,,0.253,mateo.okafor590@example.com
CUS-0002136,Chen Dubois,marketplace_seller,none,ZN-000421,Shanghai,CN,APAC,143 Warehouse Rd,31.171293,121.436807,2021-06-17,6.0,223.16,4.04,morning,False,,0.448,chen.dubois718@example.com
CUS-0002137,Freya Kowalski,marketplace_seller,bronze,ZN-000137,Krakow,PL,EMEA,190 Bridge St,50.040377,19.794534,2023-01-05,25.0,9841.26,4.27,afternoon,False,,0.268,freya.kowalski601@example.com
CUS-0002138,Nadia Novak,smb,none,ZN-000307,Manchester,GB,EMEA,404 Oak Sq,53.53844,-2.231304,2024-08-18,12.0,310.21,4.31,evening,True,,0.154,nadia.novak666@example.com
CUS-0002139,Leila Hansen,retail_consumer,bronze,ZN-000406,Manchester,GB,EMEA,456 Pine Dr,53.532339,-2.305091,2020-12-16,13.0,385.39,4.44,evening,False,,0.175,leila.hansen572@example.com
CUS-0002140,Ivan Dubois,retail_consumer,silver,ZN-000357,Sao Paulo,BR,LATAM,317 Maple Sq,-23.584844,-46.61645,2019-08-14,2.0,85.54,4.87,morning,False,,0.411,ivan.dubois562@example.com
CUS-0002141,Diego Novak,public_sector,silver,ZN-000004,London,GB,EMEA,123 Harbour Sq,51.419467,0.074489,2018-11-03,34.0,688.91,4.07,morning,True,12.0,0.457,diego.novak114@example.com
CUS-0002142,Peter Bakker,retail_consumer,none,ZN-000003,London,GB,EMEA,272 Elm St,51.523125,-0.08782,2018-12-29,4.0,323.11,4.01,any,False,,0.154,peter.bakker874@example.com
CUS-0002143,Diego Kim,smb,none,ZN-000117,London,GB,EMEA,142 Maple Way,51.413689,-0.070675,2024-03-03,18.0,554.55,4.41,morning,True,,0.145,diego.kim603@example.com
CUS-0002144,Anna Muller,smb,bronze,ZN-000214,Berlin,DE,EMEA,292 Union Rd,52.615421,13.459959,2019-04-18,8.0,463.03,4.56,any,True,,0.4,anna.muller131@example.com
CUS-0002145,Elena Ivanov,smb,gold,ZN-000032,Manchester,GB,EMEA,7 Kings Ave,53.303,-1.963348,2023-03-15,59.0,3553.24,3.22,any,True,,0.329,elena.ivanov670@example.com
CUS-0002146,Lucas Smith,retail_consumer,silver,ZN-000373,Amsterdam,NL,EMEA,361 Church Dr,52.327356,4.860487,2023-10-26,21.0,1428.41,3.78,any,False,,0.25,lucas.smith555@example.com
CUS-0002147,Alex Costa,retail_consumer,gold,ZN-000199,Mexico City,MX,LATAM,344 Warehouse Ln,18.948587,-98.953474,2022-09-26,25.0,1799.05,4.47,evening,False,,0.472,alex.costa84@example.com
CUS-0002148,Daniel Muller,retail_consumer,gold,ZN-000314,Bengaluru,IN,APAC,4 Pine St,13.022351,77.460026,2021-06-11,2.0,217.06,4.2,evening,False,,0.237,daniel.muller698@example.com
CUS-0002149,Marcus Torres,smb,bronze,ZN-000402,London,GB,EMEA,277 Church Sq,51.568677,-0.18844,2020-06-24,34.0,1272.5,2.62,morning,True,,0.14,marcus.torres705@example.com
CUS-0002150,Chen Okafor,retail_consumer,none,ZN-000444,Osaka,JP,APAC,339 Victoria Ave,34.61503,135.520506,2021-06-19,7.0,6300.0,4.74,afternoon,False,,0.289,chen.okafor248@example.com
CUS-0002151,Marcus Muller,marketplace_seller,gold,ZN-000041,Berlin,DE,EMEA,135 Central Sq,52.493164,13.255027,2021-11-25,21.0,485.83,5.0,morning,False,,0.218,marcus.muller720@example.com
CUS-0002152,Yuki Fernandez,retail_consumer,silver,ZN-000461,Krakow,PL,EMEA,126 Cedar Ln,49.932898,20.383219,2025-05-04,12.0,571.89,3.87,any,False,,0.06,yuki.fernandez340@example.com
CUS-0002153,Zara Muller,smb,platinum,ZN-000004,London,GB,EMEA,322 Park Blvd,51.463045,0.087834,2021-10-05,12.0,605.06,4.12,any,True,,0.551,zara.muller821@example.com
CUS-0002154,Jun Weber,public_sector,silver,ZN-000156,Atlanta,US,NA,127 Depot St,33.863183,-84.347935,2021-01-17,20.0,3738.79,4.3,evening,True,24.0,0.164,jun.weber543@example.com
CUS-0002155,Carlos Nguyen,enterprise,platinum,ZN-000178,Bengaluru,IN,APAC,75 Bridge Dr,12.95247,77.520204,2018-08-21,83.0,1634.25,4.29,afternoon,True,24.0,0.237,carlos.nguyen335@example.com
CUS-0002156,Daniel Ali,smb,silver,ZN-000055,Rome,IT,EMEA,350 Bridge Sq,42.243952,11.781437,2021-06-05,30.0,889.55,4.56,morning,True,,0.377,daniel.ali673@example.com
CUS-0002157,Omar Novak,smb,bronze,ZN-000467,Manchester,GB,EMEA,52 Grove Way,53.399579,-2.194114,2025-06-11,16.0,2151.56,4.83,morning,True,,0.344,omar.novak18@example.com
CUS-0002158,Priya Rossi,retail_consumer,silver,ZN-000109,Atlanta,US,NA,306 Victoria Ln,33.948828,-84.329195,2024-05-12,13.0,1457.0,3.32,afternoon,False,,0.266,priya.rossi885@example.com
CUS-0002159,Fatima Garcia,retail_consumer,silver,ZN-000216,Stockholm,SE,EMEA,82 Maple Sq,59.221392,17.918249,2022-02-15,23.0,832.21,3.37,evening,False,,0.24,fatima.garcia823@example.com
CUS-0002160,Priya Zhang,retail_consumer,gold,ZN-000462,London,GB,EMEA,200 Warehouse Dr,51.432372,-0.205637,2018-01-08,7.0,393.72,4.56,morning,False,,0.598,priya.zhang991@example.com
CUS-0002161,Sofia Kim,enterprise,silver,ZN-000014,Delhi,IN,APAC,395 Central Ln,28.801889,77.095569,2021-06-30,406.0,42296.18,3.82,any,True,24.0,0.347,sofia.kim769@example.com
CUS-0002162,Amara Okafor,retail_consumer,none,ZN-000178,Bengaluru,IN,APAC,53 Riverside St,12.96417,77.516333,2018-05-10,24.0,1183.89,4.77,evening,False,,0.357,amara.okafor918@example.com
CUS-0002163,Carlos Kim,smb,gold,ZN-000292,Krakow,PL,EMEA,266 Warehouse Sq,50.366275,19.160246,2020-07-24,25.0,559.27,3.78,any,True,,0.206,carlos.kim295@example.com
CUS-0002164,Jun Okafor,retail_consumer,platinum,ZN-000014,Delhi,IN,APAC,87 Market Rd,28.780048,77.122011,2021-05-24,4.0,517.21,3.43,evening,False,,0.378,jun.okafor186@example.com
CUS-0002165,Grace Nakamura,retail_consumer,none,ZN-000175,Los Angeles,US,NA,136 Central Rd,34.107463,-118.023527,2022-04-11,14.0,298.75,4.37,evening,False,,0.0,grace.nakamura599@example.com
CUS-0002166,Freya Weber,retail_consumer,gold,ZN-000262,Shanghai,CN,APAC,38 Market St,31.226745,121.360984,2022-03-02,4.0,296.29,5.0,any,False,,0.298,freya.weber33@example.com
CUS-0002167,Carlos Silva,retail_consumer,bronze,ZN-000417,London,GB,EMEA,43 Church St,51.511236,-0.120646,2018-05-08,33.0,2396.42,3.71,evening,False,,0.252,carlos.silva639@example.com
CUS-0002168,Sofia Torres,retail_consumer,bronze,ZN-000192,Mexico City,MX,LATAM,272 Elm Rd,19.431006,-99.130707,2023-05-12,8.0,410.29,2.96,afternoon,False,,0.42,sofia.torres456@example.com
CUS-0002169,Sofia Ivanov,smb,bronze,ZN-000211,Osaka,JP,APAC,440 Harbour St,34.626189,135.499367,2025-06-04,24.0,1206.56,3.9,any,True,,0.321,sofia.ivanov867@example.com
CUS-0002170,Omar Kowalski,retail_consumer,silver,ZN-000410,Shanghai,CN,APAC,152 Union Blvd,31.285437,121.429273,2019-01-06,15.0,491.01,4.25,evening,False,,0.478,omar.kowalski532@example.com
CUS-0002171,Nadia Hansen,enterprise,silver,ZN-000273,Rome,IT,EMEA,279 Kings Dr,41.938879,12.509472,2021-08-11,287.0,15793.0,4.43,any,True,12.0,0.155,nadia.hansen967@example.com
CUS-0002172,Tomas Bakker,smb,none,ZN-000025,Jakarta,ID,APAC,188 Cedar Sq,-6.180314,106.799555,2022-10-12,10.0,352.66,3.86,evening,True,,0.261,tomas.bakker126@example.com
CUS-0002173,Marcus Rahman,retail_consumer,platinum,ZN-000222,Bengaluru,IN,APAC,387 Pine Blvd,13.00425,77.519353,2025-02-10,9.0,209.64,3.34,morning,False,,0.34,marcus.rahman987@example.com
CUS-0002174,Sofia Weber,retail_consumer,none,ZN-000159,London,GB,EMEA,317 Maple Blvd,51.442326,-0.113103,2021-04-10,3.0,196.4,3.78,evening,False,,0.571,sofia.weber683@example.com
CUS-0002175,Rahul Kowalski,enterprise,silver,ZN-000409,Osaka,JP,APAC,355 Depot Ln,34.695593,135.40626,2023-08-27,117.0,3671.06,5.0,any,True,12.0,0.248,rahul.kowalski958@example.com
CUS-0002176,Zara Kowalski,retail_consumer,gold,ZN-000234,Krakow,PL,EMEA,43 Church St,50.066967,19.903405,2023-03-31,15.0,853.63,3.71,evening,False,,0.363,zara.kowalski397@example.com
CUS-0002177,Alex Muller,retail_consumer,none,ZN-000300,Mexico City,MX,LATAM,136 Harbour Way,19.482606,-99.03963,2022-07-07,10.0,1838.11,4.5,any,False,,0.456,alex.muller612@example.com
CUS-0002178,Jun Brown,enterprise,none,ZN-000396,Krakow,PL,EMEA,143 Bridge Rd,50.131945,19.695189,2025-09-23,158.0,14823.39,5.0,any,True,12.0,0.222,jun.brown578@example.com
CUS-0002179,Leila Moreau,retail_consumer,none,ZN-000322,London,GB,EMEA,378 Warehouse Dr,51.470075,-0.090697,2022-11-10,2.0,284.49,3.86,afternoon,False,,0.166,leila.moreau720@example.com
CUS-0002180,Jun Kowalski,marketplace_seller,bronze,ZN-000386,Mexico City,MX,LATAM,127 Bridge Ln,19.456362,-99.219905,2018-02-15,12.0,228.6,4.25,any,False,,0.327,jun.kowalski5@example.com
CUS-0002181,Nadia Nguyen,retail_consumer,bronze,ZN-000283,Los Angeles,US,NA,85 Kings Blvd,34.068425,-118.274465,2019-05-07,11.0,326.04,4.87,morning,False,,0.218,nadia.nguyen521@example.com
CUS-0002182,Mateo Zhang,enterprise,silver,ZN-000032,Manchester,GB,EMEA,371 Central Blvd,53.31349,-2.026459,2023-06-06,366.0,15393.04,2.49,morning,True,48.0,0.0,mateo.zhang687@example.com
CUS-0002183,Zara Novak,retail_consumer,none,ZN-000378,Manchester,GB,EMEA,123 Park St,52.946198,-1.928838,2019-07-20,15.0,584.84,4.62,any,False,,0.301,zara.novak500@example.com
CUS-0002184,Mateo Kowalski,enterprise,none,ZN-000397,Krakow,PL,EMEA,125 Industrial Dr,50.138673,19.837573,2023-06-19,274.0,21851.29,3.36,morning,True,48.0,0.516,mateo.kowalski300@example.com
CUS-0002185,Isabella Costa,smb,bronze,ZN-000096,Krakow,PL,EMEA,189 Park Rd,49.66114,20.122944,2018-11-20,13.0,809.9,4.94,morning,True,,0.028,isabella.costa212@example.com
CUS-0002186,Chen Moreau,retail_consumer,none,ZN-000029,Mexico City,MX,LATAM,297 Station Ave,19.361876,-99.133941,2025-08-21,15.0,2393.31,4.45,evening,False,,0.201,chen.moreau67@example.com
CUS-0002187,Rahul Smith,retail_consumer,none,ZN-000230,Manchester,GB,EMEA,26 Maple St,53.524852,-2.374938,2018-03-14,11.0,691.75,3.9,evening,False,,0.482,rahul.smith385@example.com
CUS-0002188,Viktor Sharma,retail_consumer,gold,ZN-000494,Amsterdam,NL,EMEA,290 Victoria Dr,52.327718,5.014572,2023-11-13,6.0,121.05,4.71,morning,False,,0.096,viktor.sharma576@example.com
CUS-0002189,Freya Hansen,smb,none,ZN-000078,Berlin,DE,EMEA,273 Pine Ln,52.530251,13.349831,2025-05-23,12.0,1531.21,4.72,evening,True,,0.436,freya.hansen311@example.com
CUS-0002190,Maria Nakamura,retail_consumer,bronze,ZN-000100,Shanghai,CN,APAC,368 Park Rd,31.187157,121.389627,2019-03-12,8.0,210.56,4.52,any,False,,0.638,maria.nakamura72@example.com
CUS-0002191,Anna Muller,retail_consumer,gold,ZN-000321,Amsterdam,NL,EMEA,406 Depot Way,52.371884,4.961618,2018-01-15,4.0,348.27,4.69,evening,False,,0.05,anna.muller909@example.com
CUS-0002192,Maria Muller,enterprise,bronze,ZN-000094,Mexico City,MX,LATAM,141 Maple Sq,19.503724,-99.116049,2020-07-22,89.0,5777.25,5.0,any,True,12.0,0.047,maria.muller788@example.com
CUS-0002193,Jun Garcia,retail_consumer,none,ZN-000102,Delhi,IN,APAC,257 Bridge St,28.750961,77.147848,2018-08-02,5.0,399.08,4.83,evening,False,,0.0,jun.garcia775@example.com
CUS-0002194,Elena Rahman,marketplace_seller,gold,ZN-000073,Amsterdam,NL,EMEA,1 Park Way,52.292237,4.775627,2021-04-21,29.0,2221.93,3.94,any,False,,0.239,elena.rahman475@example.com
CUS-0002195,Omar Weber,retail_consumer,none,ZN-000058,Shanghai,CN,APAC,348 Market St,31.189271,121.39795,2020-07-17,16.0,404.12,4.78,evening,False,,0.3,omar.weber15@example.com
CUS-0002196,Alex Sharma,smb,bronze,ZN-000423,London,GB,EMEA,195 Riverside Ave,51.592938,-0.163216,2024-02-19,42.0,1176.72,5.0,morning,True,,0.605,alex.sharma546@example.com
CUS-0002197,Yuki Nguyen,marketplace_seller,none,ZN-000332,Delhi,IN,APAC,260 Warehouse Rd,28.779366,77.021725,2023-05-03,18.0,444.01,4.44,afternoon,False,,0.393,yuki.nguyen921@example.com
CUS-0002198,Peter Costa,retail_consumer,silver,ZN-000317,Manchester,GB,EMEA,409 Cedar Blvd,53.453474,-2.352124,2024-01-19,12.0,876.13,5.0,any,False,,0.347,peter.costa573@example.com
CUS-0002199,Nadia Zhang,retail_consumer,none,ZN-000013,Delhi,IN,APAC,316 Oak Way,28.815784,77.33353,2018-01-23,6.0,407.28,4.38,afternoon,False,,0.578,nadia.zhang953@example.com
CUS-0002200,Daniel Yilmaz,retail_consumer,none,ZN-000333,Krakow,PL,EMEA,181 Riverside Ln,50.298881,19.993813,2019-06-01,6.0,504.14,3.83,any,False,,0.422,daniel.yilmaz405@example.com
CUS-0002201,Jun Petrov,retail_consumer,bronze,ZN-000284,Bengaluru,IN,APAC,333 Victoria Ln,13.036823,77.561454,2025-03-09,12.0,350.12,4.23,evening,False,,0.145,jun.petrov495@example.com
CUS-0002202,Aisha Moreau,retail_consumer,none,ZN-000301,Atlanta,US,NA,476 Pine Sq,33.701788,-84.372371,2025-11-04,16.0,1002.82,2.19,evening,False,,0.266,aisha.moreau78@example.com
CUS-0002203,Maria Kowalski,smb,silver,ZN-000486,Bengaluru,IN,APAC,436 Market St,13.017513,77.573109,2023-12-31,10.0,206.09,2.94,afternoon,True,,0.475,maria.kowalski839@example.com
CUS-0002204,Carlos Nakamura,smb,none,ZN-000455,London,GB,EMEA,148 Victoria St,51.204311,-0.221857,2023-11-02,12.0,941.78,3.76,afternoon,True,,0.449,carlos.nakamura387@example.com
CUS-0002205,Elena Petrov,retail_consumer,none,ZN-000092,London,GB,EMEA,474 Elm Rd,51.567544,-0.160762,2021-12-02,14.0,5132.84,1.8,evening,False,,0.239,elena.petrov66@example.com
CUS-0002206,Jun Dubois,enterprise,bronze,ZN-000310,Osaka,JP,APAC,59 Pine Blvd,34.716247,135.614964,2018-05-17,197.0,14916.33,4.41,morning,True,12.0,0.145,jun.dubois841@example.com
CUS-0002207,Chen Kowalski,retail_consumer,gold,ZN-000222,Bengaluru,IN,APAC,80 Riverside Rd,12.962748,77.517146,2024-10-31,9.0,255.83,3.66,morning,False,,0.224,chen.kowalski965@example.com
CUS-0002208,Grace Sharma,smb,none,ZN-000257,London,GB,EMEA,76 Cedar Rd,51.570346,-0.180635,2020-05-18,36.0,2247.53,3.43,morning,True,,0.334,grace.sharma752@example.com
CUS-0002209,Viktor Torres,retail_consumer,none,ZN-000454,Delhi,IN,APAC,307 Pine Sq,28.743798,77.076866,2024-05-31,48.0,1323.33,4.94,any,False,,0.174,viktor.torres110@example.com
CUS-0002210,Priya Zhang,public_sector,platinum,ZN-000400,Amsterdam,NL,EMEA,231 Market Ave,52.415479,4.837802,2023-04-08,4.0,118.8,5.0,evening,True,12.0,0.377,priya.zhang404@example.com
CUS-0002211,Leila Bakker,retail_consumer,gold,ZN-000001,Manchester,GB,EMEA,135 Riverside Ave,53.37154,-2.320115,2022-04-16,28.0,1445.99,4.31,evening,False,,0.4,leila.bakker26@example.com
CUS-0002212,Diego Costa,enterprise,gold,ZN-000127,Krakow,PL,EMEA,426 Harbour St,49.994657,19.913063,2025-11-04,125.0,2888.88,4.5,any,True,24.0,0.717,diego.costa335@example.com
CUS-0002213,Chen Bakker,enterprise,none,ZN-000146,London,GB,EMEA,216 Kings Rd,51.57797,-0.186493,2025-06-21,242.0,29151.89,4.04,evening,True,24.0,0.156,chen.bakker391@example.com
CUS-0002214,Anna Rahman,retail_consumer,gold,ZN-000064,Atlanta,US,NA,438 Warehouse Rd,33.850527,-84.42227,2023-11-17,14.0,2091.22,3.41,afternoon,False,,0.0,anna.rahman145@example.com
CUS-0002215,Leila Rahman,retail_consumer,none,ZN-000139,Atlanta,US,NA,352 Industrial Sq,33.76231,-84.476678,2023-08-29,11.0,378.4,4.5,evening,False,,0.215,leila.rahman732@example.com
CUS-0002216,Anna Moreau,smb,silver,ZN-000446,London,GB,EMEA,187 Elm Ave,51.588207,-0.062924,2019-08-21,20.0,2489.54,4.13,afternoon,True,,0.073,anna.moreau751@example.com
CUS-0002217,Priya Kim,retail_consumer,gold,ZN-000395,London,GB,EMEA,215 Riverside Ave,51.592583,-0.195844,2018-06-16,8.0,351.3,3.57,morning,False,,0.455,priya.kim710@example.com
CUS-0002218,Ivan Dubois,marketplace_seller,none,ZN-000363,Bengaluru,IN,APAC,456 Central Rd,13.034178,77.586389,2018-11-15,4.0,306.43,4.06,evening,False,,0.4,ivan.dubois998@example.com
CUS-0002219,Freya Nguyen,retail_consumer,silver,ZN-000130,Mexico City,MX,LATAM,406 Harbour Ave,19.465904,-99.045306,2024-04-18,6.0,220.39,2.26,evening,False,,0.387,freya.nguyen872@example.com
CUS-0002220,Fatima Yilmaz,retail_consumer,none,ZN-000049,Stockholm,SE,EMEA,449 Union Blvd,59.260622,18.133765,2021-04-24,11.0,664.89,4.08,morning,False,,0.689,fatima.yilmaz828@example.com
CUS-0002221,Marcus Torres,retail_consumer,none,ZN-000237,Delhi,IN,APAC,114 Warehouse Ln,28.704076,77.106406,2021-01-04,2.0,43.51,3.99,evening,False,,0.395,marcus.torres396@example.com
CUS-0002222,Chen Muller,retail_consumer,none,ZN-000180,Manchester,GB,EMEA,352 Depot Sq,53.517989,-2.09531,2019-05-01,23.0,888.87,3.24,morning,False,,0.628,chen.muller536@example.com
CUS-0002223,Aisha Nakamura,retail_consumer,none,ZN-000084,Manchester,GB,EMEA,18 Market Ave,53.526419,-2.137672,2018-05-29,8.0,560.24,5.0,evening,False,,0.078,aisha.nakamura816@example.com
CUS-0002224,Diego Silva,enterprise,silver,ZN-000390,Stockholm,SE,EMEA,274 Depot Dr,59.33799,17.94815,2022-06-24,153.0,16763.94,4.16,any,True,48.0,0.416,diego.silva731@example.com
CUS-0002225,Alex Rahman,retail_consumer,none,ZN-000450,Krakow,PL,EMEA,393 Riverside Ln,50.148098,19.966406,2024-06-13,17.0,1103.17,4.0,any,False,,0.177,alex.rahman751@example.com
CUS-0002226,Diego Bakker,smb,silver,ZN-000176,Los Angeles,US,NA,63 Cedar Ln,34.052114,-118.149473,2024-03-05,26.0,1706.19,4.56,evening,True,,0.09,diego.bakker344@example.com
CUS-0002227,Viktor Muller,retail_consumer,none,ZN-000091,Shanghai,CN,APAC,250 Riverside Way,31.163368,121.391319,2021-11-08,14.0,851.49,2.75,afternoon,False,,0.246,viktor.muller440@example.com
CUS-0002228,Chen Costa,retail_consumer,gold,ZN-000432,Atlanta,US,NA,254 Industrial Ave,33.774256,-84.298029,2018-07-08,3.0,140.38,4.29,morning,False,,0.068,chen.costa113@example.com
CUS-0002229,Hugo Zhang,retail_consumer,silver,ZN-000045,Rome,IT,EMEA,170 Warehouse Sq,41.959508,12.616505,2023-08-28,5.0,121.43,3.59,morning,False,,0.44,hugo.zhang997@example.com
CUS-0002230,Elena Smith,smb,gold,ZN-000184,London,GB,EMEA,431 Kings Blvd,51.483989,-0.08331,2019-11-14,11.0,537.21,3.53,any,True,,0.258,elena.smith874@example.com
CUS-0002231,Zara Okafor,retail_consumer,silver,ZN-000303,Rome,IT,EMEA,93 Oak Way,42.003582,12.510075,2020-02-26,26.0,644.06,4.62,afternoon,False,,0.422,zara.okafor933@example.com
CUS-0002232,Daniel Muller,retail_consumer,none,ZN-000035,Manchester,GB,EMEA,9 Depot Sq,53.395083,-2.291277,2021-02-14,18.0,488.0,3.29,afternoon,False,,0.457,daniel.muller345@example.com
CUS-0002233,Carlos Petrov,retail_consumer,bronze,ZN-000013,Delhi,IN,APAC,84 Station Rd,28.842089,77.354923,2024-12-24,34.0,786.52,4.46,afternoon,False,,0.405,carlos.petrov186@example.com
CUS-0002234,Fatima Okafor,marketplace_seller,silver,ZN-000460,Krakow,PL,EMEA,150 Cedar Ln,50.104797,19.882818,2023-04-30,10.0,315.73,3.85,any,False,,0.44,fatima.okafor543@example.com
CUS-0002235,Tomas Kim,retail_consumer,bronze,ZN-000001,Manchester,GB,EMEA,33 Bridge Rd,53.387783,-2.328095,2018-12-16,26.0,526.71,3.57,afternoon,False,,0.449,tomas.kim441@example.com
CUS-0002236,Anna Brown,public_sector,none,ZN-000383,London,GB,EMEA,363 Warehouse Blvd,51.483381,-0.169732,2018-01-06,13.0,582.47,4.2,morning,True,12.0,0.152,anna.brown905@example.com
CUS-0002237,Amara Ali,retail_consumer,bronze,ZN-000335,Krakow,PL,EMEA,331 Cedar Ln,50.076871,20.014179,2021-04-24,6.0,468.28,4.24,evening,False,,0.429,amara.ali272@example.com
CUS-0002238,Rahul Ali,retail_consumer,gold,ZN-000417,London,GB,EMEA,372 Elm Dr,51.517734,-0.129904,2019-05-02,5.0,1573.69,4.85,evening,False,,0.349,rahul.ali613@example.com
CUS-0002239,Amara Torres,smb,none,ZN-000222,Bengaluru,IN,APAC,134 Oak Way,13.005403,77.511786,2021-02-15,11.0,344.94,4.04,evening,True,,0.377,amara.torres821@example.com
CUS-0002240,Hugo Silva,retail_consumer,bronze,ZN-000299,Stockholm,SE,EMEA,181 Victoria Rd,59.323476,17.874894,2022-05-28,11.0,778.84,4.48,afternoon,False,,0.353,hugo.silva49@example.com
CUS-0002241,Carlos Yilmaz,enterprise,silver,ZN-000347,Rome,IT,EMEA,151 Market St,41.895912,12.507168,2024-04-25,356.0,12939.96,4.75,evening,True,12.0,0.273,carlos.yilmaz258@example.com
CUS-0002242,Marcus Garcia,smb,none,ZN-000378,Manchester,GB,EMEA,405 Industrial Rd,52.952191,-1.948357,2019-09-13,23.0,2852.92,2.67,evening,True,,0.193,marcus.garcia675@example.com
CUS-0002243,Freya Hansen,retail_consumer,silver,ZN-000310,Osaka,JP,APAC,318 Victoria St,34.723858,135.61557,2019-12-25,10.0,608.5,2.81,afternoon,False,,0.09,freya.hansen428@example.com
CUS-0002244,Freya Ivanov,retail_consumer,gold,ZN-000131,Amsterdam,NL,EMEA,26 Depot Ave,52.293193,4.959391,2018-04-24,17.0,1373.1,4.86,morning,False,,0.019,freya.ivanov645@example.com
CUS-0002245,Nikolai Lindqvist,smb,silver,ZN-000167,Shanghai,CN,APAC,443 Station Way,31.139867,121.448829,2025-07-14,31.0,1804.59,5.0,evening,True,,0.329,nikolai.lindqvist236@example.com
CUS-0002246,Hugo Novak,retail_consumer,none,ZN-000315,Jakarta,ID,APAC,293 Depot Sq,-6.211119,106.850812,2024-07-21,14.0,358.44,4.37,evening,False,,0.709,hugo.novak808@example.com
CUS-0002247,Peter Costa,marketplace_seller,silver,ZN-000457,London,GB,EMEA,58 Kings Ln,51.464693,-0.125822,2024-10-22,6.0,376.5,3.4,morning,False,,0.304,peter.costa868@example.com
CUS-0002248,Leila Torres,smb,bronze,ZN-000084,Manchester,GB,EMEA,326 Park Dr,53.478179,-2.149293,2018-05-27,32.0,2038.57,4.82,morning,True,,0.337,leila.torres32@example.com
CUS-0002249,Ivan Zhang,retail_consumer,none,ZN-000245,Osaka,JP,APAC,400 Elm Dr,34.686761,135.408794,2021-07-14,24.0,583.41,4.72,morning,False,,0.304,ivan.zhang48@example.com
CUS-0002250,Grace Sharma,retail_consumer,silver,ZN-000278,Atlanta,US,NA,439 Central Sq,33.768815,-84.294507,2020-12-19,13.0,194.42,3.65,evening,False,,0.67,grace.sharma687@example.com
CUS-0002251,Chen Smith,marketplace_seller,gold,ZN-000246,London,GB,EMEA,268 Oak Blvd,51.423311,-0.114335,2020-06-20,3.0,58.4,4.19,afternoon,False,,0.048,chen.smith100@example.com
CUS-0002252,Rahul Kim,retail_consumer,none,ZN-000446,London,GB,EMEA,389 Warehouse Blvd,51.572785,-0.047824,2018-05-21,4.0,371.72,2.44,any,False,,0.431,rahul.kim843@example.com
CUS-0002253,Isabella Kowalski,public_sector,none,ZN-000018,Krakow,PL,EMEA,141 Pine Rd,50.129751,19.908214,2022-07-05,10.0,882.62,3.62,afternoon,True,12.0,0.218,isabella.kowalski385@example.com
CUS-0002254,Lucas Rahman,marketplace_seller,silver,ZN-000395,London,GB,EMEA,180 Riverside St,51.594478,-0.20436,2021-01-28,8.0,249.35,3.35,any,False,,0.277,lucas.rahman635@example.com
CUS-0002255,Anna Hansen,retail_consumer,bronze,ZN-000341,Sao Paulo,BR,LATAM,474 Park Rd,-23.591534,-46.725391,2020-07-20,8.0,223.77,4.63,evening,False,,0.056,anna.hansen292@example.com
CUS-0002256,Anna Ali,retail_consumer,none,ZN-000090,Bengaluru,IN,APAC,158 Depot Blvd,13.041823,77.58696,2018-12-29,11.0,430.45,4.35,afternoon,False,,0.257,anna.ali82@example.com
CUS-0002257,Leila Silva,smb,none,ZN-000336,London,GB,EMEA,423 Market Way,51.567646,-0.039868,2018-06-11,26.0,6323.89,4.95,evening,True,,0.164,leila.silva314@example.com
CUS-0002258,Maria Silva,retail_consumer,gold,ZN-000037,Sao Paulo,BR,LATAM,48 Union Blvd,-23.603548,-46.628641,2019-07-26,41.0,1506.64,3.05,morning,False,,0.165,maria.silva175@example.com
CUS-0002259,Tomas Zhang,retail_consumer,none,ZN-000325,Delhi,IN,APAC,207 Warehouse Way,28.637358,77.100011,2019-11-17,27.0,467.89,4.29,evening,False,,0.43,tomas.zhang609@example.com
CUS-0002260,Lucas Brown,smb,bronze,ZN-000077,Krakow,PL,EMEA,443 Warehouse Ave,50.030426,19.892466,2020-09-15,11.0,364.67,4.31,any,True,,0.278,lucas.brown760@example.com
CUS-0002261,Lucas Dubois,enterprise,none,ZN-000019,Krakow,PL,EMEA,125 Elm Ln,50.014838,19.939268,2020-02-18,229.0,9464.4,4.95,any,True,12.0,0.361,lucas.dubois189@example.com
CUS-0002262,Omar Petrov,smb,none,ZN-000410,Shanghai,CN,APAC,7 Elm Blvd,31.278639,121.422875,2019-06-05,19.0,1250.43,4.66,evening,True,,0.306,omar.petrov905@example.com
CUS-0002263,Diego Okafor,smb,none,ZN-000257,London,GB,EMEA,88 Grove Ave,51.598166,-0.146344,2024-10-28,19.0,1625.53,4.21,evening,True,,0.272,diego.okafor669@example.com
CUS-0002264,Elena Nguyen,public_sector,none,ZN-000309,Krakow,PL,EMEA,251 Victoria Ln,49.977934,19.632186,2019-02-14,7.0,2217.88,4.38,any,True,12.0,0.353,elena.nguyen32@example.com
CUS-0002265,Rahul Novak,marketplace_seller,gold,ZN-000452,Delhi,IN,APAC,441 Pine Blvd,28.77371,77.081633,2018-10-04,24.0,2527.08,4.37,morning,False,,0.566,rahul.novak757@example.com
CUS-0002266,Peter Zhang,retail_consumer,silver,ZN-000328,Manchester,GB,EMEA,148 Maple Sq,53.568563,-2.283706,2022-09-23,16.0,484.32,3.23,evening,False,,0.443,peter.zhang398@example.com
CUS-0002267,Anna Silva,smb,none,ZN-000452,Delhi,IN,APAC,52 Pine Dr,28.789073,77.131986,2019-08-29,18.0,832.22,4.82,evening,True,,0.222,anna.silva706@example.com
CUS-0002268,Fatima Lindqvist,smb,none,ZN-000269,Mexico City,MX,LATAM,414 Maple St,19.496825,-99.112536,2021-01-28,35.0,1354.58,4.06,afternoon,True,,0.27,fatima.lindqvist578@example.com
CUS-0002269,Priya Costa,retail_consumer,none,ZN-000433,Bengaluru,IN,APAC,199 Grove Ln,12.957261,77.538922,2022-07-31,5.0,141.98,3.44,any,False,,0.284,priya.costa260@example.com
CUS-0002270,Aisha Garcia,smb,gold,ZN-000443,Rome,IT,EMEA,357 Pine Way,41.686183,12.372935,2021-05-12,17.0,832.84,5.0,any,True,,0.371,aisha.garcia84@example.com
CUS-0002271,Carlos Muller,public_sector,none,ZN-000135,Manchester,GB,EMEA,41 Kings Way,53.415843,-2.135009,2023-07-04,20.0,2608.98,3.79,morning,True,24.0,0.0,carlos.muller232@example.com
CUS-0002272,Anna Garcia,enterprise,platinum,ZN-000058,Shanghai,CN,APAC,68 Park St,31.148388,121.394827,2021-11-12,401.0,7196.14,4.8,any,True,48.0,0.433,anna.garcia994@example.com
CUS-0002273,Carlos Novak,retail_consumer,silver,ZN-000410,Shanghai,CN,APAC,472 Depot Dr,31.31411,121.431375,2022-01-25,39.0,795.33,4.39,evening,False,,0.41,carlos.novak544@example.com
CUS-0002274,Mateo Sharma,retail_consumer,platinum,ZN-000180,Manchester,GB,EMEA,436 Elm Dr,53.515614,-2.137666,2021-01-04,13.0,664.76,2.82,any,False,,0.368,mateo.sharma782@example.com
CUS-0002275,Zara Kowalski,retail_consumer,none,ZN-000286,Mexico City,MX,LATAM,53 Pine St,19.420718,-99.053533,2022-12-17,9.0,265.01,3.45,any,False,,0.018,zara.kowalski170@example.com
CUS-0002276,Tomas Torres,smb,bronze,ZN-000330,Rome,IT,EMEA,191 Warehouse Sq,41.89456,12.36369,2019-08-28,31.0,973.14,4.17,morning,True,,0.34,tomas.torres126@example.com
CUS-0002277,Viktor Torres,enterprise,gold,ZN-000492,Krakow,PL,EMEA,295 Maple Rd,50.046941,19.851388,2022-12-15,189.0,4102.95,5.0,afternoon,True,24.0,0.259,viktor.torres897@example.com
CUS-0002278,Fatima Kowalski,retail_consumer,gold,ZN-000057,Jakarta,ID,APAC,364 Central St,-6.281491,106.609257,2018-11-18,21.0,646.67,4.07,evening,False,,0.498,fatima.kowalski649@example.com
CUS-0002279,Tomas Hansen,retail_consumer,silver,ZN-000204,Manchester,GB,EMEA,110 Pine Rd,53.582653,-1.846537,2024-11-05,12.0,315.88,3.82,evening,False,,0.503,tomas.hansen130@example.com
CUS-0002280,Hugo Lindqvist,public_sector,none,ZN-000389,Sao Paulo,BR,LATAM,401 Pine Rd,-23.546625,-46.676902,2023-11-13,5.0,381.82,4.33,any,True,24.0,0.117,hugo.lindqvist664@example.com
CUS-0002281,Rahul Petrov,smb,silver,ZN-000169,Rome,IT,EMEA,26 Warehouse Ln,41.966461,12.506927,2025-02-18,23.0,2687.9,5.0,evening,True,,0.201,rahul.petrov890@example.com
CUS-0002282,Viktor Bakker,retail_consumer,silver,ZN-000253,Krakow,PL,EMEA,281 Depot Blvd,50.152779,20.037811,2019-03-14,9.0,1580.7,3.86,evening,False,,0.237,viktor.bakker400@example.com
CUS-0002283,Elena Okafor,smb,none,ZN-000171,London,GB,EMEA,41 Union Ln,51.909549,-0.332309,2025-04-05,60.0,5444.61,3.54,afternoon,True,,0.0,elena.okafor250@example.com
CUS-0002284,Yuki Kowalski,enterprise,none,ZN-000340,London,GB,EMEA,288 Park St,51.510658,-0.113284,2018-09-23,78.0,3998.84,4.37,any,True,48.0,0.297,yuki.kowalski137@example.com
CUS-0002285,Peter Okafor,retail_consumer,silver,ZN-000322,London,GB,EMEA,184 Church Dr,51.470412,-0.078361,2019-08-20,17.0,874.78,4.7,any,False,,0.132,peter.okafor589@example.com
CUS-0002286,Rahul Moreau,retail_consumer,silver,ZN-000114,London,GB,EMEA,407 Park Rd,51.826603,-0.683011,2025-03-08,13.0,217.26,3.89,morning,False,,0.082,rahul.moreau811@example.com
CUS-0002287,Yuki Bakker,smb,bronze,ZN-000498,Bengaluru,IN,APAC,102 Central Dr,12.987315,77.65251,2024-04-29,17.0,971.61,3.21,any,True,,0.407,yuki.bakker952@example.com
CUS-0002288,Daniel Dubois,retail_consumer,bronze,ZN-000096,Krakow,PL,EMEA,466 Victoria Way,49.659692,20.159708,2020-07-28,24.0,739.12,3.61,any,False,,0.202,daniel.dubois553@example.com
CUS-0002289,Viktor Zhang,smb,none,ZN-000184,London,GB,EMEA,278 Station Blvd,51.472464,-0.023101,2019-06-28,20.0,1747.79,3.91,evening,True,,0.293,viktor.zhang49@example.com
CUS-0002290,Jun Fernandez,enterprise,gold,ZN-000054,Osaka,JP,APAC,327 Maple Ln,34.67237,135.433841,2019-10-28,246.0,4692.17,4.27,any,True,12.0,0.17,jun.fernandez750@example.com
CUS-0002291,Aisha Dubois,smb,none,ZN-000444,Osaka,JP,APAC,432 Station Sq,34.619668,135.510336,2025-10-21,29.0,1242.39,4.0,afternoon,True,,0.34,aisha.dubois567@example.com
CUS-0002292,Rahul Petrov,marketplace_seller,bronze,ZN-000103,Shanghai,CN,APAC,403 Maple Rd,31.205068,121.493715,2018-11-18,6.0,179.68,4.57,any,False,,0.227,rahul.petrov723@example.com
CUS-0002293,Daniel Zhang,retail_consumer,gold,ZN-000315,Jakarta,ID,APAC,65 Grove Ave,-6.209365,106.877457,2024-05-14,17.0,2760.27,4.05,evening,False,,0.32,daniel.zhang354@example.com
CUS-0002294,Grace Kowalski,retail_consumer,platinum,ZN-000037,Sao Paulo,BR,LATAM,341 Harbour Ln,-23.631696,-46.599511,2022-09-28,7.0,558.75,3.36,morning,False,,0.39,grace.kowalski845@example.com
CUS-0002295,Amara Fernandez,retail_consumer,bronze,ZN-000244,Shanghai,CN,APAC,60 Park Sq,31.202687,121.404423,2021-10-13,26.0,2849.79,3.37,afternoon,False,,0.072,amara.fernandez997@example.com
CUS-0002296,Nikolai Kowalski,retail_consumer,silver,ZN-000080,Bengaluru,IN,APAC,242 Church Dr,12.975416,77.618946,2018-11-23,35.0,1114.92,5.0,any,False,,0.215,nikolai.kowalski884@example.com
CUS-0002297,Grace Weber,retail_consumer,gold,ZN-000433,Bengaluru,IN,APAC,117 Elm St,12.955252,77.536354,2021-01-10,16.0,1281.68,4.09,morning,False,,0.068,grace.weber529@example.com
CUS-0002298,Marcus Okafor,retail_consumer,none,ZN-000331,Shanghai,CN,APAC,230 Warehouse Rd,31.143139,121.548097,2025-10-26,4.0,72.05,3.46,evening,False,,0.276,marcus.okafor937@example.com
CUS-0002299,Zara Garcia,enterprise,silver,ZN-000324,Rome,IT,EMEA,359 Cedar Ave,41.942191,12.589537,2024-10-16,63.0,3544.13,3.26,morning,True,48.0,0.319,zara.garcia83@example.com
CUS-0002300,Isabella Rossi,smb,none,ZN-000375,Manchester,GB,EMEA,329 Oak Rd,53.546027,-2.208616,2023-09-13,90.0,14314.89,4.66,any,True,,0.2,isabella.rossi757@example.com
CUS-0002301,Amara Nguyen,enterprise,platinum,ZN-000300,Mexico City,MX,LATAM,396 Elm Way,19.506146,-99.034618,2020-02-26,608.0,48241.42,4.58,morning,True,12.0,0.451,amara.nguyen723@example.com
CUS-0002302,Rahul Nguyen,retail_consumer,none,ZN-000021,Krakow,PL,EMEA,301 Harbour Ave,50.046197,19.75721,2022-08-30,24.0,2349.11,4.79,evening,False,,0.521,rahul.nguyen712@example.com
CUS-0002303,Carlos Hansen,smb,silver,ZN-000219,Los Angeles,US,NA,32 Pine Dr,34.041936,-118.321143,2022-11-29,16.0,472.48,4.8,evening,True,,0.37,carlos.hansen680@example.com
CUS-0002304,Nikolai Moreau,smb,platinum,ZN-000279,Los Angeles,US,NA,402 Riverside Sq,34.115416,-118.230322,2024-06-21,17.0,669.3,4.59,any,True,,0.321,nikolai.moreau777@example.com
CUS-0002305,Elena Bakker,public_sector,silver,ZN-000267,Rome,IT,EMEA,302 Bridge St,41.825336,12.216001,2022-11-23,11.0,716.43,3.71,evening,True,24.0,0.501,elena.bakker237@example.com
CUS-0002306,Carlos Okafor,smb,none,ZN-000463,Berlin,DE,EMEA,459 Central St,52.615206,13.455404,2018-04-28,30.0,1363.18,4.38,afternoon,True,,0.324,carlos.okafor824@example.com
CUS-0002307,Carlos Okafor,marketplace_seller,none,ZN-000388,Atlanta,US,NA,227 Grove Blvd,33.624878,-84.474532,2025-09-03,9.0,216.29,4.59,any,False,,0.344,carlos.okafor317@example.com
CUS-0002308,Nikolai Silva,retail_consumer,platinum,ZN-000015,Osaka,JP,APAC,321 Bridge Ln,34.683555,135.50739,2025-03-21,3.0,134.2,5.0,evening,False,,0.045,nikolai.silva105@example.com
CUS-0002309,Alex Rossi,enterprise,none,ZN-000338,Manchester,GB,EMEA,398 Oak Ln,53.571559,-2.374158,2025-01-16,603.0,11522.38,4.59,afternoon,True,12.0,0.064,alex.rossi859@example.com
CUS-0002310,Zara Yilmaz,retail_consumer,bronze,ZN-000322,London,GB,EMEA,24 Cedar Dr,51.493251,-0.05269,2025-08-22,13.0,1517.17,3.66,any,False,,0.034,zara.yilmaz717@example.com
CUS-0002311,Nikolai Rahman,retail_consumer,platinum,ZN-000121,Shanghai,CN,APAC,352 Victoria Ave,31.165758,121.434519,2023-06-15,7.0,368.1,3.93,evening,False,,0.402,nikolai.rahman960@example.com
CUS-0002312,Yuki Nakamura,retail_consumer,gold,ZN-000335,Krakow,PL,EMEA,225 Victoria Rd,50.055049,20.016644,2018-08-04,15.0,589.71,4.63,any,False,,0.169,yuki.nakamura80@example.com
CUS-0002313,Jun Yilmaz,retail_consumer,silver,ZN-000462,London,GB,EMEA,97 Industrial Dr,51.413642,-0.203262,2024-01-19,3.0,169.69,5.0,evening,False,,0.337,jun.yilmaz983@example.com
CUS-0002314,Tomas Hansen,retail_consumer,none,ZN-000408,Osaka,JP,APAC,235 Bridge Ave,34.682945,135.608491,2024-07-09,33.0,864.96,5.0,afternoon,False,,0.18,tomas.hansen494@example.com
CUS-0002315,Fatima Novak,public_sector,none,ZN-000124,London,GB,EMEA,12 Kings Blvd,51.50036,-0.027529,2024-01-20,22.0,4357.0,4.7,afternoon,True,48.0,0.304,fatima.novak4@example.com
CUS-0002316,Diego Nguyen,marketplace_seller,none,ZN-000173,Atlanta,US,NA,287 Warehouse Ln,33.304596,-84.667454,2021-12-10,6.0,152.34,4.55,morning,False,,0.0,diego.nguyen14@example.com
CUS-0002317,Isabella Lindqvist,retail_consumer,none,ZN-000089,Krakow,PL,EMEA,85 Industrial Ln,50.213522,20.029654,2018-12-31,13.0,983.25,3.29,afternoon,False,,0.285,isabella.lindqvist365@example.com
CUS-0002318,Carlos Moreau,retail_consumer,bronze,ZN-000396,Krakow,PL,EMEA,211 Elm Dr,50.135421,19.675497,2020-04-19,4.0,804.27,3.75,afternoon,False,,0.011,carlos.moreau88@example.com
CUS-0002319,Elena Rossi,retail_consumer,gold,ZN-000376,Rome,IT,EMEA,1 Pine Sq,41.836077,12.467542,2022-07-29,9.0,998.72,4.56,evening,False,,0.1,elena.rossi815@example.com
CUS-0002320,Nikolai Torres,smb,silver,ZN-000012,Shanghai,CN,APAC,435 Central Rd,31.175414,121.443038,2023-11-08,81.0,10367.99,4.19,afternoon,True,,0.414,nikolai.torres236@example.com
CUS-0002321,Amara Rahman,retail_consumer,gold,ZN-000197,Atlanta,US,NA,393 Bridge Dr,33.780666,-84.376127,2022-01-01,8.0,539.65,3.41,afternoon,False,,0.446,amara.rahman655@example.com
CUS-0002322,Aisha Ivanov,smb,none,ZN-000343,Mexico City,MX,LATAM,467 Maple Ln,19.439684,-99.079929,2018-08-08,10.0,811.06,4.16,morning,True,,0.098,aisha.ivanov723@example.com
CUS-0002323,Jun Bakker,retail_consumer,gold,ZN-000419,Manchester,GB,EMEA,18 Cedar St,53.405831,-2.254113,2024-05-24,6.0,278.27,3.01,evening,False,,0.022,jun.bakker887@example.com
CUS-0002324,Viktor Fernandez,retail_consumer,silver,ZN-000342,Bengaluru,IN,APAC,418 Kings Way,12.915516,77.601376,2022-03-12,12.0,479.6,4.69,morning,False,,0.063,viktor.fernandez404@example.com
CUS-0002325,Zara Okafor,retail_consumer,silver,ZN-000233,Atlanta,US,NA,463 Grove Sq,33.754502,-84.419915,2020-10-17,18.0,1247.17,4.54,morning,False,,0.116,zara.okafor346@example.com
CUS-0002326,Diego Fernandez,retail_consumer,bronze,ZN-000013,Delhi,IN,APAC,312 Central Sq,28.801742,77.334616,2021-08-16,9.0,651.41,5.0,evening,False,,0.346,diego.fernandez219@example.com
CUS-0002327,Yuki Petrov,enterprise,silver,ZN-000070,Delhi,IN,APAC,407 Cedar Way,28.669655,77.105312,2024-04-15,111.0,5013.99,2.95,morning,True,48.0,0.26,yuki.petrov384@example.com
CUS-0002328,Peter Bakker,retail_consumer,none,ZN-000368,Delhi,IN,APAC,428 Depot St,28.700486,77.17458,2018-09-14,11.0,271.52,5.0,any,False,,0.435,peter.bakker385@example.com
CUS-0002329,Zara Rahman,retail_consumer,bronze,ZN-000276,Delhi,IN,APAC,317 Bridge St,28.685833,77.065075,2025-02-10,10.0,521.27,4.57,evening,False,,0.121,zara.rahman9@example.com
CUS-0002330,Lucas Garcia,smb,bronze,ZN-000256,Osaka,JP,APAC,215 Union Ave,34.633119,135.629903,2024-04-18,21.0,1419.46,3.21,any,True,,0.304,lucas.garcia679@example.com
CUS-0002331,Elena Weber,retail_consumer,bronze,ZN-000222,Bengaluru,IN,APAC,415 Station Way,13.001766,77.520418,2018-06-14,5.0,249.56,4.55,afternoon,False,,0.657,elena.weber120@example.com
CUS-0002332,Freya Kim,smb,platinum,ZN-000445,Delhi,IN,APAC,300 Victoria Dr,28.692116,77.102957,2024-01-15,39.0,6367.29,3.81,evening,True,,0.257,freya.kim290@example.com
CUS-0002333,Zara Lindqvist,retail_consumer,none,ZN-000004,London,GB,EMEA,277 Elm Blvd,51.456109,0.102467,2021-02-23,32.0,1743.32,4.26,afternoon,False,,0.236,zara.lindqvist350@example.com
CUS-0002334,Fatima Rossi,enterprise,silver,ZN-000213,Osaka,JP,APAC,125 Maple Sq,34.764419,135.501742,2024-02-18,117.0,7380.12,4.87,any,True,24.0,0.324,fatima.rossi156@example.com
CUS-0002335,Leila Kowalski,marketplace_seller,gold,ZN-000367,Shanghai,CN,APAC,233 Market Blvd,31.252749,121.579706,2018-05-31,16.0,1039.1,4.15,any,False,,0.154,leila.kowalski515@example.com
CUS-0002336,Lucas Rahman,retail_consumer,none,ZN-000102,Delhi,IN,APAC,429 Union Rd,28.756328,77.163001,2020-09-11,7.0,384.93,4.78,any,False,,0.289,lucas.rahman16@example.com
CUS-0002337,Carlos Bakker,marketplace_seller,silver,ZN-000227,Delhi,IN,APAC,215 Church St,28.735461,77.053673,2020-06-19,6.0,130.06,5.0,any,False,,0.405,carlos.bakker646@example.com
CUS-0002338,Omar Bakker,retail_consumer,silver,ZN-000276,Delhi,IN,APAC,426 Warehouse Rd,28.702143,77.089967,2021-07-16,13.0,979.82,3.45,evening,False,,0.613,omar.bakker162@example.com
CUS-0002339,Elena Brown,smb,bronze,ZN-000267,Rome,IT,EMEA,188 Market Dr,41.809565,12.202818,2019-06-21,51.0,2591.68,3.13,any,True,,0.265,elena.brown865@example.com
CUS-0002340,Freya Costa,retail_consumer,bronze,ZN-000352,Los Angeles,US,NA,155 Park Ln,34.045945,-118.330593,2023-02-26,4.0,231.61,2.97,any,False,,0.317,freya.costa549@example.com
CUS-0002341,Nikolai Moreau,retail_consumer,silver,ZN-000270,Los Angeles,US,NA,452 Riverside Sq,33.993022,-118.253128,2020-10-06,4.0,484.01,3.74,any,False,,0.095,nikolai.moreau280@example.com
CUS-0002342,Amara Zhang,smb,platinum,ZN-000493,Krakow,PL,EMEA,313 Park Sq,49.982889,19.923635,2018-11-25,108.0,3350.33,4.14,any,True,,0.457,amara.zhang839@example.com
CUS-0002343,Sofia Smith,smb,none,ZN-000324,Rome,IT,EMEA,184 Victoria St,41.959317,12.608821,2019-07-25,32.0,4275.65,4.52,evening,True,,0.0,sofia.smith532@example.com
CUS-0002344,Diego Novak,smb,silver,ZN-000483,Krakow,PL,EMEA,248 Park Rd,50.00546,19.835325,2023-01-24,19.0,748.13,3.53,afternoon,True,,0.073,diego.novak532@example.com
CUS-0002345,Maria Ali,public_sector,none,ZN-000176,Los Angeles,US,NA,326 Church Sq,34.048843,-118.123147,2020-07-13,9.0,817.0,4.34,afternoon,True,12.0,0.511,maria.ali867@example.com
CUS-0002346,Lucas Fernandez,smb,bronze,ZN-000332,Delhi,IN,APAC,361 Union Dr,28.758234,77.022043,2018-11-12,62.0,3392.71,4.07,afternoon,True,,0.145,lucas.fernandez911@example.com
CUS-0002347,Maria Sharma,retail_consumer,silver,ZN-000211,Osaka,JP,APAC,136 Maple St,34.588226,135.478061,2020-09-14,8.0,533.56,4.6,any,False,,0.101,maria.sharma13@example.com
CUS-0002348,Yuki Silva,enterprise,gold,ZN-000275,London,GB,EMEA,329 Pine Blvd,51.59312,-0.113272,2019-01-29,162.0,7666.19,4.53,any,True,48.0,0.336,yuki.silva459@example.com
CUS-0002349,Daniel Kim,retail_consumer,none,ZN-000480,Rome,IT,EMEA,457 Warehouse Blvd,41.82786,12.498115,2022-05-01,10.0,379.31,3.86,afternoon,False,,0.368,daniel.kim974@example.com
CUS-0002350,Nadia Novak,retail_consumer,silver,ZN-000425,Rome,IT,EMEA,147 Victoria Blvd,41.826336,12.542939,2018-02-22,14.0,795.51,3.47,afternoon,False,,0.035,nadia.novak724@example.com
CUS-0002351,Isabella Kim,marketplace_seller,none,ZN-000119,Manchester,GB,EMEA,61 Maple Sq,53.540721,-2.384128,2020-07-26,15.0,1113.45,5.0,any,False,,0.121,isabella.kim571@example.com
CUS-0002352,Jun Rahman,retail_consumer,gold,ZN-000480,Rome,IT,EMEA,167 Victoria Rd,41.851124,12.503538,2018-11-02,11.0,909.43,3.87,evening,False,,0.174,jun.rahman125@example.com
CUS-0002353,Anna Petrov,retail_consumer,none,ZN-000204,Manchester,GB,EMEA,390 Market Ln,53.604265,-1.82429,2023-09-11,24.0,1778.79,4.85,evening,False,,0.465,anna.petrov307@example.com
CUS-0002354,Leila Dubois,retail_consumer,none,ZN-000275,London,GB,EMEA,472 Grove St,51.586192,-0.137302,2024-09-04,13.0,662.22,5.0,evening,False,,0.368,leila.dubois61@example.com
CUS-0002355,Sofia Garcia,retail_consumer,none,ZN-000376,Rome,IT,EMEA,292 Kings Sq,41.834091,12.438157,2020-05-23,21.0,1183.8,2.83,evening,False,,0.357,sofia.garcia430@example.com
CUS-0002356,Marcus Kim,retail_consumer,platinum,ZN-000180,Manchester,GB,EMEA,168 Victoria Ln,53.497116,-2.073986,2020-03-13,22.0,1280.94,5.0,afternoon,False,,0.226,marcus.kim47@example.com
CUS-0002357,Daniel Costa,smb,none,ZN-000198,London,GB,EMEA,226 Cedar Dr,51.32737,-0.09349,2021-10-23,27.0,3212.43,3.85,any,True,,0.151,daniel.costa169@example.com
CUS-0002358,Freya Novak,retail_consumer,none,ZN-000350,Stockholm,SE,EMEA,100 Riverside Ave,59.106393,17.929155,2025-10-01,7.0,858.29,3.34,evening,False,,0.381,freya.novak926@example.com
CUS-0002359,Maria Brown,retail_consumer,none,ZN-000094,Mexico City,MX,LATAM,6 Victoria Rd,19.496975,-99.11312,2025-10-02,25.0,569.71,3.43,afternoon,False,,0.418,maria.brown368@example.com
CUS-0002360,Carlos Fernandez,retail_consumer,silver,ZN-000066,Jakarta,ID,APAC,45 Grove St,-6.173612,106.863993,2020-11-28,21.0,995.33,5.0,evening,False,,0.148,carlos.fernandez275@example.com
CUS-0002361,Peter Fernandez,enterprise,bronze,ZN-000441,Mexico City,MX,LATAM,170 Warehouse St,19.509613,-99.167293,2021-08-14,901.0,23720.27,5.0,any,True,48.0,0.173,peter.fernandez352@example.com
CUS-0002362,Ivan Brown,smb,bronze,ZN-000356,Bengaluru,IN,APAC,156 Cedar St,12.484482,77.460652,2019-02-02,16.0,1660.73,3.7,evening,True,,0.062,ivan.brown238@example.com
CUS-0002363,Diego Weber,retail_consumer,none,ZN-000021,Krakow,PL,EMEA,279 Market Rd,50.053237,19.780267,2021-06-22,10.0,421.81,4.2,morning,False,,0.14,diego.weber828@example.com
CUS-0002364,Grace Zhang,smb,none,ZN-000006,London,GB,EMEA,59 Pine Sq,51.523209,-0.152177,2019-10-31,42.0,1102.03,3.69,evening,True,,0.0,grace.zhang387@example.com
CUS-0002365,Leila Hansen,smb,bronze,ZN-000222,Bengaluru,IN,APAC,148 Market Sq,12.999633,77.528134,2021-12-23,27.0,1115.61,5.0,any,True,,0.24,leila.hansen449@example.com
CUS-0002366,Nadia Bakker,retail_consumer,none,ZN-000374,Delhi,IN,APAC,197 Bridge Ave,28.684351,77.079998,2018-01-11,28.0,1306.89,4.14,morning,False,,0.463,nadia.bakker516@example.com
CUS-0002367,Rahul Ali,public_sector,none,ZN-000097,Atlanta,US,NA,423 Oak Sq,33.808664,-84.475071,2019-03-19,23.0,804.01,3.89,afternoon,True,48.0,0.284,rahul.ali180@example.com
CUS-0002368,Elena Lindqvist,smb,none,ZN-000300,Mexico City,MX,LATAM,327 Station Ave,19.491241,-99.041969,2021-10-31,32.0,611.55,4.24,morning,True,,0.322,elena.lindqvist629@example.com
CUS-0002369,Alex Nakamura,smb,bronze,ZN-000257,London,GB,EMEA,409 Victoria Ln,51.579632,-0.19787,2024-03-06,26.0,734.82,4.04,afternoon,True,,0.29,alex.nakamura516@example.com
CUS-0002370,Omar Ivanov,retail_consumer,none,ZN-000022,Shanghai,CN,APAC,420 Union Blvd,31.227087,121.455599,2019-02-10,19.0,516.52,4.92,evening,False,,0.245,omar.ivanov888@example.com
CUS-0002371,Yuki Rossi,marketplace_seller,silver,ZN-000143,Delhi,IN,APAC,427 Cedar Ave,28.683391,77.216346,2025-10-15,4.0,132.19,3.25,any,False,,0.134,yuki.rossi501@example.com
CUS-0002372,Viktor Nguyen,smb,none,ZN-000264,Shanghai,CN,APAC,299 Depot Ave,31.234066,121.378262,2021-04-23,68.0,1108.68,3.76,morning,True,,0.276,viktor.nguyen512@example.com
CUS-0002373,Carlos Ivanov,smb,bronze,ZN-000049,Stockholm,SE,EMEA,8 Station Ln,59.285654,18.177158,2021-04-05,76.0,4470.91,4.73,morning,True,,0.558,carlos.ivanov972@example.com
CUS-0002374,Hugo Ali,retail_consumer,bronze,ZN-000305,Jakarta,ID,APAC,455 Industrial Rd,-6.298046,106.826233,2024-01-14,10.0,653.72,4.28,morning,False,,0.296,hugo.ali934@example.com
CUS-0002375,Elena Rossi,retail_consumer,silver,ZN-000200,London,GB,EMEA,224 Bridge Dr,51.466834,-0.157927,2025-01-06,11.0,1031.05,3.8,morning,False,,0.44,elena.rossi430@example.com
CUS-0002376,Alex Muller,retail_consumer,none,ZN-000250,Krakow,PL,EMEA,272 Maple Ave,50.199747,20.21117,2023-11-01,8.0,1252.85,4.28,morning,False,,0.243,alex.muller892@example.com
CUS-0002377,Lucas Kowalski,smb,silver,ZN-000336,London,GB,EMEA,334 Kings St,51.582006,-0.0395,2021-08-17,24.0,1547.24,5.0,evening,True,,0.156,lucas.kowalski725@example.com
CUS-0002378,Rahul Kim,retail_consumer,none,ZN-000047,Jakarta,ID,APAC,343 Market Rd,-6.140137,106.842989,2021-03-28,16.0,1322.75,3.67,afternoon,False,,0.0,rahul.kim616@example.com
CUS-0002379,Nikolai Silva,retail_consumer,bronze,ZN-000228,Krakow,PL,EMEA,197 Maple Sq,50.15329,20.211369,2021-01-27,6.0,370.2,3.75,morning,False,,0.209,nikolai.silva507@example.com
CUS-0002380,Tomas Dubois,retail_consumer,none,ZN-000099,London,GB,EMEA,222 Grove Ave,51.504845,-0.045746,2025-02-01,16.0,389.08,4.32,any,False,,0.427,tomas.dubois594@example.com
CUS-0002381,Nikolai Nakamura,smb,gold,ZN-000374,Delhi,IN,APAC,372 Riverside Way,28.701545,77.096731,2021-05-16,17.0,1973.62,4.3,evening,True,,0.046,nikolai.nakamura639@example.com
CUS-0002382,Maria Nakamura,marketplace_seller,silver,ZN-000477,Shanghai,CN,APAC,358 Harbour Ln,31.159,121.558412,2022-02-28,8.0,274.6,4.85,any,False,,0.359,maria.nakamura564@example.com
CUS-0002383,Nadia Petrov,retail_consumer,silver,ZN-000130,Mexico City,MX,LATAM,77 Station Blvd,19.451449,-99.039597,2020-02-22,6.0,240.63,3.68,any,False,,0.553,nadia.petrov241@example.com
CUS-0002384,Nikolai Garcia,retail_consumer,none,ZN-000100,Shanghai,CN,APAC,435 Church Ave,31.215457,121.375824,2020-12-22,40.0,1824.25,4.83,evening,False,,0.532,nikolai.garcia402@example.com
CUS-0002385,Priya Weber,retail_consumer,platinum,ZN-000136,Rome,IT,EMEA,22 Cedar Rd,42.037998,12.673283,2024-05-02,34.0,886.56,3.51,evening,False,,0.143,priya.weber286@example.com
CUS-0002386,Diego Fernandez,smb,none,ZN-000445,Delhi,IN,APAC,26 Oak St,28.662578,77.100006,2018-10-15,59.0,2963.92,4.48,evening,True,,0.23,diego.fernandez294@example.com
CUS-0002387,Alex Rahman,enterprise,silver,ZN-000234,Krakow,PL,EMEA,433 Harbour Ave,50.081605,19.914598,2018-07-03,239.0,62316.78,3.02,evening,True,24.0,0.197,alex.rahman199@example.com
CUS-0002388,Viktor Brown,enterprise,none,ZN-000399,Atlanta,US,NA,331 Cedar Dr,33.476075,-84.176242,2020-04-01,563.0,63563.52,3.7,any,True,48.0,0.516,viktor.brown171@example.com
CUS-0002389,Lucas Smith,retail_consumer,gold,ZN-000102,Delhi,IN,APAC,463 Pine Blvd,28.719804,77.161514,2024-08-23,10.0,324.83,4.54,afternoon,False,,0.282,lucas.smith907@example.com
CUS-0002390,Hugo Brown,marketplace_seller,bronze,ZN-000105,Krakow,PL,EMEA,382 Harbour St,50.555602,20.23029,2024-06-27,18.0,476.02,4.92,evening,False,,0.17,hugo.brown35@example.com
CUS-0002391,Tomas Zhang,marketplace_seller,none,ZN-000106,Atlanta,US,NA,419 Harbour Sq,33.760543,-84.496506,2025-07-08,9.0,380.86,4.4,morning,False,,0.449,tomas.zhang878@example.com
CUS-0002392,Priya Ali,marketplace_seller,none,ZN-000133,Delhi,IN,APAC,273 Church Sq,28.597161,77.115838,2025-11-29,14.0,547.65,4.49,evening,False,,0.342,priya.ali135@example.com
CUS-0002393,Jun Muller,retail_consumer,platinum,ZN-000082,Mexico City,MX,LATAM,122 Park Blvd,19.407714,-99.093125,2022-02-24,10.0,465.71,3.12,afternoon,False,,0.245,jun.muller660@example.com
CUS-0002394,Grace Brown,retail_consumer,none,ZN-000058,Shanghai,CN,APAC,242 Riverside St,31.192393,121.406525,2020-02-29,2.0,148.33,5.0,evening,False,,0.6,grace.brown168@example.com
CUS-0002395,Nadia Nakamura,smb,none,ZN-000187,Atlanta,US,NA,346 Union Rd,33.761416,-84.073597,2019-10-30,34.0,2234.16,4.37,evening,True,,0.16,nadia.nakamura755@example.com
CUS-0002396,Daniel Rossi,smb,none,ZN-000222,Bengaluru,IN,APAC,419 Maple St,12.968842,77.524552,2020-12-20,21.0,730.44,3.94,evening,True,,0.269,daniel.rossi805@example.com
CUS-0002397,Grace Petrov,retail_consumer,bronze,ZN-000085,Osaka,JP,APAC,12 Central Ln,34.619937,135.597827,2023-11-07,29.0,1199.64,5.0,afternoon,False,,0.074,grace.petrov5@example.com
CUS-0002398,Marcus Torres,marketplace_seller,gold,ZN-000364,Manchester,GB,EMEA,462 Market Rd,53.55318,-2.172135,2025-06-29,12.0,466.97,4.77,evening,False,,0.456,marcus.torres6@example.com
CUS-0002399,Omar Garcia,marketplace_seller,gold,ZN-000255,Los Angeles,US,NA,228 Pine St,34.047176,-118.185015,2020-08-23,2.0,250.05,3.86,morning,False,,0.469,omar.garcia510@example.com
CUS-0002400,Amara Rossi,retail_consumer,none,ZN-000389,Sao Paulo,BR,LATAM,346 Elm Ln,-23.563275,-46.677696,2025-02-12,3.0,127.08,4.94,evening,False,,0.395,amara.rossi200@example.com
CUS-0002401,Aisha Garcia,retail_consumer,bronze,ZN-000404,Berlin,DE,EMEA,160 Bridge Ave,52.291709,13.364261,2022-05-18,9.0,177.75,4.19,evening,False,,0.458,aisha.garcia388@example.com
CUS-0002402,Daniel Hansen,enterprise,bronze,ZN-000017,Krakow,PL,EMEA,88 Cedar St,50.097867,19.884081,2024-03-18,142.0,9705.98,4.51,afternoon,True,24.0,0.253,daniel.hansen289@example.com
CUS-0002403,Priya Zhang,retail_consumer,silver,ZN-000423,London,GB,EMEA,218 Victoria Dr,51.589384,-0.218625,2018-04-21,29.0,757.11,4.9,evening,False,,0.475,priya.zhang12@example.com
CUS-0002404,Leila Lindqvist,retail_consumer,none,ZN-000439,Stockholm,SE,EMEA,206 Depot Ave,59.292262,18.184024,2021-07-25,9.0,220.29,3.35,evening,False,,0.156,leila.lindqvist408@example.com
CUS-0002405,Isabella Costa,marketplace_seller,bronze,ZN-000014,Delhi,IN,APAC,155 Central Ave,28.808065,77.082857,2025-01-11,11.0,230.95,4.19,any,False,,0.044,isabella.costa972@example.com
CUS-0002406,Anna Nakamura,retail_consumer,none,ZN-000368,Delhi,IN,APAC,464 Pine Blvd,28.680304,77.196699,2018-04-08,10.0,719.65,3.91,afternoon,False,,0.364,anna.nakamura89@example.com
CUS-0002407,Omar Garcia,smb,none,ZN-000031,Rome,IT,EMEA,463 Market St,41.784822,11.960114,2020-11-07,53.0,1306.76,4.53,morning,True,,0.225,omar.garcia938@example.com
CUS-0002408,Sofia Dubois,retail_consumer,none,ZN-000321,Amsterdam,NL,EMEA,405 Depot Ln,52.361482,4.944162,2022-07-21,6.0,838.96,3.1,evening,False,,0.374,sofia.dubois830@example.com
CUS-0002409,Mateo Okafor,retail_consumer,bronze,ZN-000451,London,GB,EMEA,77 Harbour Ln,51.583621,-0.175851,2021-05-06,8.0,436.29,4.23,evening,False,,0.389,mateo.okafor580@example.com
CUS-0002410,Nikolai Sharma,retail_consumer,silver,ZN-000296,Sao Paulo,BR,LATAM,401 Central Ln,-23.520434,-46.550935,2024-09-25,11.0,721.22,3.77,afternoon,False,,0.313,nikolai.sharma79@example.com
CUS-0002411,Nadia Brown,retail_consumer,bronze,ZN-000492,Krakow,PL,EMEA,46 Church St,50.03318,19.867951,2025-11-24,2.0,70.12,4.86,any,False,,0.445,nadia.brown755@example.com
CUS-0002412,Amara Bakker,enterprise,none,ZN-000090,Bengaluru,IN,APAC,29 Union Way,13.041292,77.570554,2020-05-08,192.0,15862.49,5.0,any,True,48.0,0.253,amara.bakker595@example.com
CUS-0002413,Leila Kowalski,smb,silver,ZN-000077,Krakow,PL,EMEA,462 Depot Ln,50.038473,19.89745,2023-08-05,17.0,796.69,3.71,evening,True,,0.387,leila.kowalski920@example.com
CUS-0002414,Leila Novak,retail_consumer,bronze,ZN-000454,Delhi,IN,APAC,335 Elm Rd,28.76016,77.034609,2023-04-08,6.0,194.13,4.17,any,False,,0.385,leila.novak387@example.com
CUS-0002415,Nadia Brown,enterprise,none,ZN-000145,London,GB,EMEA,189 Union Way,51.476886,-0.110694,2018-12-26,389.0,9717.27,2.7,evening,True,12.0,0.13,nadia.brown733@example.com
CUS-0002416,Omar Rossi,enterprise,none,ZN-000015,Osaka,JP,APAC,29 Station Rd,34.687388,135.515025,2021-01-24,812.0,62788.5,3.3,any,True,12.0,0.0,omar.rossi400@example.com
CUS-0002417,Sofia Nakamura,smb,bronze,ZN-000273,Rome,IT,EMEA,205 Oak Ave,41.946377,12.57393,2021-05-05,36.0,1329.13,3.52,evening,True,,0.358,sofia.nakamura537@example.com
CUS-0002418,Diego Brown,retail_consumer,silver,ZN-000380,Shanghai,CN,APAC,418 Depot St,31.246812,121.356437,2024-01-09,11.0,466.61,3.45,morning,False,,0.165,diego.brown928@example.com
CUS-0002419,Viktor Smith,retail_consumer,none,ZN-000382,Shanghai,CN,APAC,365 Union Rd,31.232438,121.455469,2021-04-03,10.0,178.41,3.3,afternoon,False,,0.387,viktor.smith505@example.com
CUS-0002420,Nadia Zhang,retail_consumer,none,ZN-000039,Osaka,JP,APAC,80 Station Way,34.80527,135.558013,2018-05-22,15.0,566.14,3.99,any,False,,0.141,nadia.zhang783@example.com
CUS-0002421,Elena Rossi,retail_consumer,none,ZN-000025,Jakarta,ID,APAC,305 Bridge Ln,-6.17741,106.770134,2021-09-19,28.0,5080.4,3.45,any,False,,0.489,elena.rossi342@example.com
CUS-0002422,Peter Muller,enterprise,none,ZN-000064,Atlanta,US,NA,264 Union Ln,33.827315,-84.428158,2018-10-17,38.0,5346.79,3.89,afternoon,True,12.0,0.221,peter.muller214@example.com
CUS-0002423,Jun Ivanov,retail_consumer,bronze,ZN-000021,Krakow,PL,EMEA,55 Park Rd,50.059286,19.778925,2025-08-20,20.0,525.35,3.98,afternoon,False,,0.335,jun.ivanov132@example.com
CUS-0002424,Nikolai Ali,retail_consumer,silver,ZN-000486,Bengaluru,IN,APAC,3 Oak St,13.036034,77.570327,2019-03-07,8.0,138.31,4.31,evening,False,,0.236,nikolai.ali568@example.com
CUS-0002425,Tomas Torres,retail_consumer,silver,ZN-000350,Stockholm,SE,EMEA,288 Bridge Sq,59.091698,17.842511,2025-11-13,36.0,5283.03,3.33,evening,False,,0.296,tomas.torres778@example.com
CUS-0002426,Amara Kowalski,retail_consumer,bronze,ZN-000442,Amsterdam,NL,EMEA,249 Pine Way,52.427881,4.901764,2023-08-28,4.0,380.58,4.15,evening,False,,0.398,amara.kowalski812@example.com
CUS-0002427,Grace Zhang,public_sector,none,ZN-000181,London,GB,EMEA,394 Church Way,51.499095,-0.238005,2025-06-15,7.0,133.13,3.18,morning,True,12.0,0.083,grace.zhang246@example.com
CUS-0002428,Peter Silva,smb,none,ZN-000194,Delhi,IN,APAC,28 Harbour Way,28.615009,77.086691,2018-09-19,39.0,1351.91,5.0,evening,True,,0.551,peter.silva39@example.com
CUS-0002429,Omar Rossi,retail_consumer,silver,ZN-000384,Delhi,IN,APAC,356 Warehouse Ln,28.789893,77.082125,2020-10-26,6.0,241.38,4.26,afternoon,False,,0.242,omar.rossi398@example.com
CUS-0002430,Rahul Lindqvist,retail_consumer,bronze,ZN-000126,London,GB,EMEA,264 Grove Blvd,51.42737,-0.215999,2023-08-18,9.0,200.25,4.04,evening,False,,0.098,rahul.lindqvist145@example.com
CUS-0002431,Yuki Ivanov,retail_consumer,platinum,ZN-000135,Manchester,GB,EMEA,225 Central Way,53.422184,-2.098478,2024-10-25,4.0,133.27,3.94,any,False,,0.369,yuki.ivanov346@example.com
CUS-0002432,Mateo Rahman,retail_consumer,none,ZN-000075,Krakow,PL,EMEA,476 Station Rd,50.055244,19.850414,2024-03-13,14.0,1041.77,5.0,evening,False,,0.378,mateo.rahman202@example.com
CUS-0002433,Amara Muller,retail_consumer,none,ZN-000140,Krakow,PL,EMEA,375 Industrial Sq,50.112167,19.991907,2021-06-09,5.0,151.26,4.58,evening,False,,0.395,amara.muller311@example.com
CUS-0002434,Nadia Costa,retail_consumer,silver,ZN-000400,Amsterdam,NL,EMEA,381 Cedar Sq,52.402346,4.842244,2023-02-03,5.0,342.95,4.5,any,False,,0.186,nadia.costa96@example.com
CUS-0002435,Chen Rossi,enterprise,none,ZN-000337,Shanghai,CN,APAC,94 Victoria Way,31.173404,121.453152,2018-12-18,306.0,14343.68,4.14,morning,True,12.0,0.358,chen.rossi684@example.com
CUS-0002436,Freya Muller,retail_consumer,none,ZN-000103,Shanghai,CN,APAC,99 Park Sq,31.218447,121.450181,2019-02-07,5.0,165.04,5.0,evening,False,,0.246,freya.muller896@example.com
CUS-0002437,Maria Sharma,retail_consumer,none,ZN-000389,Sao Paulo,BR,LATAM,109 Warehouse Ave,-23.558479,-46.678351,2020-05-20,8.0,360.57,3.73,evening,False,,0.24,maria.sharma298@example.com
CUS-0002438,Grace Novak,retail_consumer,gold,ZN-000065,Jakarta,ID,APAC,80 Market Way,-6.205037,106.822918,2023-01-09,22.0,1196.06,4.06,morning,False,,0.283,grace.novak532@example.com
CUS-0002439,Zara Nakamura,retail_consumer,none,ZN-000438,Bengaluru,IN,APAC,65 Union Rd,12.969077,77.596433,2022-02-15,19.0,808.82,4.48,any,False,,0.597,zara.nakamura523@example.com
CUS-0002440,Marcus Nakamura,smb,silver,ZN-000206,Rome,IT,EMEA,289 Pine Ave,41.938106,12.509875,2019-02-17,27.0,1558.51,5.0,afternoon,True,,0.516,marcus.nakamura723@example.com
CUS-0002441,Nikolai Zhang,marketplace_seller,platinum,ZN-000202,Krakow,PL,EMEA,60 Grove Way,50.067538,19.921821,2019-09-22,4.0,103.09,4.21,any,False,,0.27,nikolai.zhang838@example.com
CUS-0002442,Rahul Yilmaz,smb,bronze,ZN-000158,Shanghai,CN,APAC,107 Warehouse Sq,31.188743,121.604495,2018-02-04,13.0,257.24,4.93,afternoon,True,,0.245,rahul.yilmaz232@example.com
CUS-0002443,Priya Silva,retail_consumer,none,ZN-000014,Delhi,IN,APAC,317 Grove Ln,28.794151,77.096944,2025-02-06,12.0,291.38,4.38,evening,False,,0.428,priya.silva354@example.com
CUS-0002444,Fatima Torres,enterprise,none,ZN-000146,London,GB,EMEA,319 Grove Ave,51.579037,-0.181011,2018-01-05,677.0,40908.78,4.59,afternoon,True,12.0,0.311,fatima.torres11@example.com
CUS-0002445,Omar Okafor,enterprise,silver,ZN-000389,Sao Paulo,BR,LATAM,324 Warehouse Blvd,-23.55469,-46.671456,2022-07-03,181.0,5324.29,3.84,any,True,48.0,0.231,omar.okafor547@example.com
CUS-0002446,Fatima Moreau,retail_consumer,silver,ZN-000045,Rome,IT,EMEA,229 Oak Way,41.960962,12.601982,2018-11-23,7.0,230.0,3.8,morning,False,,0.323,fatima.moreau804@example.com
CUS-0002447,Freya Silva,enterprise,none,ZN-000143,Delhi,IN,APAC,374 Market St,28.699645,77.241195,2025-02-18,213.0,6069.05,4.66,any,True,12.0,0.236,freya.silva238@example.com
CUS-0002448,Anna Moreau,retail_consumer,silver,ZN-000114,London,GB,EMEA,265 Cedar Dr,51.823619,-0.704702,2022-04-05,14.0,635.55,5.0,evening,False,,0.268,anna.moreau61@example.com
CUS-0002449,Daniel Ivanov,smb,bronze,ZN-000026,Manchester,GB,EMEA,451 Kings St,53.519561,-2.341193,2022-03-25,40.0,3309.84,2.9,any,True,,0.255,daniel.ivanov56@example.com
CUS-0002450,Peter Yilmaz,smb,none,ZN-000474,Delhi,IN,APAC,101 Warehouse Sq,28.624404,77.124376,2023-10-20,9.0,1270.34,5.0,evening,True,,0.342,peter.yilmaz120@example.com
CUS-0002451,Diego Smith,retail_consumer,none,ZN-000436,Mexico City,MX,LATAM,1 Warehouse Ln,19.796698,-98.731625,2018-10-10,4.0,155.13,3.49,evening,False,,0.415,diego.smith609@example.com
CUS-0002452,Daniel Rossi,retail_consumer,silver,ZN-000025,Jakarta,ID,APAC,476 Elm Sq,-6.164126,106.764173,2022-10-27,10.0,1250.36,3.07,morning,False,,0.233,daniel.rossi158@example.com
CUS-0002453,Fatima Brown,retail_consumer,none,ZN-000484,Atlanta,US,NA,404 Victoria Rd,33.753659,-84.436183,2022-03-30,4.0,339.22,4.03,evening,False,,0.282,fatima.brown32@example.com
CUS-0002454,Elena Ivanov,enterprise,silver,ZN-000148,Shanghai,CN,APAC,399 Union Way,31.227051,121.383407,2018-04-18,208.0,41979.99,3.97,afternoon,True,24.0,0.0,elena.ivanov418@example.com
CUS-0002455,Anna Rahman,retail_consumer,bronze,ZN-000491,Delhi,IN,APAC,209 Victoria Sq,28.624449,77.141008,2021-02-25,26.0,3348.36,2.82,evening,False,,0.484,anna.rahman56@example.com
CUS-0002456,Daniel Bakker,enterprise,silver,ZN-000256,Osaka,JP,APAC,160 Industrial Blvd,34.610386,135.65799,2025-11-18,82.0,6577.04,5.0,afternoon,True,24.0,0.102,daniel.bakker491@example.com
CUS-0002457,Jun Silva,public_sector,bronze,ZN-000379,Shanghai,CN,APAC,198 Kings Ave,31.307838,121.4488,2021-05-21,9.0,1152.0,5.0,afternoon,True,24.0,0.106,jun.silva923@example.com
CUS-0002458,Amara Ali,marketplace_seller,bronze,ZN-000470,Shanghai,CN,APAC,160 Elm Ave,31.205406,121.408661,2021-04-06,10.0,499.19,4.18,afternoon,False,,0.231,amara.ali168@example.com
CUS-0002459,Diego Rahman,smb,none,ZN-000406,Manchester,GB,EMEA,197 Depot Ave,53.543403,-2.242407,2021-04-04,29.0,1985.65,3.94,any,True,,0.212,diego.rahman837@example.com
CUS-0002460,Nikolai Weber,retail_consumer,silver,ZN-000434,Rome,IT,EMEA,308 Cedar St,41.947579,12.502444,2025-09-14,7.0,305.93,4.74,evening,False,,0.113,nikolai.weber131@example.com
CUS-0002461,Nikolai Silva,retail_consumer,none,ZN-000052,London,GB,EMEA,478 Cedar Sq,51.54452,-0.261743,2022-07-05,7.0,595.03,4.4,afternoon,False,,0.101,nikolai.silva85@example.com
CUS-0002462,Zara Rossi,smb,none,ZN-000341,Sao Paulo,BR,LATAM,436 Bridge Dr,-23.579546,-46.686901,2019-06-08,25.0,1316.37,3.91,afternoon,True,,0.455,zara.rossi737@example.com
CUS-0002463,Fatima Torres,retail_consumer,none,ZN-000101,Krakow,PL,EMEA,305 Cedar Rd,49.996968,19.875858,2025-12-07,8.0,245.24,3.9,evening,False,,0.128,fatima.torres219@example.com
CUS-0002464,Aisha Zhang,retail_consumer,bronze,ZN-000430,Manchester,GB,EMEA,330 Depot Sq,53.541208,-2.617679,2018-10-07,17.0,568.79,3.84,evening,False,,0.434,aisha.zhang866@example.com
CUS-0002465,Rahul Weber,smb,gold,ZN-000498,Bengaluru,IN,APAC,78 Central St,13.01573,77.654044,2020-01-21,57.0,2054.71,2.92,evening,True,,0.368,rahul.weber950@example.com
CUS-0002466,Yuki Brown,retail_consumer,gold,ZN-000207,Berlin,DE,EMEA,44 Market Blvd,52.590658,13.415988,2025-05-18,6.0,418.94,4.34,afternoon,False,,0.231,yuki.brown609@example.com
CUS-0002467,Marcus Kowalski,retail_consumer,silver,ZN-000367,Shanghai,CN,APAC,177 Maple St,31.260466,121.537757,2022-12-05,19.0,1473.31,4.46,evening,False,,0.069,marcus.kowalski44@example.com
CUS-0002468,Viktor Nguyen,smb,silver,ZN-000076,Sao Paulo,BR,LATAM,419 Harbour Ave,-23.546229,-46.567718,2020-10-04,21.0,1419.46,5.0,morning,True,,0.262,viktor.nguyen89@example.com
CUS-0002469,Aisha Brown,retail_consumer,silver,ZN-000136,Rome,IT,EMEA,272 Kings Way,42.038985,12.673345,2023-06-22,14.0,839.44,5.0,evening,False,,0.151,aisha.brown329@example.com
CUS-0002470,Zara Ali,smb,none,ZN-000083,Los Angeles,US,NA,324 Park Blvd,34.074258,-118.231809,2021-12-18,40.0,2420.52,4.36,any,True,,0.345,zara.ali938@example.com
CUS-0002471,Daniel Weber,public_sector,bronze,ZN-000482,Sao Paulo,BR,LATAM,153 Maple Rd,-23.618227,-46.687089,2022-03-18,15.0,652.36,4.37,morning,True,24.0,0.299,daniel.weber163@example.com
CUS-0002472,Carlos Smith,enterprise,silver,ZN-000064,Atlanta,US,NA,11 Market Rd,33.834226,-84.443367,2018-02-07,180.0,15375.93,3.87,afternoon,True,48.0,0.366,carlos.smith238@example.com
CUS-0002473,Daniel Zhang,retail_consumer,bronze,ZN-000453,Krakow,PL,EMEA,146 Industrial St,50.087711,19.986988,2021-07-04,20.0,837.44,3.85,any,False,,0.306,daniel.zhang486@example.com
CUS-0002474,Chen Muller,retail_consumer,gold,ZN-000415,Manchester,GB,EMEA,29 Warehouse St,53.47004,-2.24821,2024-01-06,11.0,1310.55,4.81,any,False,,0.504,chen.muller993@example.com
CUS-0002475,Ivan Muller,enterprise,bronze,ZN-000358,London,GB,EMEA,454 Station St,51.570398,-0.046362,2019-12-16,78.0,1079.2,4.4,morning,True,24.0,0.432,ivan.muller398@example.com
CUS-0002476,Elena Zhang,retail_consumer,none,ZN-000083,Los Angeles,US,NA,140 Oak Blvd,34.064484,-118.234354,2020-02-18,5.0,109.5,3.04,afternoon,False,,0.0,elena.zhang127@example.com
CUS-0002477,Nadia Hansen,smb,bronze,ZN-000218,Sao Paulo,BR,LATAM,214 Riverside Ave,-23.320935,-46.638609,2018-07-01,35.0,1545.81,3.92,afternoon,True,,0.181,nadia.hansen277@example.com
CUS-0002478,Priya Brown,enterprise,none,ZN-000078,Berlin,DE,EMEA,185 Oak St,52.559418,13.320501,2022-12-04,64.0,6202.18,2.98,evening,True,48.0,0.447,priya.brown372@example.com
CUS-0002479,Aisha Moreau,smb,bronze,ZN-000375,Manchester,GB,EMEA,219 Grove Way,53.508644,-2.252199,2021-06-02,34.0,2145.2,3.86,evening,True,,0.262,aisha.moreau259@example.com
CUS-0002480,Hugo Petrov,retail_consumer,gold,ZN-000487,London,GB,EMEA,254 Cedar Ave,51.57028,-0.125386,2021-02-24,3.0,214.97,3.83,evening,False,,0.459,hugo.petrov19@example.com
CUS-0002481,Carlos Sharma,smb,silver,ZN-000028,Shanghai,CN,APAC,76 Central St,31.230057,121.441864,2019-09-14,36.0,3857.21,3.63,afternoon,True,,0.076,carlos.sharma438@example.com
CUS-0002482,Isabella Weber,retail_consumer,silver,ZN-000115,Krakow,PL,EMEA,365 Central Ave,50.007331,19.956998,2019-12-19,5.0,128.67,3.84,any,False,,0.441,isabella.weber674@example.com
CUS-0002483,Grace Nakamura,retail_consumer,none,ZN-000021,Krakow,PL,EMEA,471 Victoria Blvd,50.061227,19.81945,2024-01-18,17.0,553.75,3.89,afternoon,False,,0.329,grace.nakamura509@example.com
CUS-0002484,Ivan Ivanov,retail_consumer,none,ZN-000319,Amsterdam,NL,EMEA,333 Bridge St,52.30222,4.823294,2024-10-13,6.0,217.99,3.04,any,False,,0.068,ivan.ivanov574@example.com
CUS-0002485,Lucas Kim,smb,silver,ZN-000101,Krakow,PL,EMEA,364 Grove Rd,50.002989,19.884856,2019-03-21,12.0,451.16,4.49,evening,True,,0.0,lucas.kim775@example.com
CUS-0002486,Carlos Kim,retail_consumer,none,ZN-000177,Shanghai,CN,APAC,306 Elm Rd,31.183484,121.450733,2021-04-09,28.0,2590.3,3.88,morning,False,,0.117,carlos.kim352@example.com
CUS-0002487,Mateo Dubois,enterprise,none,ZN-000170,Atlanta,US,NA,113 Union Way,33.669695,-84.326216,2018-08-28,271.0,9788.4,3.71,any,True,48.0,0.509,mateo.dubois250@example.com
CUS-0002488,Leila Bakker,smb,none,ZN-000207,Berlin,DE,EMEA,319 Pine Rd,52.631933,13.38762,2020-04-02,22.0,641.04,3.04,any,True,,0.051,leila.bakker506@example.com
CUS-0002489,Rahul Torres,smb,none,ZN-000033,Delhi,IN,APAC,51 Station Rd,28.744924,77.213713,2024-05-09,58.0,4718.01,4.96,morning,True,,0.0,rahul.torres503@example.com
CUS-0002490,Zara Silva,retail_consumer,none,ZN-000452,Delhi,IN,APAC,216 Cedar Blvd,28.800652,77.107172,2018-08-13,10.0,612.67,3.5,afternoon,False,,0.145,zara.silva833@example.com
CUS-0002491,Rahul Garcia,retail_consumer,none,ZN-000087,Osaka,JP,APAC,283 Church Ave,34.639005,135.467805,2022-10-23,3.0,185.55,4.44,afternoon,False,,0.208,rahul.garcia491@example.com
CUS-0002492,Rahul Ali,public_sector,bronze,ZN-000134,Berlin,DE,EMEA,474 Cedar Ln,52.892606,13.909271,2021-03-12,9.0,432.76,1.93,evening,True,24.0,0.118,rahul.ali546@example.com
CUS-0002493,Nadia Muller,retail_consumer,bronze,ZN-000243,Bengaluru,IN,APAC,73 Industrial Ln,12.920009,77.625693,2022-11-02,2.0,301.19,5.0,evening,False,,0.25,nadia.muller848@example.com
CUS-0002494,Leila Lindqvist,enterprise,platinum,ZN-000033,Delhi,IN,APAC,372 Riverside Sq,28.756787,77.166675,2025-03-06,54.0,4090.44,4.96,morning,True,48.0,0.373,leila.lindqvist573@example.com
CUS-0002495,Rahul Bakker,retail_consumer,bronze,ZN-000461,Krakow,PL,EMEA,466 Grove Ln,49.929801,20.368261,2022-09-11,27.0,3786.05,3.21,afternoon,False,,0.155,rahul.bakker75@example.com
CUS-0002496,Rahul Ali,retail_consumer,bronze,ZN-000101,Krakow,PL,EMEA,76 Kings St,50.032815,19.832813,2021-07-09,12.0,488.54,3.61,morning,False,,0.05,rahul.ali899@example.com
CUS-0002497,Ivan Fernandez,retail_consumer,none,ZN-000288,Amsterdam,NL,EMEA,403 Station Rd,52.356731,4.857976,2023-07-03,12.0,256.81,4.15,evening,False,,0.177,ivan.fernandez717@example.com
CUS-0002498,Maria Kim,smb,none,ZN-000054,Osaka,JP,APAC,401 Riverside Ln,34.675049,135.392931,2021-09-09,52.0,2833.14,1.88,afternoon,True,,0.035,maria.kim142@example.com
CUS-0002499,Leila Fernandez,retail_consumer,none,ZN-000294,Berlin,DE,EMEA,392 Industrial Ln,52.038151,12.858817,2022-02-12,4.0,219.06,4.58,any,False,,0.323,leila.fernandez494@example.com
CUS-0002500,Peter Novak,marketplace_seller,none,ZN-000320,Stockholm,SE,EMEA,187 Kings Rd,59.301794,18.210771,2020-11-27,31.0,706.93,5.0,afternoon,False,,0.305,peter.novak795@example.com
CUS-0002501,Chen Rossi,smb,none,ZN-000138,Jakarta,ID,APAC,92 Industrial Dr,-6.219176,106.936658,2025-03-07,29.0,8579.94,4.58,afternoon,True,,0.431,chen.rossi507@example.com
CUS-0002502,Marcus Garcia,retail_consumer,platinum,ZN-000421,Shanghai,CN,APAC,475 Industrial St,31.187275,121.43923,2023-08-26,4.0,85.72,3.21,evening,False,,0.523,marcus.garcia369@example.com
CUS-0002503,Lucas Costa,retail_consumer,none,ZN-000122,Berlin,DE,EMEA,40 Elm Ave,52.495468,13.246766,2020-08-09,16.0,1355.3,4.59,any,False,,0.509,lucas.costa72@example.com
CUS-0002504,Leila Muller,retail_consumer,silver,ZN-000166,Rome,IT,EMEA,113 Station Ln,41.829232,12.515612,2021-06-19,4.0,241.47,3.94,afternoon,False,,0.15,leila.muller506@example.com
CUS-0002505,Isabella Torres,retail_consumer,platinum,ZN-000049,Stockholm,SE,EMEA,397 Market Way,59.274834,18.170745,2023-11-26,10.0,617.74,4.22,evening,False,,0.386,isabella.torres289@example.com
CUS-0002506,Carlos Brown,smb,bronze,ZN-000097,Atlanta,US,NA,218 Victoria Ave,33.798168,-84.476743,2022-02-25,15.0,2526.7,4.04,any,True,,0.488,carlos.brown534@example.com
CUS-0002507,Leila Novak,retail_consumer,none,ZN-000015,Osaka,JP,APAC,120 Industrial Ave,34.662717,135.505899,2020-04-01,14.0,811.37,4.44,evening,False,,0.318,leila.novak403@example.com
CUS-0002508,Peter Weber,retail_consumer,gold,ZN-000001,Manchester,GB,EMEA,348 Central Dr,53.38544,-2.321733,2025-02-08,18.0,1250.21,3.42,evening,False,,0.473,peter.weber31@example.com
CUS-0002509,Amara Okafor,retail_consumer,gold,ZN-000225,London,GB,EMEA,381 Industrial Sq,51.546417,-0.170964,2019-01-03,18.0,1275.06,4.21,evening,False,,0.393,amara.okafor217@example.com
CUS-0002510,Alex Nakamura,retail_consumer,none,ZN-000024,Los Angeles,US,NA,81 Maple Ln,33.957721,-118.250728,2021-06-03,12.0,381.14,2.77,afternoon,False,,0.274,alex.nakamura343@example.com
CUS-0002511,Alex Smith,retail_consumer,silver,ZN-000214,Berlin,DE,EMEA,405 Victoria Ave,52.612991,13.420604,2019-02-25,31.0,4746.51,3.47,any,False,,0.503,alex.smith641@example.com
CUS-0002512,Fatima Hansen,smb,silver,ZN-000320,Stockholm,SE,EMEA,260 Harbour Way,59.30935,18.287992,2018-01-15,17.0,408.86,4.7,evening,True,,0.144,fatima.hansen705@example.com
CUS-0002513,Nadia Kowalski,marketplace_seller,bronze,ZN-000266,London,GB,EMEA,127 Kings Blvd,51.452692,-0.237633,2021-10-30,11.0,207.59,4.2,afternoon,False,,0.0,nadia.kowalski210@example.com
CUS-0002514,Chen Nguyen,marketplace_seller,none,ZN-000377,Bengaluru,IN,APAC,270 Kings Sq,12.999048,77.667814,2023-04-03,17.0,1484.38,4.73,any,False,,0.0,chen.nguyen943@example.com
CUS-0002515,Freya Torres,marketplace_seller,bronze,ZN-000116,Delhi,IN,APAC,66 Market Dr,28.681902,77.160544,2021-10-23,21.0,876.48,5.0,any,False,,0.258,freya.torres963@example.com
CUS-0002516,Nadia Smith,marketplace_seller,silver,ZN-000349,London,GB,EMEA,67 Pine Dr,51.454372,-0.162885,2018-01-18,6.0,319.84,3.95,evening,False,,0.117,nadia.smith49@example.com
CUS-0002517,Ivan Silva,marketplace_seller,none,ZN-000016,Rome,IT,EMEA,185 Church Dr,41.87156,12.442512,2022-12-15,23.0,1692.95,3.81,evening,False,,0.154,ivan.silva18@example.com
CUS-0002518,Tomas Nguyen,enterprise,silver,ZN-000489,Manchester,GB,EMEA,123 Grove Way,53.572569,-2.270758,2024-08-14,202.0,5727.93,2.74,afternoon,True,12.0,0.341,tomas.nguyen214@example.com
CUS-0002519,Diego Ali,retail_consumer,silver,ZN-000063,London,GB,EMEA,60 Pine Dr,51.609837,-0.145541,2023-11-19,22.0,1005.26,4.32,any,False,,0.249,diego.ali576@example.com
CUS-0002520,Fatima Kim,smb,none,ZN-000408,Osaka,JP,APAC,21 Harbour Rd,34.661104,135.589591,2023-06-17,10.0,347.22,4.12,afternoon,True,,0.0,fatima.kim326@example.com
CUS-0002521,Fatima Okafor,retail_consumer,bronze,ZN-000391,Stockholm,SE,EMEA,78 Grove Blvd,59.326932,17.771002,2018-08-31,48.0,972.32,4.08,afternoon,False,,0.211,fatima.okafor526@example.com
CUS-0002522,Rahul Zhang,retail_consumer,none,ZN-000155,Berlin,DE,EMEA,296 Victoria Ave,52.525864,13.456582,2021-01-26,9.0,360.47,4.87,evening,False,,0.384,rahul.zhang319@example.com
CUS-0002523,Amara Silva,smb,none,ZN-000412,Osaka,JP,APAC,290 Cedar Sq,34.67941,135.452456,2024-11-21,57.0,3234.41,3.45,afternoon,True,,0.171,amara.silva833@example.com
CUS-0002524,Alex Nakamura,retail_consumer,bronze,ZN-000093,Sao Paulo,BR,LATAM,214 Victoria Rd,-23.57274,-46.572312,2021-12-05,6.0,493.42,3.52,afternoon,False,,0.29,alex.nakamura121@example.com
CUS-0002525,Sofia Yilmaz,smb,none,ZN-000299,Stockholm,SE,EMEA,171 Harbour Rd,59.334911,17.913488,2019-09-27,56.0,2545.4,4.49,afternoon,True,,0.334,sofia.yilmaz108@example.com
CUS-0002526,Chen Nakamura,retail_consumer,platinum,ZN-000432,Atlanta,US,NA,189 Church Blvd,33.795933,-84.318118,2023-12-22,3.0,48.12,4.78,evening,False,,0.298,chen.nakamura856@example.com
CUS-0002527,Hugo Bakker,retail_consumer,bronze,ZN-000372,Shanghai,CN,APAC,260 Union Ln,31.283919,121.456791,2020-10-11,7.0,1479.98,4.25,evening,False,,0.135,hugo.bakker9@example.com
CUS-0002528,Nadia Dubois,smb,gold,ZN-000436,Mexico City,MX,LATAM,429 Maple St,19.806288,-98.75523,2021-03-09,7.0,199.57,4.32,morning,True,,0.164,nadia.dubois34@example.com
CUS-0002529,Freya Bakker,smb,none,ZN-000193,London,GB,EMEA,175 Market Way,51.510426,-0.068063,2018-05-17,9.0,1755.44,3.23,evening,True,,0.558,freya.bakker337@example.com
CUS-0002530,Leila Weber,retail_consumer,silver,ZN-000287,Stockholm,SE,EMEA,211 Station Sq,59.396304,17.931982,2018-01-21,3.0,99.7,3.89,morning,False,,0.081,leila.weber764@example.com
CUS-0002531,Jun Novak,retail_consumer,none,ZN-000132,Krakow,PL,EMEA,131 Harbour Ln,49.944923,19.690823,2022-09-05,4.0,181.97,4.07,any,False,,0.377,jun.novak802@example.com
CUS-0002532,Nadia Zhang,enterprise,none,ZN-000021,Krakow,PL,EMEA,468 Pine Ave,50.05181,19.784192,2018-06-06,251.0,17166.34,3.87,evening,True,48.0,0.38,nadia.zhang746@example.com
CUS-0002533,Maria Fernandez,retail_consumer,none,ZN-000406,Manchester,GB,EMEA,58 Elm St,53.55001,-2.243006,2021-08-02,15.0,728.97,5.0,afternoon,False,,0.293,maria.fernandez988@example.com
CUS-0002534,Elena Torres,enterprise,bronze,ZN-000378,Manchester,GB,EMEA,326 Industrial Blvd,52.934139,-1.932104,2018-12-11,233.0,14374.31,3.79,afternoon,True,24.0,0.111,elena.torres403@example.com
CUS-0002535,Diego Costa,smb,none,ZN-000388,Atlanta,US,NA,252 Pine Blvd,33.586299,-84.464906,2024-09-10,19.0,589.64,3.42,evening,True,,0.335,diego.costa716@example.com
CUS-0002536,Hugo Petrov,public_sector,bronze,ZN-000473,London,GB,EMEA,211 Harbour Way,51.431724,-0.079162,2020-07-01,6.0,256.06,3.29,evening,True,24.0,0.547,hugo.petrov533@example.com
CUS-0002537,Viktor Moreau,enterprise,gold,ZN-000076,Sao Paulo,BR,LATAM,445 Kings Rd,-23.521244,-46.60874,2024-04-30,253.0,22892.41,3.69,morning,True,48.0,0.37,viktor.moreau37@example.com
CUS-0002538,Omar Nguyen,smb,none,ZN-000474,Delhi,IN,APAC,206 Grove Ave,28.649514,77.090031,2020-06-28,29.0,2268.96,4.72,evening,True,,0.456,omar.nguyen814@example.com
CUS-0002539,Yuki Dubois,retail_consumer,platinum,ZN-000171,London,GB,EMEA,232 Grove Ln,51.919687,-0.376234,2021-12-19,12.0,840.01,4.18,morning,False,,0.207,yuki.dubois636@example.com
CUS-0002540,Tomas Moreau,retail_consumer,silver,ZN-000051,Krakow,PL,EMEA,329 Riverside Way,50.027351,19.994003,2020-07-28,8.0,1871.06,4.39,any,False,,0.121,tomas.moreau43@example.com
CUS-0002541,Elena Bakker,retail_consumer,none,ZN-000124,London,GB,EMEA,41 Harbour St,51.493831,-0.032505,2024-04-24,3.0,52.48,3.14,morning,False,,0.439,elena.bakker155@example.com
CUS-0002542,Viktor Smith,retail_consumer,silver,ZN-000087,Osaka,JP,APAC,268 Grove Blvd,34.625526,135.460739,2023-09-23,11.0,643.06,3.15,any,False,,0.05,viktor.smith592@example.com
CUS-0002543,Omar Yilmaz,smb,bronze,ZN-000054,Osaka,JP,APAC,49 Church St,34.664432,135.442922,2019-10-02,47.0,5726.79,3.13,evening,True,,0.297,omar.yilmaz204@example.com
CUS-0002544,Isabella Rahman,retail_consumer,none,ZN-000243,Bengaluru,IN,APAC,310 Elm Dr,12.911549,77.659165,2023-12-12,27.0,2465.18,2.7,any,False,,0.411,isabella.rahman988@example.com
CUS-0002545,Chen Silva,smb,none,ZN-000145,London,GB,EMEA,208 Market Sq,51.498595,-0.097278,2021-12-10,11.0,1031.74,3.9,any,True,,0.163,chen.silva342@example.com
CUS-0002546,Diego Moreau,smb,bronze,ZN-000247,Berlin,DE,EMEA,363 Union Ln,52.561056,13.544671,2023-02-28,36.0,1981.37,4.25,evening,True,,0.153,diego.moreau30@example.com
CUS-0002547,Nikolai Okafor,smb,none,ZN-000398,Rome,IT,EMEA,450 Oak St,41.979937,12.477492,2019-11-23,11.0,243.67,4.16,afternoon,True,,0.292,nikolai.okafor837@example.com
CUS-0002548,Omar Lindqvist,retail_consumer,silver,ZN-000277,Jakarta,ID,APAC,213 Harbour Sq,-6.221798,106.7334,2018-05-30,13.0,510.08,3.52,evening,False,,0.541,omar.lindqvist763@example.com
CUS-0002549,Lucas Fernandez,retail_consumer,platinum,ZN-000152,Atlanta,US,NA,378 Kings Sq,34.298009,-84.148462,2023-10-12,6.0,446.88,2.89,evening,False,,0.047,lucas.fernandez602@example.com
CUS-0002550,Peter Torres,retail_consumer,bronze,ZN-000395,London,GB,EMEA,211 Depot Dr,51.583533,-0.177527,2021-04-20,7.0,1564.04,3.86,evening,False,,0.337,peter.torres720@example.com
CUS-0002551,Diego Sharma,retail_consumer,platinum,ZN-000468,Krakow,PL,EMEA,223 Harbour St,49.986003,19.926858,2018-03-12,2.0,66.6,3.06,evening,False,,0.243,diego.sharma58@example.com
CUS-0002552,Freya Novak,retail_consumer,none,ZN-000391,Stockholm,SE,EMEA,251 Market Way,59.313589,17.795408,2019-05-31,17.0,710.74,4.49,any,False,,0.205,freya.novak436@example.com
CUS-0002553,Anna Moreau,retail_consumer,bronze,ZN-000304,Rome,IT,EMEA,326 Harbour St,41.93638,12.555225,2020-09-04,48.0,5838.63,4.11,afternoon,False,,0.0,anna.moreau213@example.com
CUS-0002554,Fatima Sharma,smb,none,ZN-000236,Bengaluru,IN,APAC,125 Central Ln,13.07206,77.606132,2022-07-02,31.0,2694.84,4.6,evening,True,,0.003,fatima.sharma202@example.com
CUS-0002555,Yuki Ali,marketplace_seller,silver,ZN-000328,Manchester,GB,EMEA,70 Oak Blvd,53.579264,-2.224682,2019-02-17,57.0,1675.65,3.57,any,False,,0.152,yuki.ali884@example.com
CUS-0002556,Rahul Zhang,retail_consumer,none,ZN-000378,Manchester,GB,EMEA,260 Central Dr,52.953268,-1.962259,2022-07-14,13.0,1056.59,2.79,evening,False,,0.451,rahul.zhang557@example.com
CUS-0002557,Sofia Weber,retail_consumer,none,ZN-000327,Los Angeles,US,NA,175 Pine Dr,34.05539,-118.153098,2022-09-20,4.0,168.06,4.88,afternoon,False,,0.112,sofia.weber500@example.com
CUS-0002558,Anna Smith,retail_consumer,none,ZN-000044,Krakow,PL,EMEA,294 Oak Dr,50.156784,19.839155,2022-11-29,6.0,476.28,5.0,evening,False,,0.529,anna.smith472@example.com
CUS-0002559,Priya Dubois,smb,bronze,ZN-000253,Krakow,PL,EMEA,271 Bridge St,50.147962,19.972169,2019-04-20,11.0,562.95,2.91,evening,True,,0.0,priya.dubois978@example.com
CUS-0002560,Carlos Ivanov,smb,none,ZN-000251,Jakarta,ID,APAC,313 Harbour Ln,-6.316175,106.845473,2021-10-11,9.0,157.06,4.2,evening,True,,0.034,carlos.ivanov263@example.com
CUS-0002561,Lucas Nakamura,marketplace_seller,none,ZN-000453,Krakow,PL,EMEA,340 Oak Ln,50.081497,19.959048,2023-01-19,11.0,753.34,3.16,evening,False,,0.577,lucas.nakamura648@example.com
CUS-0002562,Amara Zhang,retail_consumer,none,ZN-000344,Bengaluru,IN,APAC,323 Park Dr,13.037345,77.653986,2024-03-04,87.0,6046.74,3.87,any,False,,0.243,amara.zhang732@example.com
CUS-0002563,Diego Zhang,retail_consumer,bronze,ZN-000319,Amsterdam,NL,EMEA,464 Station Dr,52.31079,4.807553,2024-01-05,34.0,938.19,4.09,evening,False,,0.343,diego.zhang728@example.com
CUS-0002564,Nikolai Hansen,retail_consumer,gold,ZN-000168,Krakow,PL,EMEA,332 Oak Sq,49.869876,19.81402,2025-09-23,6.0,331.66,4.26,morning,False,,0.116,nikolai.hansen816@example.com
CUS-0002565,Marcus Sharma,retail_consumer,gold,ZN-000031,Rome,IT,EMEA,388 Union Dr,41.777896,11.95194,2022-03-01,17.0,338.26,3.43,any,False,,0.362,marcus.sharma567@example.com
CUS-0002566,Carlos Nakamura,retail_consumer,none,ZN-000499,Delhi,IN,APAC,438 Church Ln,28.755364,77.101633,2024-12-16,30.0,3123.74,5.0,morning,False,,0.101,carlos.nakamura671@example.com
CUS-0002567,Nikolai Garcia,retail_consumer,gold,ZN-000040,Stockholm,SE,EMEA,435 Depot Sq,59.319577,18.055628,2021-08-18,10.0,514.97,4.41,any,False,,0.225,nikolai.garcia283@example.com
CUS-0002568,Peter Muller,retail_consumer,none,ZN-000030,Krakow,PL,EMEA,390 Central Ave,49.968506,20.018125,2024-08-19,11.0,498.14,3.72,afternoon,False,,0.614,peter.muller865@example.com
CUS-0002569,Carlos Sharma,retail_consumer,bronze,ZN-000027,Krakow,PL,EMEA,267 Pine Way,50.037135,19.987053,2022-04-15,38.0,1638.9,4.0,evening,False,,0.351,carlos.sharma250@example.com
CUS-0002570,Marcus Costa,retail_consumer,silver,ZN-000228,Krakow,PL,EMEA,388 Victoria Dr,50.168204,20.179002,2025-01-01,4.0,277.99,3.85,morning,False,,0.0,marcus.costa480@example.com
CUS-0002571,Marcus Rahman,enterprise,platinum,ZN-000138,Jakarta,ID,APAC,319 Market Way,-6.229275,106.954528,2019-11-13,473.0,20375.82,3.92,morning,True,48.0,0.347,marcus.rahman379@example.com
CUS-0002572,Mateo Ali,retail_consumer,none,ZN-000150,Rome,IT,EMEA,128 Kings Blvd,42.006233,12.570419,2021-01-05,5.0,125.49,4.36,afternoon,False,,0.217,mateo.ali720@example.com
CUS-0002573,Daniel Zhang,smb,none,ZN-000266,London,GB,EMEA,463 Oak Ave,51.481036,-0.216956,2025-03-27,37.0,2931.15,4.42,evening,True,,0.367,daniel.zhang872@example.com
CUS-0002574,Rahul Kowalski,retail_consumer,none,ZN-000336,London,GB,EMEA,444 Industrial Ln,51.560592,-0.066509,2020-05-13,9.0,194.88,3.81,any,False,,0.309,rahul.kowalski944@example.com
CUS-0002575,Zara Yilmaz,retail_consumer,none,ZN-000322,London,GB,EMEA,195 Maple Ave,51.462291,-0.057843,2025-01-28,54.0,4787.49,4.13,evening,False,,0.303,zara.yilmaz469@example.com
CUS-0002576,Freya Costa,retail_consumer,platinum,ZN-000332,Delhi,IN,APAC,380 Industrial Ave,28.748415,77.03693,2022-04-20,15.0,335.29,3.77,morning,False,,0.379,freya.costa881@example.com
CUS-0002577,Marcus Petrov,smb,platinum,ZN-000273,Rome,IT,EMEA,389 Park Way,41.962835,12.538542,2018-03-22,18.0,2401.92,4.13,any,True,,0.182,marcus.petrov32@example.com
CUS-0002578,Isabella Sharma,retail_consumer,none,ZN-000478,Los Angeles,US,NA,222 Cedar Ave,33.910693,-118.029765,2019-10-07,15.0,638.62,4.24,evening,False,,0.403,isabella.sharma276@example.com
CUS-0002579,Viktor Garcia,marketplace_seller,none,ZN-000269,Mexico City,MX,LATAM,449 Kings Ln,19.490306,-99.084663,2020-06-07,3.0,82.69,4.61,morning,False,,0.0,viktor.garcia586@example.com
CUS-0002580,Peter Moreau,smb,silver,ZN-000303,Rome,IT,EMEA,166 Oak Dr,41.99928,12.477911,2025-04-21,9.0,337.2,4.3,morning,True,,0.0,peter.moreau92@example.com
CUS-0002581,Carlos Zhang,retail_consumer,bronze,ZN-000202,Krakow,PL,EMEA,67 Park Blvd,50.065626,19.903559,2022-09-10,5.0,511.36,3.44,afternoon,False,,0.34,carlos.zhang59@example.com
CUS-0002582,Amara Torres,public_sector,none,ZN-000480,Rome,IT,EMEA,367 Harbour Sq,41.830336,12.466853,2020-02-24,3.0,56.29,3.17,morning,True,48.0,0.355,amara.torres821@example.com
CUS-0002583,Leila Hansen,enterprise,silver,ZN-000395,London,GB,EMEA,225 Central Ln,51.583878,-0.210884,2023-07-17,277.0,8059.78,3.88,morning,True,48.0,0.311,leila.hansen439@example.com
CUS-0002584,Zara Ivanov,enterprise,none,ZN-000489,Manchester,GB,EMEA,445 Depot Blvd,53.532294,-2.259287,2019-05-16,118.0,12914.84,4.62,evening,True,12.0,0.439,zara.ivanov580@example.com
CUS-0002585,Marcus Hansen,retail_consumer,none,ZN-000304,Rome,IT,EMEA,156 Elm Blvd,41.942975,12.551533,2023-09-07,7.0,243.17,4.94,any,False,,0.133,marcus.hansen911@example.com
CUS-0002586,Anna Yilmaz,retail_consumer,none,ZN-000360,Delhi,IN,APAC,349 Bridge Way,28.655063,77.077983,2019-03-04,7.0,209.48,5.0,afternoon,False,,0.133,anna.yilmaz608@example.com
CUS-0002587,Marcus Zhang,retail_consumer,silver,ZN-000399,Atlanta,US,NA,122 Union Dr,33.495881,-84.222151,2025-10-25,6.0,896.29,2.92,evening,False,,0.333,marcus.zhang772@example.com
CUS-0002588,Diego Rahman,smb,gold,ZN-000241,London,GB,EMEA,163 Church Ln,51.449515,-0.044795,2022-09-22,14.0,592.1,3.05,any,True,,0.339,diego.rahman677@example.com
CUS-0002589,Hugo Dubois,public_sector,none,ZN-000221,Atlanta,US,NA,474 Pine Dr,33.741434,-84.467115,2021-04-14,11.0,706.93,3.76,evening,True,12.0,0.211,hugo.dubois705@example.com
CUS-0002590,Priya Ivanov,retail_consumer,silver,ZN-000146,London,GB,EMEA,66 Bridge Way,51.58394,-0.190811,2025-10-19,38.0,1336.02,4.27,evening,False,,0.509,priya.ivanov91@example.com
CUS-0002591,Jun Fernandez,enterprise,bronze,ZN-000361,Delhi,IN,APAC,290 Pine St,28.688398,77.043898,2018-04-04,370.0,19319.09,4.61,afternoon,True,48.0,0.445,jun.fernandez839@example.com
CUS-0002592,Priya Smith,retail_consumer,silver,ZN-000384,Delhi,IN,APAC,464 Riverside Blvd,28.770884,77.092071,2024-12-23,7.0,663.78,3.72,any,False,,0.232,priya.smith959@example.com
CUS-0002593,Omar Smith,public_sector,none,ZN-000167,Shanghai,CN,APAC,195 Pine Ln,31.168839,121.478955,2025-07-22,9.0,371.43,3.21,evening,True,12.0,0.0,omar.smith6@example.com
CUS-0002594,Hugo Yilmaz,smb,bronze,ZN-000406,Manchester,GB,EMEA,344 Pine Blvd,53.507075,-2.246423,2024-09-04,11.0,444.13,4.4,morning,True,,0.007,hugo.yilmaz962@example.com
CUS-0002595,Nadia Smith,retail_consumer,bronze,ZN-000202,Krakow,PL,EMEA,237 Riverside St,50.093574,19.962516,2022-07-16,7.0,395.73,4.45,any,False,,0.044,nadia.smith687@example.com
CUS-0002596,Freya Costa,retail_consumer,platinum,ZN-000367,Shanghai,CN,APAC,394 Kings St,31.232634,121.575689,2020-03-23,9.0,415.39,5.0,any,False,,0.179,freya.costa20@example.com
CUS-0002597,Jun Rossi,retail_consumer,platinum,ZN-000297,Krakow,PL,EMEA,35 Victoria Sq,50.068754,20.003965,2020-08-18,13.0,304.22,5.0,evening,False,,0.056,jun.rossi664@example.com
CUS-0002598,Peter Yilmaz,smb,silver,ZN-000137,Krakow,PL,EMEA,41 Bridge Ln,50.059453,19.821864,2024-04-30,25.0,872.5,4.59,evening,True,,0.17,peter.yilmaz565@example.com
CUS-0002599,Isabella Muller,retail_consumer,gold,ZN-000087,Osaka,JP,APAC,399 Riverside Rd,34.639392,135.427522,2020-12-18,10.0,4846.91,5.0,any,False,,0.444,isabella.muller644@example.com
CUS-0002600,Omar Muller,retail_consumer,silver,ZN-000488,Rome,IT,EMEA,290 Bridge Way,41.670492,12.602149,2020-12-07,3.0,71.03,3.05,morning,False,,0.012,omar.muller692@example.com
CUS-0002601,Leila Muller,retail_consumer,gold,ZN-000154,Rome,IT,EMEA,407 Station Blvd,41.955257,12.470788,2018-12-30,12.0,851.35,5.0,afternoon,False,,0.44,leila.muller358@example.com
CUS-0002602,Tomas Muller,retail_consumer,silver,ZN-000247,Berlin,DE,EMEA,392 Central St,52.565856,13.555031,2025-07-18,16.0,490.17,2.75,morning,False,,0.168,tomas.muller256@example.com
CUS-0002603,Rahul Muller,smb,none,ZN-000057,Jakarta,ID,APAC,416 Elm Ln,-6.293692,106.619755,2023-09-23,11.0,509.0,2.93,evening,True,,0.079,rahul.muller785@example.com
CUS-0002604,Freya Ivanov,retail_consumer,none,ZN-000249,London,GB,EMEA,110 Central Rd,51.514841,0.023468,2025-09-26,17.0,2717.69,3.63,any,False,,0.599,freya.ivanov455@example.com
CUS-0002605,Elena Fernandez,retail_consumer,bronze,ZN-000420,Krakow,PL,EMEA,290 Elm Ln,50.101992,20.034935,2020-05-21,17.0,3083.12,4.66,any,False,,0.303,elena.fernandez505@example.com
CUS-0002606,Yuki Bakker,retail_consumer,none,ZN-000228,Krakow,PL,EMEA,326 Warehouse Ave,50.171896,20.181804,2021-09-10,8.0,182.24,3.48,evening,False,,0.128,yuki.bakker586@example.com
CUS-0002607,Alex Nguyen,enterprise,bronze,ZN-000161,Delhi,IN,APAC,38 Bridge Way,28.734473,77.173932,2022-01-23,83.0,3873.37,3.49,any,True,24.0,0.085,alex.nguyen662@example.com
CUS-0002608,Fatima Costa,retail_consumer,gold,ZN-000188,Manchester,GB,EMEA,190 Park Ave,53.463211,-2.516242,2025-09-09,9.0,422.46,4.22,any,False,,0.22,fatima.costa301@example.com
CUS-0002609,Yuki Garcia,enterprise,none,ZN-000075,Krakow,PL,EMEA,345 Maple Way,50.065032,19.864733,2022-08-18,166.0,10058.89,5.0,evening,True,48.0,0.221,yuki.garcia72@example.com
CUS-0002610,Alex Smith,retail_consumer,gold,ZN-000016,Rome,IT,EMEA,467 Industrial Ln,41.833161,12.460102,2019-06-01,4.0,137.13,3.79,any,False,,0.307,alex.smith930@example.com
CUS-0002611,Fatima Ivanov,smb,none,ZN-000480,Rome,IT,EMEA,190 Central Blvd,41.833653,12.480374,2022-06-05,36.0,1350.43,2.93,afternoon,True,,0.042,fatima.ivanov556@example.com
CUS-0002612,Chen Lindqvist,retail_consumer,none,ZN-000250,Krakow,PL,EMEA,74 Victoria Blvd,50.199849,20.210066,2021-05-12,21.0,738.82,3.09,afternoon,False,,0.5,chen.lindqvist209@example.com
CUS-0002613,Lucas Novak,retail_consumer,none,ZN-000214,Berlin,DE,EMEA,379 Kings Ln,52.600901,13.386538,2019-07-27,29.0,869.62,4.14,evening,False,,0.26,lucas.novak120@example.com
CUS-0002614,Maria Hansen,retail_consumer,none,ZN-000353,London,GB,EMEA,151 Grove Blvd,51.468287,-0.166753,2021-09-20,5.0,147.84,4.71,morning,False,,0.391,maria.hansen401@example.com
CUS-0002615,Nadia Rahman,enterprise,none,ZN-000433,Bengaluru,IN,APAC,437 Church St,12.968891,77.540419,2020-08-12,211.0,25412.41,3.71,any,True,12.0,0.249,nadia.rahman217@example.com
CUS-0002616,Zara Fernandez,retail_consumer,bronze,ZN-000014,Delhi,IN,APAC,394 Kings Way,28.780229,77.107244,2023-12-27,7.0,353.45,4.05,any,False,,0.063,zara.fernandez814@example.com
CUS-0002617,Lucas Brown,smb,bronze,ZN-000131,Amsterdam,NL,EMEA,308 Victoria Sq,52.29521,4.991969,2023-12-04,20.0,828.9,4.33,evening,True,,0.313,lucas.brown512@example.com
CUS-0002618,Freya Costa,retail_consumer,none,ZN-000243,Bengaluru,IN,APAC,115 Park St,12.897113,77.658592,2022-01-31,5.0,343.66,3.45,evening,False,,0.394,freya.costa497@example.com
CUS-0002619,Marcus Rossi,public_sector,none,ZN-000360,Delhi,IN,APAC,289 Cedar St,28.64911,77.05921,2018-08-21,3.0,100.75,3.83,any,True,48.0,0.278,marcus.rossi438@example.com
CUS-0002620,Maria Fernandez,retail_consumer,none,ZN-000255,Los Angeles,US,NA,205 Warehouse Dr,34.069073,-118.187283,2023-08-29,7.0,496.86,3.17,afternoon,False,,0.653,maria.fernandez990@example.com
CUS-0002621,Viktor Rossi,retail_consumer,none,ZN-000060,Delhi,IN,APAC,375 Industrial Way,28.649637,77.096837,2021-01-26,4.0,126.0,2.71,evening,False,,0.242,viktor.rossi140@example.com
CUS-0002622,Isabella Brown,marketplace_seller,bronze,ZN-000324,Rome,IT,EMEA,97 Industrial Ln,41.954466,12.622423,2023-09-20,39.0,819.82,4.19,evening,False,,0.094,isabella.brown754@example.com
CUS-0002623,Rahul Sharma,enterprise,platinum,ZN-000320,Stockholm,SE,EMEA,212 Pine Ln,59.294824,18.243399,2018-11-29,300.0,52001.94,3.33,afternoon,True,48.0,0.0,rahul.sharma818@example.com
CUS-0002624,Zara Muller,retail_consumer,none,ZN-000318,Shanghai,CN,APAC,342 Union Sq,31.130097,121.483903,2020-05-29,20.0,1179.24,4.31,any,False,,0.268,zara.muller458@example.com
CUS-0002625,Ivan Costa,enterprise,gold,ZN-000441,Mexico City,MX,LATAM,101 Warehouse Rd,19.516488,-99.13052,2023-04-27,276.0,10571.27,3.33,evening,True,24.0,0.253,ivan.costa149@example.com
CUS-0002626,Maria Petrov,marketplace_seller,gold,ZN-000441,Mexico City,MX,LATAM,345 Elm Way,19.51415,-99.145142,2019-02-09,2.0,241.84,4.12,any,False,,0.159,maria.petrov521@example.com
CUS-0002627,Fatima Petrov,smb,bronze,ZN-000447,Amsterdam,NL,EMEA,443 Station Way,52.465467,4.968908,2023-03-15,11.0,494.71,5.0,evening,True,,0.16,fatima.petrov740@example.com
CUS-0002628,Maria Yilmaz,retail_consumer,bronze,ZN-000312,Delhi,IN,APAC,324 Cedar St,28.734614,77.057857,2021-09-09,43.0,1746.46,4.57,evening,False,,0.7,maria.yilmaz718@example.com
CUS-0002629,Jun Nguyen,retail_consumer,none,ZN-000496,Osaka,JP,APAC,132 Bridge St,34.620863,135.469883,2023-04-03,15.0,712.02,3.43,evening,False,,0.331,jun.nguyen542@example.com
CUS-0002630,Isabella Kowalski,retail_consumer,bronze,ZN-000359,Jakarta,ID,APAC,421 Central Ln,-6.172825,106.909291,2018-02-24,14.0,304.84,4.91,afternoon,False,,0.214,isabella.kowalski189@example.com
CUS-0002631,Fatima Ali,retail_consumer,bronze,ZN-000344,Bengaluru,IN,APAC,11 Riverside Sq,13.0243,77.624495,2023-03-08,7.0,358.72,4.41,afternoon,False,,0.402,fatima.ali968@example.com
CUS-0002632,Priya Kim,smb,none,ZN-000113,Amsterdam,NL,EMEA,102 Maple St,52.325718,4.819025,2024-07-23,33.0,2508.54,3.88,evening,True,,0.29,priya.kim831@example.com
CUS-0002633,Jun Ivanov,smb,none,ZN-000487,London,GB,EMEA,253 Harbour Way,51.594562,-0.15436,2024-04-20,22.0,1128.38,3.9,any,True,,0.312,jun.ivanov861@example.com
CUS-0002634,Daniel Zhang,enterprise,silver,ZN-000374,Delhi,IN,APAC,474 Industrial Blvd,28.710366,77.055169,2018-10-03,49.0,2894.72,5.0,any,True,48.0,0.079,daniel.zhang622@example.com
CUS-0002635,Ivan Ivanov,retail_consumer,none,ZN-000440,Rome,IT,EMEA,312 Maple Rd,41.893221,12.399416,2020-10-11,11.0,277.45,4.86,any,False,,0.54,ivan.ivanov973@example.com
CUS-0002636,Hugo Torres,smb,bronze,ZN-000088,Shanghai,CN,APAC,329 Elm Ave,31.191919,121.551781,2021-03-28,20.0,1207.8,5.0,morning,True,,0.011,hugo.torres238@example.com
CUS-0002637,Viktor Muller,smb,platinum,ZN-000232,Manchester,GB,EMEA,471 Depot Blvd,53.411923,-2.364768,2022-10-31,15.0,5239.28,4.78,any,True,,0.001,viktor.muller188@example.com
CUS-0002638,Peter Sharma,enterprise,gold,ZN-000128,Shanghai,CN,APAC,353 Pine St,31.290762,121.440533,2019-02-21,318.0,26782.6,4.68,any,True,48.0,0.307,peter.sharma513@example.com
CUS-0002639,Freya Bakker,retail_consumer,gold,ZN-000216,Stockholm,SE,EMEA,20 Station Way,59.212237,17.882277,2023-05-16,13.0,281.51,4.16,afternoon,False,,0.251,freya.bakker203@example.com
CUS-0002640,Viktor Kowalski,retail_consumer,none,ZN-000241,London,GB,EMEA,39 Union St,51.467668,-0.018284,2018-11-18,17.0,673.64,3.61,evening,False,,0.318,viktor.kowalski151@example.com
CUS-0002641,Carlos Fernandez,retail_consumer,silver,ZN-000019,Krakow,PL,EMEA,316 Kings Dr,50.040821,19.962953,2020-06-05,18.0,1417.17,4.27,afternoon,False,,0.061,carlos.fernandez961@example.com
CUS-0002642,Sofia Weber,smb,gold,ZN-000381,Manchester,GB,EMEA,266 Warehouse Ln,53.540844,-2.151767,2018-12-01,11.0,791.13,4.31,any,True,,0.269,sofia.weber900@example.com
CUS-0002643,Ivan Moreau,retail_consumer,gold,ZN-000312,Delhi,IN,APAC,296 Riverside Sq,28.754296,77.054426,2018-09-15,9.0,1202.81,4.62,any,False,,0.525,ivan.moreau449@example.com
CUS-0002644,Marcus Sharma,smb,gold,ZN-000466,Los Angeles,US,NA,142 Park Ave,33.962881,-118.196314,2020-06-28,13.0,626.5,3.45,morning,True,,0.265,marcus.sharma68@example.com
CUS-0002645,Lucas Torres,retail_consumer,silver,ZN-000330,Rome,IT,EMEA,268 Bridge Blvd,41.901846,12.419053,2019-01-30,3.0,305.87,3.97,morning,False,,0.502,lucas.torres351@example.com
CUS-0002646,Marcus Weber,smb,none,ZN-000371,Amsterdam,NL,EMEA,44 Pine Dr,52.304301,4.928565,2019-04-06,47.0,2624.07,3.39,afternoon,True,,0.25,marcus.weber128@example.com
CUS-0002647,Aisha Dubois,retail_consumer,none,ZN-000211,Osaka,JP,APAC,213 Victoria Sq,34.62901,135.452765,2021-02-02,4.0,147.74,2.91,evening,False,,0.512,aisha.dubois513@example.com
CUS-0002648,Sofia Costa,enterprise,none,ZN-000013,Delhi,IN,APAC,64 Industrial Dr,28.828634,77.363224,2018-01-01,1259.0,35430.45,3.7,morning,True,12.0,0.331,sofia.costa771@example.com
CUS-0002649,Rahul Muller,retail_consumer,bronze,ZN-000012,Shanghai,CN,APAC,156 Victoria Way,31.158725,121.471896,2018-12-12,10.0,211.15,4.35,afternoon,False,,0.0,rahul.muller818@example.com
CUS-0002650,Diego Nakamura,smb,silver,ZN-000486,Bengaluru,IN,APAC,253 Bridge St,13.005451,77.559098,2018-05-25,33.0,2283.79,3.85,any,True,,0.605,diego.nakamura482@example.com
CUS-0002651,Hugo Muller,retail_consumer,silver,ZN-000093,Sao Paulo,BR,LATAM,180 Oak Ave,-23.595352,-46.579165,2025-03-21,6.0,115.57,3.97,morning,False,,0.298,hugo.muller328@example.com
CUS-0002652,Mateo Ali,smb,none,ZN-000491,Delhi,IN,APAC,121 Park Blvd,28.634893,77.10854,2025-08-09,31.0,2309.5,4.37,evening,True,,0.498,mateo.ali668@example.com
CUS-0002653,Alex Garcia,smb,none,ZN-000359,Jakarta,ID,APAC,2 Pine Way,-6.158803,106.928,2024-06-20,23.0,1482.78,4.36,evening,True,,0.26,alex.garcia586@example.com
CUS-0002654,Jun Yilmaz,marketplace_seller,none,ZN-000299,Stockholm,SE,EMEA,403 Victoria Way,59.350237,17.887462,2020-08-25,10.0,651.59,4.96,evening,False,,0.51,jun.yilmaz387@example.com
CUS-0002655,Peter Moreau,marketplace_seller,platinum,ZN-000273,Rome,IT,EMEA,66 Market Blvd,41.928364,12.549706,2022-10-05,5.0,936.12,4.08,any,False,,0.285,peter.moreau444@example.com
CUS-0002656,Rahul Kim,smb,silver,ZN-000171,London,GB,EMEA,252 Grove Blvd,51.927024,-0.372711,2019-01-18,20.0,243.43,4.24,afternoon,True,,0.056,rahul.kim99@example.com
CUS-0002657,Zara Torres,retail_consumer,none,ZN-000465,Krakow,PL,EMEA,282 Pine Rd,49.903992,19.611538,2020-09-03,58.0,4339.65,2.69,afternoon,False,,0.344,zara.torres395@example.com
CUS-0002658,Isabella Brown,smb,bronze,ZN-000393,Rome,IT,EMEA,416 Park Ave,41.982945,12.561682,2019-08-15,45.0,1281.89,4.18,afternoon,True,,0.027,isabella.brown158@example.com
CUS-0002659,Chen Hansen,retail_consumer,bronze,ZN-000239,Sao Paulo,BR,LATAM,447 Warehouse Sq,-23.590204,-46.544687,2022-01-15,3.0,246.57,4.89,any,False,,0.445,chen.hansen952@example.com
CUS-0002660,Daniel Okafor,smb,none,ZN-000471,Shanghai,CN,APAC,30 Victoria Rd,31.198467,121.399356,2022-09-07,45.0,2369.37,4.15,afternoon,True,,0.161,daniel.okafor244@example.com
CUS-0002661,Mateo Brown,retail_consumer,silver,ZN-000270,Los Angeles,US,NA,446 Union Dr,33.998399,-118.22416,2024-12-22,9.0,516.13,4.53,any,False,,0.34,mateo.brown994@example.com
CUS-0002662,Carlos Dubois,retail_consumer,none,ZN-000441,Mexico City,MX,LATAM,448 Pine Blvd,19.49873,-99.152668,2020-06-17,27.0,667.59,4.32,evening,False,,0.212,carlos.dubois589@example.com
CUS-0002663,Nikolai Zhang,retail_consumer,gold,ZN-000440,Rome,IT,EMEA,80 Station Ln,41.904685,12.409846,2025-08-08,14.0,905.06,4.58,evening,False,,0.373,nikolai.zhang674@example.com
CUS-0002664,Ivan Torres,retail_consumer,bronze,ZN-000013,Delhi,IN,APAC,268 Bridge Blvd,28.829621,77.322415,2024-11-01,3.0,434.34,4.41,afternoon,False,,0.224,ivan.torres848@example.com
CUS-0002665,Carlos Ali,enterprise,none,ZN-000112,London,GB,EMEA,225 Maple Blvd,51.598851,-0.100179,2025-09-28,469.0,17632.63,4.24,afternoon,True,24.0,0.061,carlos.ali462@example.com
CUS-0002666,Sofia Novak,retail_consumer,platinum,ZN-000021,Krakow,PL,EMEA,194 Industrial Ave,50.020241,19.780751,2019-03-24,5.0,506.4,4.35,afternoon,False,,0.497,sofia.novak951@example.com
CUS-0002667,Diego Nakamura,retail_consumer,none,ZN-000302,Delhi,IN,APAC,353 Central Blvd,28.773874,77.125796,2024-09-07,27.0,1197.27,4.18,evening,False,,0.412,diego.nakamura262@example.com
CUS-0002668,Priya Ali,retail_consumer,bronze,ZN-000237,Delhi,IN,APAC,226 Elm St,28.71985,77.097971,2024-05-17,10.0,929.3,4.48,any,False,,0.105,priya.ali250@example.com
CUS-0002669,Nikolai Muller,retail_consumer,gold,ZN-000163,Delhi,IN,APAC,234 Depot St,28.707752,77.013575,2020-07-24,3.0,86.4,3.91,evening,False,,0.596,nikolai.muller680@example.com
CUS-0002670,Ivan Fernandez,retail_consumer,bronze,ZN-000197,Atlanta,US,NA,390 Riverside Way,33.776197,-84.367278,2020-04-26,58.0,1374.08,5.0,afternoon,False,,0.425,ivan.fernandez97@example.com
CUS-0002671,Maria Muller,smb,none,ZN-000475,London,GB,EMEA,344 Park Rd,51.566747,-0.060074,2023-10-15,14.0,663.99,3.79,morning,True,,0.071,maria.muller900@example.com
CUS-0002672,Yuki Ali,retail_consumer,none,ZN-000059,Rome,IT,EMEA,103 Church Ave,41.939425,12.54631,2020-03-12,8.0,466.12,3.73,afternoon,False,,0.484,yuki.ali957@example.com
CUS-0002673,Daniel Kim,retail_consumer,silver,ZN-000403,Atlanta,US,NA,335 Industrial Way,33.948041,-84.474645,2025-07-13,14.0,259.95,3.18,evening,False,,0.407,daniel.kim927@example.com
CUS-0002674,Peter Costa,marketplace_seller,none,ZN-000160,Mexico City,MX,LATAM,260 Victoria St,19.447081,-99.140455,2021-05-18,7.0,359.61,5.0,evening,False,,0.41,peter.costa888@example.com
CUS-0002675,Nikolai Silva,retail_consumer,none,ZN-000279,Los Angeles,US,NA,108 Market Ln,34.11401,-118.289106,2024-06-23,19.0,846.85,4.65,morning,False,,0.268,nikolai.silva272@example.com
CUS-0002676,Leila Dubois,retail_consumer,none,ZN-000436,Mexico City,MX,LATAM,281 Harbour Blvd,19.783508,-98.744993,2021-07-24,8.0,281.22,5.0,afternoon,False,,0.403,leila.dubois18@example.com
CUS-0002677,Peter Lindqvist,smb,platinum,ZN-000322,London,GB,EMEA,222 Kings Dr,51.486935,-0.047753,2024-10-12,201.0,16236.3,4.67,evening,True,,0.286,peter.lindqvist774@example.com
CUS-0002678,Marcus Novak,retail_consumer,bronze,ZN-000241,London,GB,EMEA,41 Harbour Rd,51.469481,-0.068483,2023-06-14,68.0,5719.95,3.93,afternoon,False,,0.259,marcus.novak631@example.com
CUS-0002679,Fatima Costa,retail_consumer,bronze,ZN-000117,London,GB,EMEA,426 Bridge St,51.44145,-0.066,2022-04-24,6.0,270.79,4.25,any,False,,0.211,fatima.costa168@example.com
CUS-0002680,Tomas Kowalski,enterprise,none,ZN-000018,Krakow,PL,EMEA,385 Kings Dr,50.125254,19.857349,2023-04-20,94.0,6040.7,3.05,afternoon,True,48.0,0.34,tomas.kowalski506@example.com
CUS-0002681,Peter Brown,retail_consumer,bronze,ZN-000019,Krakow,PL,EMEA,479 Maple Sq,50.037611,19.947562,2018-04-25,5.0,117.31,3.66,evening,False,,0.206,peter.brown607@example.com
CUS-0002682,Aisha Hansen,smb,silver,ZN-000367,Shanghai,CN,APAC,317 Maple St,31.227307,121.5336,2023-04-10,57.0,3336.34,3.72,evening,True,,0.156,aisha.hansen152@example.com
CUS-0002683,Isabella Silva,enterprise,silver,ZN-000453,Krakow,PL,EMEA,291 Pine Way,50.112141,19.981971,2022-07-29,76.0,3131.3,4.73,afternoon,True,48.0,0.317,isabella.silva920@example.com
CUS-0002684,Leila Sharma,retail_consumer,gold,ZN-000321,Amsterdam,NL,EMEA,439 Harbour Blvd,52.368415,4.918389,2023-04-27,12.0,5503.18,3.95,afternoon,False,,0.297,leila.sharma287@example.com
CUS-0002685,Marcus Lindqvist,marketplace_seller,bronze,ZN-000188,Manchester,GB,EMEA,39 Park Ln,53.455746,-2.572146,2020-07-30,12.0,504.24,4.95,afternoon,False,,0.364,marcus.lindqvist978@example.com
CUS-0002686,Mateo Smith,retail_consumer,bronze,ZN-000102,Delhi,IN,APAC,59 Industrial Rd,28.724417,77.129741,2021-10-29,10.0,300.66,4.6,afternoon,False,,0.214,mateo.smith339@example.com
CUS-0002687,Marcus Silva,retail_consumer,bronze,ZN-000233,Atlanta,US,NA,334 Cedar Dr,33.703448,-84.419885,2021-11-24,16.0,571.1,3.59,morning,False,,0.423,marcus.silva678@example.com
CUS-0002688,Lucas Moreau,retail_consumer,bronze,ZN-000285,London,GB,EMEA,354 Warehouse Blvd,51.492944,0.026949,2022-04-01,18.0,1071.15,3.64,morning,False,,0.225,lucas.moreau600@example.com
CUS-0002689,Jun Zhang,retail_consumer,none,ZN-000455,London,GB,EMEA,115 Central Sq,51.194902,-0.210031,2019-10-19,10.0,535.15,4.97,evening,False,,0.244,jun.zhang928@example.com
CUS-0002690,Fatima Hansen,retail_consumer,bronze,ZN-000405,Shanghai,CN,APAC,425 Warehouse Ave,31.206326,121.569359,2022-07-06,32.0,677.33,4.13,any,False,,0.143,fatima.hansen747@example.com
CUS-0002691,Ivan Silva,retail_consumer,gold,ZN-000153,Krakow,PL,EMEA,236 Riverside St,49.995209,20.173059,2020-09-04,6.0,405.31,4.4,any,False,,0.355,ivan.silva518@example.com
CUS-0002692,Lucas Muller,smb,platinum,ZN-000145,London,GB,EMEA,345 Market Blvd,51.512948,-0.112467,2023-10-23,220.0,13665.38,3.42,any,True,,0.274,lucas.muller842@example.com
CUS-0002693,Alex Silva,smb,silver,ZN-000305,Jakarta,ID,APAC,76 Riverside St,-6.294481,106.860254,2018-03-17,75.0,11561.93,3.1,any,True,,0.013,alex.silva534@example.com
CUS-0002694,Leila Novak,retail_consumer,none,ZN-000168,Krakow,PL,EMEA,391 Park Ln,49.854722,19.805874,2020-03-28,16.0,441.99,4.33,any,False,,0.191,leila.novak814@example.com
CUS-0002695,Priya Zhang,enterprise,gold,ZN-000459,Mexico City,MX,LATAM,214 Maple St,19.495951,-99.051326,2023-03-30,98.0,6604.87,5.0,morning,True,12.0,0.146,priya.zhang269@example.com
CUS-0002696,Carlos Muller,smb,gold,ZN-000173,Atlanta,US,NA,412 Market Sq,33.315961,-84.708507,2022-03-27,10.0,1203.99,4.11,afternoon,True,,0.263,carlos.muller682@example.com
CUS-0002697,Fatima Brown,retail_consumer,platinum,ZN-000122,Berlin,DE,EMEA,439 Victoria Sq,52.483216,13.257403,2025-08-01,17.0,489.59,3.56,any,False,,0.167,fatima.brown860@example.com
CUS-0002698,Viktor Novak,retail_consumer,bronze,ZN-000252,Rome,IT,EMEA,214 Market Blvd,41.865822,12.439151,2023-12-12,16.0,1755.44,4.61,evening,False,,0.152,viktor.novak174@example.com
CUS-0002699,Aisha Kim,retail_consumer,silver,ZN-000332,Delhi,IN,APAC,409 Harbour Blvd,28.781966,77.027545,2019-10-18,6.0,90.87,4.78,morning,False,,0.314,aisha.kim893@example.com
CUS-0002700,Elena Zhang,retail_consumer,silver,ZN-000057,Jakarta,ID,APAC,351 Depot Dr,-6.308315,106.611026,2021-10-27,102.0,13068.38,4.82,any,False,,0.157,elena.zhang14@example.com
CUS-0002701,Yuki Okafor,retail_consumer,silver,ZN-000078,Berlin,DE,EMEA,439 Warehouse Blvd,52.551079,13.327823,2023-04-26,5.0,169.19,3.5,morning,False,,0.471,yuki.okafor453@example.com
CUS-0002702,Alex Garcia,enterprise,platinum,ZN-000086,Rome,IT,EMEA,409 Depot Ln,41.871418,12.452202,2022-02-17,507.0,142665.72,3.62,evening,True,24.0,0.213,alex.garcia898@example.com
CUS-0002703,Sofia Moreau,retail_consumer,platinum,ZN-000201,Amsterdam,NL,EMEA,365 Grove Way,52.4612,4.84156,2021-10-21,20.0,1168.72,5.0,morning,False,,0.084,sofia.moreau726@example.com
CUS-0002704,Priya Ali,smb,silver,ZN-000479,Delhi,IN,APAC,211 Bridge Way,28.704153,77.111958,2018-04-17,42.0,3931.39,4.28,any,True,,0.386,priya.ali639@example.com
CUS-0002705,Rahul Yilmaz,marketplace_seller,gold,ZN-000076,Sao Paulo,BR,LATAM,451 Church St,-23.535454,-46.599994,2020-06-26,48.0,675.24,5.0,evening,False,,0.328,rahul.yilmaz392@example.com
CUS-0002706,Zara Nguyen,smb,silver,ZN-000127,Krakow,PL,EMEA,465 Bridge St,49.967762,19.925962,2020-11-27,26.0,494.74,5.0,any,True,,0.116,zara.nguyen435@example.com
CUS-0002707,Fatima Kim,smb,gold,ZN-000051,Krakow,PL,EMEA,56 Station Rd,50.001369,19.962729,2025-09-18,51.0,2697.57,4.44,evening,True,,0.147,fatima.kim825@example.com
CUS-0002708,Zara Muller,retail_consumer,gold,ZN-000073,Amsterdam,NL,EMEA,50 Union Rd,52.308456,4.763417,2021-02-09,11.0,1328.91,3.13,morning,False,,0.345,zara.muller604@example.com
CUS-0002709,Peter Nakamura,public_sector,none,ZN-000160,Mexico City,MX,LATAM,38 Union Way,19.452789,-99.100931,2024-04-17,5.0,715.11,3.03,morning,True,12.0,0.435,peter.nakamura443@example.com
CUS-0002710,Anna Rahman,smb,silver,ZN-000394,Krakow,PL,EMEA,370 Church Ave,50.037617,19.593521,2022-05-13,92.0,3988.37,3.52,evening,True,,0.304,anna.rahman573@example.com
CUS-0002711,Grace Moreau,retail_consumer,gold,ZN-000018,Krakow,PL,EMEA,116 Bridge Way,50.093166,19.883141,2023-09-26,6.0,580.83,4.22,afternoon,False,,0.149,grace.moreau441@example.com
CUS-0002712,Sofia Brown,smb,none,ZN-000234,Krakow,PL,EMEA,43 Riverside Ave,50.073015,19.860534,2024-03-20,33.0,2637.48,4.16,afternoon,True,,0.43,sofia.brown531@example.com
CUS-0002713,Anna Smith,retail_consumer,gold,ZN-000300,Mexico City,MX,LATAM,278 Bridge Ave,19.496564,-99.069109,2022-02-26,6.0,492.51,3.63,afternoon,False,,0.383,anna.smith418@example.com
CUS-0002714,Yuki Lindqvist,retail_consumer,bronze,ZN-000090,Bengaluru,IN,APAC,318 Elm St,13.062006,77.599177,2023-08-13,3.0,412.29,4.23,morning,False,,0.273,yuki.lindqvist615@example.com
CUS-0002715,Jun Muller,marketplace_seller,none,ZN-000391,Stockholm,SE,EMEA,252 Kings Ave,59.328276,17.834858,2020-10-05,31.0,6975.45,4.32,any,False,,0.1,jun.muller986@example.com
CUS-0002716,Isabella Dubois,retail_consumer,silver,ZN-000106,Atlanta,US,NA,210 Grove Blvd,33.756733,-84.454337,2019-02-04,5.0,213.31,5.0,any,False,,0.055,isabella.dubois971@example.com
CUS-0002717,Jun Muller,retail_consumer,silver,ZN-000403,Atlanta,US,NA,90 Cedar Way,33.930059,-84.469488,2018-09-18,4.0,641.77,3.77,any,False,,0.416,jun.muller285@example.com
CUS-0002718,Lucas Ivanov,retail_consumer,none,ZN-000416,Atlanta,US,NA,376 Park Blvd,33.734417,-84.484157,2018-07-28,15.0,1544.26,2.81,morning,False,,0.309,lucas.ivanov678@example.com
CUS-0002719,Grace Yilmaz,smb,none,ZN-000309,Krakow,PL,EMEA,268 Harbour Ln,49.965095,19.636531,2025-07-05,13.0,329.93,4.34,afternoon,True,,0.0,grace.yilmaz909@example.com
CUS-0002720,Zara Petrov,enterprise,silver,ZN-000363,Bengaluru,IN,APAC,70 Industrial Blvd,13.019833,77.583082,2021-12-04,289.0,23137.09,2.5,afternoon,True,12.0,0.331,zara.petrov402@example.com
CUS-0002721,Maria Novak,smb,gold,ZN-000023,Rome,IT,EMEA,442 Harbour Blvd,41.962719,12.444802,2019-05-04,164.0,4466.74,5.0,afternoon,True,,0.24,maria.novak77@example.com
CUS-0002722,Tomas Torres,retail_consumer,none,ZN-000062,London,GB,EMEA,331 Union Ave,51.480514,0.00832,2018-01-28,13.0,274.76,4.14,morning,False,,0.288,tomas.torres455@example.com
CUS-0002723,Yuki Muller,retail_consumer,silver,ZN-000254,Manchester,GB,EMEA,43 Central Dr,53.423278,-2.704262,2025-04-18,5.0,289.04,3.54,morning,False,,0.424,yuki.muller105@example.com
CUS-0002724,Fatima Yilmaz,retail_consumer,bronze,ZN-000244,Shanghai,CN,APAC,53 Bridge Ave,31.217888,121.397675,2019-07-25,31.0,2198.43,4.0,afternoon,False,,0.295,fatima.yilmaz529@example.com
CUS-0002725,Diego Torres,enterprise,bronze,ZN-000151,Delhi,IN,APAC,212 Pine Ln,28.713928,77.015075,2021-03-20,64.0,1140.58,4.05,afternoon,True,12.0,0.184,diego.torres92@example.com
CUS-0002726,Elena Torres,retail_consumer,none,ZN-000335,Krakow,PL,EMEA,336 Park Dr,50.039188,19.999359,2022-08-18,13.0,718.19,4.14,evening,False,,0.467,elena.torres329@example.com
CUS-0002727,Priya Ali,enterprise,gold,ZN-000451,London,GB,EMEA,391 Warehouse Sq,51.582583,-0.192954,2022-08-17,28.0,1271.91,3.19,afternoon,True,24.0,0.492,priya.ali815@example.com
CUS-0002728,Viktor Kim,retail_consumer,none,ZN-000439,Stockholm,SE,EMEA,479 Park Way,59.274482,18.22021,2020-09-14,15.0,326.75,4.51,evening,False,,0.007,viktor.kim266@example.com
CUS-0002729,Fatima Brown,retail_consumer,silver,ZN-000136,Rome,IT,EMEA,27 Warehouse Blvd,42.056376,12.666882,2025-01-08,7.0,606.84,5.0,evening,False,,0.223,fatima.brown593@example.com
CUS-0002730,Mateo Costa,retail_consumer,gold,ZN-000234,Krakow,PL,EMEA,350 Church Blvd,50.086314,19.883422,2021-01-03,21.0,1130.34,3.14,afternoon,False,,0.122,mateo.costa231@example.com
CUS-0002731,Lucas Smith,retail_consumer,none,ZN-000351,London,GB,EMEA,81 Victoria Ave,51.444972,-0.110753,2020-11-02,11.0,427.03,4.17,afternoon,False,,0.34,lucas.smith754@example.com
CUS-0002732,Fatima Hansen,retail_consumer,bronze,ZN-000081,Berlin,DE,EMEA,408 Market Blvd,52.492763,13.519548,2024-12-29,4.0,114.28,4.8,evening,False,,0.131,fatima.hansen876@example.com
CUS-0002733,Nikolai Kim,retail_consumer,silver,ZN-000289,Sao Paulo,BR,LATAM,451 Kings Way,-23.555465,-46.542748,2020-07-04,6.0,129.48,4.4,afternoon,False,,0.505,nikolai.kim208@example.com
CUS-0002734,Carlos Petrov,retail_consumer,none,ZN-000453,Krakow,PL,EMEA,418 Park Blvd,50.078394,19.982712,2023-07-03,7.0,532.84,4.47,evening,False,,0.392,carlos.petrov634@example.com
CUS-0002735,Jun Garcia,retail_consumer,bronze,ZN-000397,Krakow,PL,EMEA,1 Union Rd,50.144077,19.867854,2025-07-14,4.0,885.06,5.0,afternoon,False,,0.098,jun.garcia212@example.com
CUS-0002736,Marcus Okafor,public_sector,silver,ZN-000336,London,GB,EMEA,72 Grove Ave,51.58549,-0.057587,2020-07-29,7.0,286.21,3.09,any,True,24.0,0.208,marcus.okafor663@example.com
CUS-0002737,Aisha Fernandez,retail_consumer,silver,ZN-000208,London,GB,EMEA,326 Elm Dr,51.467632,-0.035031,2021-05-04,7.0,336.01,5.0,evening,False,,0.137,aisha.fernandez30@example.com
CUS-0002738,Nadia Lindqvist,smb,bronze,ZN-000288,Amsterdam,NL,EMEA,309 Church Sq,52.379297,4.902445,2022-05-21,17.0,625.05,4.65,any,True,,0.258,nadia.lindqvist722@example.com
CUS-0002739,Marcus Muller,retail_consumer,gold,ZN-000269,Mexico City,MX,LATAM,278 Union Way,19.478853,-99.133091,2020-11-14,14.0,308.2,3.24,any,False,,0.647,marcus.muller200@example.com
CUS-0002740,Zara Zhang,retail_consumer,silver,ZN-000154,Rome,IT,EMEA,340 Riverside Way,41.963493,12.451992,2019-09-29,17.0,1450.3,4.24,any,False,,0.315,zara.zhang26@example.com
CUS-0002741,Jun Nguyen,retail_consumer,none,ZN-000163,Delhi,IN,APAC,80 Harbour Ln,28.709879,77.010926,2020-07-13,6.0,431.58,3.49,any,False,,0.063,jun.nguyen771@example.com
CUS-0002742,Diego Zhang,public_sector,silver,ZN-000458,Shanghai,CN,APAC,468 Maple Sq,31.195365,121.53406,2021-01-02,42.0,2613.56,4.43,evening,True,24.0,0.285,diego.zhang514@example.com
CUS-0002743,Zara Muller,retail_consumer,gold,ZN-000108,Krakow,PL,EMEA,340 Union Way,50.01398,20.002257,2024-12-24,12.0,434.82,4.52,afternoon,False,,0.181,zara.muller472@example.com
CUS-0002744,Mateo Kowalski,retail_consumer,bronze,ZN-000433,Bengaluru,IN,APAC,98 Riverside Blvd,12.971559,77.520353,2022-12-13,11.0,320.07,3.75,morning,False,,0.268,mateo.kowalski369@example.com
CUS-0002745,Alex Ali,smb,bronze,ZN-000184,London,GB,EMEA,35 Riverside Rd,51.514288,-0.038803,2021-04-27,20.0,2711.15,4.6,any,True,,0.0,alex.ali844@example.com
CUS-0002746,Mateo Fernandez,retail_consumer,bronze,ZN-000469,Rome,IT,EMEA,9 Elm Rd,41.882592,12.431375,2022-08-01,28.0,4162.67,4.2,evening,False,,0.53,mateo.fernandez377@example.com
CUS-0002747,Tomas Okafor,smb,none,ZN-000066,Jakarta,ID,APAC,477 Maple Rd,-6.165621,106.867393,2022-01-28,16.0,2219.69,3.69,any,True,,0.095,tomas.okafor876@example.com
CUS-0002748,Viktor Hansen,smb,none,ZN-000453,Krakow,PL,EMEA,238 Church Sq,50.109622,19.953525,2022-07-05,11.0,899.09,3.8,afternoon,True,,0.31,viktor.hansen689@example.com
CUS-0002749,Aisha Ivanov,retail_consumer,silver,ZN-000343,Mexico City,MX,LATAM,322 Central Dr,19.474135,-99.069264,2018-12-28,82.0,4300.14,4.61,any,False,,0.178,aisha.ivanov154@example.com
CUS-0002750,Omar Silva,retail_consumer,silver,ZN-000387,Atlanta,US,NA,176 Central Ln,33.814378,-84.370497,2018-06-05,6.0,394.2,3.35,evening,False,,0.415,omar.silva325@example.com
CUS-0002751,Carlos Garcia,retail_consumer,none,ZN-000370,Rome,IT,EMEA,400 Cedar Way,41.993132,12.577619,2022-08-21,11.0,346.65,4.84,morning,False,,0.233,carlos.garcia559@example.com
CUS-0002752,Diego Dubois,smb,gold,ZN-000275,London,GB,EMEA,309 Oak Blvd,51.613772,-0.083684,2025-02-20,10.0,384.88,4.03,any,True,,0.247,diego.dubois877@example.com
CUS-0002753,Fatima Kowalski,enterprise,platinum,ZN-000121,Shanghai,CN,APAC,377 Industrial Blvd,31.168051,121.452462,2020-01-02,37.0,1030.3,3.42,afternoon,True,12.0,0.384,fatima.kowalski882@example.com
CUS-0002754,Alex Weber,retail_consumer,none,ZN-000407,Bengaluru,IN,APAC,396 Grove Blvd,12.965063,77.268248,2019-12-09,14.0,1399.52,4.63,morning,False,,0.46,alex.weber687@example.com
CUS-0002755,Anna Hansen,retail_consumer,platinum,ZN-000440,Rome,IT,EMEA,149 Warehouse Ave,41.914616,12.354019,2018-12-02,6.0,180.89,3.58,morning,False,,0.398,anna.hansen866@example.com
CUS-0002756,Rahul Nguyen,enterprise,silver,ZN-000399,Atlanta,US,NA,424 Harbour St,33.508322,-84.193198,2019-01-22,77.0,1225.1,3.32,afternoon,True,48.0,0.263,rahul.nguyen619@example.com
CUS-0002757,Mateo Smith,public_sector,bronze,ZN-000304,Rome,IT,EMEA,33 Oak St,41.92711,12.527049,2019-09-22,12.0,1331.2,4.37,morning,True,12.0,0.017,mateo.smith311@example.com
CUS-0002758,Chen Weber,retail_consumer,platinum,ZN-000414,Manchester,GB,EMEA,417 Harbour St,53.514579,-1.935354,2019-04-09,12.0,707.6,3.69,morning,False,,0.161,chen.weber758@example.com
CUS-0002759,Leila Yilmaz,retail_consumer,silver,ZN-000252,Rome,IT,EMEA,443 Victoria Way,41.872279,12.396078,2024-01-09,21.0,2619.78,4.48,evening,False,,0.262,leila.yilmaz652@example.com
CUS-0002760,Viktor Lindqvist,smb,bronze,ZN-000415,Manchester,GB,EMEA,131 Victoria Blvd,53.435641,-2.238034,2018-09-13,14.0,1283.24,3.97,afternoon,True,,0.17,viktor.lindqvist702@example.com
CUS-0002761,Alex Weber,retail_consumer,gold,ZN-000411,Berlin,DE,EMEA,73 Oak Dr,52.576024,13.399756,2024-03-27,8.0,220.47,3.8,any,False,,0.451,alex.weber603@example.com
CUS-0002762,Tomas Petrov,retail_consumer,gold,ZN-000205,Rome,IT,EMEA,12 Oak Blvd,41.953927,12.35642,2024-05-26,24.0,1149.96,4.78,evening,False,,0.127,tomas.petrov347@example.com
CUS-0002763,Marcus Bakker,retail_consumer,none,ZN-000185,Delhi,IN,APAC,129 Station Ln,28.651989,77.025443,2022-10-05,16.0,518.57,4.21,evening,False,,0.229,marcus.bakker655@example.com
CUS-0002764,Carlos Ivanov,retail_consumer,none,ZN-000421,Shanghai,CN,APAC,103 Park Ln,31.144594,121.456485,2020-01-29,14.0,616.48,4.41,any,False,,0.075,carlos.ivanov684@example.com
CUS-0002765,Chen Nguyen,retail_consumer,none,ZN-000392,London,GB,EMEA,63 Victoria Sq,51.504888,0.05322,2018-04-02,34.0,1016.49,5.0,afternoon,False,,0.486,chen.nguyen798@example.com
CUS-0002766,Yuki Moreau,retail_consumer,bronze,ZN-000376,Rome,IT,EMEA,335 Grove St,41.800737,12.464995,2020-06-30,12.0,500.9,4.92,morning,False,,0.127,yuki.moreau756@example.com
CUS-0002767,Viktor Petrov,enterprise,none,ZN-000024,Los Angeles,US,NA,65 Industrial St,33.963033,-118.265905,2018-02-16,740.0,77884.12,5.0,evening,True,12.0,0.281,viktor.petrov578@example.com
CUS-0002768,Grace Ali,enterprise,gold,ZN-000318,Shanghai,CN,APAC,475 Victoria Blvd,31.11817,121.485792,2018-11-17,3426.0,100331.55,4.04,afternoon,True,12.0,0.048,grace.ali697@example.com
CUS-0002769,Jun Hansen,enterprise,platinum,ZN-000135,Manchester,GB,EMEA,371 Market Blvd,53.411237,-2.14101,2021-08-18,297.0,6663.79,5.0,afternoon,True,24.0,0.452,jun.hansen62@example.com
CUS-0002770,Anna Torres,marketplace_seller,gold,ZN-000457,London,GB,EMEA,361 Victoria Rd,51.469824,-0.105859,2020-04-05,6.0,260.16,3.95,morning,False,,0.518,anna.torres383@example.com
CUS-0002771,Ivan Costa,retail_consumer,bronze,ZN-000461,Krakow,PL,EMEA,447 Depot Rd,49.911096,20.400979,2022-10-17,22.0,1256.06,3.78,evening,False,,0.411,ivan.costa22@example.com
CUS-0002772,Alex Zhang,retail_consumer,gold,ZN-000149,Osaka,JP,APAC,407 Elm Way,34.596318,135.555367,2021-05-04,14.0,1088.04,3.84,any,False,,0.019,alex.zhang743@example.com
CUS-0002773,Jun Rahman,enterprise,gold,ZN-000258,Jakarta,ID,APAC,472 Industrial Way,-6.150333,106.818975,2020-12-15,208.0,9721.52,3.83,evening,True,48.0,0.284,jun.rahman674@example.com
CUS-0002774,Diego Novak,retail_consumer,bronze,ZN-000216,Stockholm,SE,EMEA,239 Oak Rd,59.212217,17.91468,2023-09-24,12.0,606.07,5.0,afternoon,False,,0.519,diego.novak335@example.com
CUS-0002775,Grace Novak,retail_consumer,none,ZN-000373,Amsterdam,NL,EMEA,303 Elm Sq,52.339408,4.867147,2022-01-29,8.0,163.03,3.9,morning,False,,0.352,grace.novak819@example.com
CUS-0002776,Alex Hansen,retail_consumer,silver,ZN-000284,Bengaluru,IN,APAC,98 Market Sq,13.029768,77.582082,2019-07-05,19.0,560.27,5.0,evening,False,,0.353,alex.hansen258@example.com
CUS-0002777,Rahul Garcia,retail_consumer,none,ZN-000208,London,GB,EMEA,478 Bridge Sq,51.469856,-0.051901,2018-03-19,5.0,235.6,4.05,any,False,,0.274,rahul.garcia304@example.com
CUS-0002778,Amara Torres,retail_consumer,none,ZN-000449,Stockholm,SE,EMEA,415 Union Way,59.307157,18.07386,2023-12-11,16.0,806.2,3.73,evening,False,,0.088,amara.torres259@example.com
CUS-0002779,Leila Nguyen,enterprise,gold,ZN-000026,Manchester,GB,EMEA,69 Kings Dr,53.518781,-2.350143,2018-06-28,338.0,13681.26,3.65,afternoon,True,48.0,0.428,leila.nguyen877@example.com
CUS-0002780,Amara Smith,retail_consumer,none,ZN-000361,Delhi,IN,APAC,405 Industrial Way,28.669432,77.015321,2023-06-07,5.0,631.47,3.07,afternoon,False,,0.281,amara.smith304@example.com
CUS-0002781,Maria Rahman,retail_consumer,none,ZN-000384,Delhi,IN,APAC,12 Central Ln,28.771578,77.074515,2022-01-26,6.0,363.85,4.06,morning,False,,0.152,maria.rahman242@example.com
CUS-0002782,Tomas Torres,retail_consumer,none,ZN-000187,Atlanta,US,NA,451 Central Blvd,33.772446,-84.065268,2018-04-20,4.0,329.24,4.23,morning,False,,0.452,tomas.torres538@example.com
CUS-0002783,Nadia Garcia,enterprise,none,ZN-000160,Mexico City,MX,LATAM,435 Grove Rd,19.453242,-99.108532,2025-05-20,447.0,18641.9,3.52,any,True,12.0,0.303,nadia.garcia531@example.com
CUS-0002784,Rahul Smith,smb,none,ZN-000435,Los Angeles,US,NA,348 Market Dr,34.111868,-118.272257,2023-05-15,16.0,233.85,4.07,any,True,,0.458,rahul.smith107@example.com
CUS-0002785,Yuki Dubois,retail_consumer,gold,ZN-000316,Mexico City,MX,LATAM,245 Central Sq,19.411882,-99.231105,2019-11-21,4.0,90.56,3.29,any,False,,0.143,yuki.dubois641@example.com
CUS-0002786,Fatima Nguyen,smb,none,ZN-000142,Manchester,GB,EMEA,216 Kings Blvd,53.229401,-2.278977,2023-01-09,12.0,1246.45,5.0,evening,True,,0.304,fatima.nguyen815@example.com
CUS-0002787,Hugo Weber,enterprise,bronze,ZN-000234,Krakow,PL,EMEA,112 Victoria Sq,50.084596,19.872131,2023-11-10,975.0,23700.17,4.82,afternoon,True,48.0,0.188,hugo.weber69@example.com
CUS-0002788,Yuki Costa,enterprise,silver,ZN-000046,Manchester,GB,EMEA,431 Industrial Blvd,53.526932,-2.242079,2018-08-09,326.0,50056.9,4.47,evening,True,12.0,0.436,yuki.costa845@example.com
CUS-0002789,Nikolai Costa,retail_consumer,none,ZN-000091,Shanghai,CN,APAC,16 Oak Ave,31.177123,121.411312,2023-07-18,7.0,350.83,4.89,evening,False,,0.192,nikolai.costa847@example.com
CUS-0002790,Amara Hansen,retail_consumer,bronze,ZN-000372,Shanghai,CN,APAC,156 Warehouse Ave,31.298149,121.468918,2019-01-31,37.0,1657.21,4.2,evening,False,,0.298,amara.hansen351@example.com
CUS-0002791,Ivan Petrov,retail_consumer,bronze,ZN-000106,Atlanta,US,NA,72 Market St,33.761901,-84.496088,2023-02-04,11.0,601.42,4.08,morning,False,,0.0,ivan.petrov767@example.com
CUS-0002792,Maria Nguyen,retail_consumer,bronze,ZN-000207,Berlin,DE,EMEA,153 Kings Way,52.611212,13.397739,2021-08-18,19.0,424.98,4.1,any,False,,0.251,maria.nguyen868@example.com
CUS-0002793,Omar Nguyen,smb,gold,ZN-000448,Rome,IT,EMEA,193 Depot Blvd,41.832089,12.420816,2023-02-08,7.0,153.0,5.0,morning,True,,0.0,omar.nguyen122@example.com
CUS-0002794,Chen Fernandez,smb,bronze,ZN-000351,London,GB,EMEA,131 Cedar Rd,51.438802,-0.14271,2023-07-25,79.0,2243.05,3.5,afternoon,True,,0.475,chen.fernandez481@example.com
CUS-0002795,Chen Weber,retail_consumer,bronze,ZN-000152,Atlanta,US,NA,64 Elm Dr,34.307976,-84.147144,2022-06-01,26.0,1762.4,4.19,morning,False,,0.424,chen.weber726@example.com
CUS-0002796,Sofia Silva,retail_consumer,bronze,ZN-000353,London,GB,EMEA,236 Church Sq,51.490437,-0.141999,2024-07-31,9.0,689.36,3.37,afternoon,False,,0.154,sofia.silva410@example.com
CUS-0002797,Carlos Dubois,retail_consumer,bronze,ZN-000438,Bengaluru,IN,APAC,443 Harbour Sq,12.968345,77.576173,2024-02-10,6.0,196.59,3.38,afternoon,False,,0.431,carlos.dubois193@example.com
CUS-0002798,Zara Nguyen,retail_consumer,none,ZN-000257,London,GB,EMEA,272 Central Dr,51.581097,-0.141247,2023-05-02,9.0,838.25,4.43,any,False,,0.184,zara.nguyen866@example.com
CUS-0002799,Alex Dubois,retail_consumer,none,ZN-000192,Mexico City,MX,LATAM,258 Victoria Ave,19.450491,-99.159541,2019-01-18,21.0,686.88,4.27,any,False,,0.121,alex.dubois900@example.com
CUS-0002800,Isabella Lindqvist,retail_consumer,none,ZN-000241,London,GB,EMEA,190 Riverside Way,51.450745,-0.033235,2024-10-23,4.0,142.6,2.85,morning,False,,0.395,isabella.lindqvist628@example.com
CUS-0002801,Carlos Rahman,enterprise,none,ZN-000396,Krakow,PL,EMEA,29 Industrial Dr,50.140422,19.651741,2024-01-18,111.0,2270.68,3.06,morning,True,48.0,0.27,carlos.rahman319@example.com
CUS-0002802,Aisha Yilmaz,enterprise,none,ZN-000390,Stockholm,SE,EMEA,27 Depot Dr,59.327365,17.951886,2018-01-08,277.0,6219.2,4.27,evening,True,12.0,0.187,aisha.yilmaz938@example.com
CUS-0002803,Marcus Yilmaz,public_sector,none,ZN-000042,Osaka,JP,APAC,15 Industrial Dr,34.656115,135.444139,2021-09-30,13.0,724.1,4.51,morning,True,48.0,0.348,marcus.yilmaz465@example.com
CUS-0002804,Zara Kim,retail_consumer,none,ZN-000241,London,GB,EMEA,289 Harbour Way,51.447085,-0.052005,2024-05-25,7.0,252.85,3.58,morning,False,,0.298,zara.kim169@example.com
CUS-0002805,Amara Kowalski,retail_consumer,platinum,ZN-000474,Delhi,IN,APAC,282 Market Ave,28.653289,77.086565,2019-01-31,2.0,244.3,5.0,afternoon,False,,0.467,amara.kowalski561@example.com
CUS-0002806,Sofia Smith,retail_consumer,bronze,ZN-000126,London,GB,EMEA,112 Grove Way,51.430994,-0.243136,2023-08-28,5.0,236.63,4.13,morning,False,,0.215,sofia.smith817@example.com
CUS-0002807,Hugo Novak,retail_consumer,silver,ZN-000493,Krakow,PL,EMEA,209 Maple Dr,49.97571,19.851521,2020-01-05,7.0,226.4,4.95,evening,False,,0.224,hugo.novak718@example.com
CUS-0002808,Diego Ivanov,retail_consumer,none,ZN-000347,Rome,IT,EMEA,458 Park Rd,41.882478,12.452132,2019-03-21,25.0,1317.09,2.97,any,False,,0.064,diego.ivanov35@example.com
CUS-0002809,Grace Smith,smb,none,ZN-000139,Atlanta,US,NA,445 Harbour Ave,33.763447,-84.446261,2023-04-10,30.0,2675.24,5.0,any,True,,0.053,grace.smith593@example.com
CUS-0002810,Ivan Muller,retail_consumer,none,ZN-000345,Stockholm,SE,EMEA,273 Station Rd,59.413179,18.046008,2023-01-29,29.0,1807.86,4.57,any,False,,0.383,ivan.muller211@example.com
CUS-0002811,Isabella Kowalski,retail_consumer,none,ZN-000304,Rome,IT,EMEA,436 Riverside Sq,41.94032,12.54724,2021-09-19,13.0,447.95,4.97,evening,False,,0.249,isabella.kowalski590@example.com
CUS-0002812,Maria Kim,retail_consumer,gold,ZN-000094,Mexico City,MX,LATAM,156 Oak Way,19.504225,-99.137529,2023-09-28,17.0,1679.03,4.87,afternoon,False,,0.057,maria.kim344@example.com
CUS-0002813,Jun Sharma,retail_consumer,silver,ZN-000122,Berlin,DE,EMEA,356 Grove Blvd,52.483693,13.245508,2024-11-13,4.0,278.06,1.89,afternoon,False,,0.159,jun.sharma998@example.com
CUS-0002814,Viktor Smith,retail_consumer,bronze,ZN-000119,Manchester,GB,EMEA,39 Harbour St,53.510569,-2.362448,2021-01-22,18.0,746.16,4.92,any,False,,0.023,viktor.smith143@example.com
CUS-0002815,Hugo Torres,enterprise,none,ZN-000084,Manchester,GB,EMEA,330 Harbour Blvd,53.520244,-2.121903,2019-01-20,47.0,2411.03,3.29,morning,True,48.0,0.082,hugo.torres337@example.com
CUS-0002816,Lucas Sharma,retail_consumer,bronze,ZN-000027,Krakow,PL,EMEA,100 Grove Rd,50.021912,20.00392,2024-05-07,9.0,854.71,3.79,afternoon,False,,0.041,lucas.sharma915@example.com
CUS-0002817,Aisha Torres,smb,none,ZN-000149,Osaka,JP,APAC,128 Harbour Ln,34.590743,135.538663,2022-10-15,39.0,1075.85,5.0,evening,True,,0.308,aisha.torres16@example.com
CUS-0002818,Leila Kowalski,smb,none,ZN-000038,Atlanta,US,NA,383 Cedar St,34.023513,-84.778069,2025-09-11,19.0,476.32,4.2,morning,True,,0.355,leila.kowalski758@example.com
CUS-0002819,Peter Bakker,enterprise,gold,ZN-000137,Krakow,PL,EMEA,94 Riverside Way,50.054175,19.857008,2018-03-18,70.0,2729.83,4.1,any,True,48.0,0.194,peter.bakker388@example.com
CUS-0002820,Yuki Silva,smb,bronze,ZN-000368,Delhi,IN,APAC,329 Victoria Dr,28.68616,77.188712,2022-01-15,23.0,6807.63,4.77,evening,True,,0.272,yuki.silva797@example.com
CUS-0002821,Mateo Ali,retail_consumer,none,ZN-000006,London,GB,EMEA,465 Grove Rd,51.560396,-0.180826,2021-12-15,5.0,172.77,4.03,any,False,,0.543,mateo.ali471@example.com
CUS-0002822,Mateo Yilmaz,smb,gold,ZN-000076,Sao Paulo,BR,LATAM,35 Grove Way,-23.562865,-46.586121,2021-09-01,7.0,645.15,4.0,evening,True,,0.411,mateo.yilmaz305@example.com
CUS-0002823,Priya Novak,retail_consumer,gold,ZN-000115,Krakow,PL,EMEA,122 Central Rd,50.021337,19.91638,2019-11-24,27.0,2701.93,4.46,evening,False,,0.175,priya.novak376@example.com
CUS-0002824,Nadia Petrov,public_sector,none,ZN-000101,Krakow,PL,EMEA,76 Oak Sq,50.005838,19.873188,2021-11-02,6.0,211.98,4.26,evening,True,12.0,0.399,nadia.petrov737@example.com
CUS-0002825,Priya Lindqvist,smb,gold,ZN-000113,Amsterdam,NL,EMEA,428 Warehouse Sq,52.324885,4.83516,2025-07-06,32.0,1857.43,3.35,any,True,,0.254,priya.lindqvist922@example.com
CUS-0002826,Grace Rahman,retail_consumer,bronze,ZN-000439,Stockholm,SE,EMEA,433 Oak Ave,59.286992,18.168704,2021-03-06,11.0,151.24,4.96,any,False,,0.416,grace.rahman516@example.com
CUS-0002827,Viktor Rahman,retail_consumer,silver,ZN-000176,Los Angeles,US,NA,190 Bridge Rd,34.071043,-118.140681,2022-05-15,10.0,618.32,4.32,evening,False,,0.406,viktor.rahman477@example.com
CUS-0002828,Anna Okafor,smb,bronze,ZN-000428,London,GB,EMEA,53 Station Rd,51.401997,-0.086643,2023-04-23,16.0,2923.99,3.85,any,True,,0.071,anna.okafor632@example.com
CUS-0002829,Maria Weber,marketplace_seller,none,ZN-000340,London,GB,EMEA,279 Market Blvd,51.497095,-0.125792,2022-03-02,5.0,441.41,3.86,evening,False,,0.318,maria.weber705@example.com
CUS-0002830,Priya Fernandez,retail_consumer,none,ZN-000100,Shanghai,CN,APAC,94 Victoria Ave,31.193558,121.374599,2022-03-06,12.0,209.1,3.68,evening,False,,0.243,priya.fernandez159@example.com
CUS-0002831,Omar Costa,retail_consumer,none,ZN-000027,Krakow,PL,EMEA,354 Park Ave,50.027933,19.978276,2024-05-18,9.0,177.88,4.74,evening,False,,0.102,omar.costa687@example.com
CUS-0002832,Tomas Brown,marketplace_seller,platinum,ZN-000404,Berlin,DE,EMEA,70 Elm Dr,52.300357,13.32032,2023-05-25,27.0,868.61,4.38,evening,False,,0.328,tomas.brown550@example.com
CUS-0002833,Zara Smith,smb,silver,ZN-000012,Shanghai,CN,APAC,50 Oak Blvd,31.168244,121.44586,2018-03-28,20.0,491.44,3.83,evening,True,,0.26,zara.smith782@example.com
CUS-0002834,Peter Ali,retail_consumer,none,ZN-000455,London,GB,EMEA,85 Riverside Rd,51.193418,-0.203065,2025-01-21,13.0,1827.71,5.0,any,False,,0.19,peter.ali835@example.com
CUS-0002835,Fatima Rossi,retail_consumer,none,ZN-000167,Shanghai,CN,APAC,132 Central Blvd,31.143398,121.487679,2020-02-21,17.0,1298.09,5.0,afternoon,False,,0.4,fatima.rossi950@example.com
CUS-0002836,Freya Rossi,retail_consumer,none,ZN-000435,Los Angeles,US,NA,208 Central Blvd,34.133063,-118.254001,2021-10-03,2.0,175.89,4.09,afternoon,False,,0.332,freya.rossi345@example.com
CUS-0002837,Fatima Ali,public_sector,none,ZN-000068,Delhi,IN,APAC,28 Victoria Blvd,28.715749,77.099075,2021-08-10,6.0,980.56,4.09,evening,True,48.0,0.203,fatima.ali933@example.com
CUS-0002838,Hugo Yilmaz,retail_consumer,bronze,ZN-000275,London,GB,EMEA,248 Union St,51.590965,-0.139599,2020-05-05,6.0,142.6,4.3,afternoon,False,,0.272,hugo.yilmaz794@example.com
CUS-0002839,Omar Nakamura,smb,silver,ZN-000043,Bengaluru,IN,APAC,259 Pine Way,12.95406,77.497673,2019-04-29,52.0,2930.14,2.56,any,True,,0.048,omar.nakamura919@example.com
CUS-0002840,Diego Novak,retail_consumer,none,ZN-000372,Shanghai,CN,APAC,116 Industrial St,31.27998,121.484408,2020-03-28,14.0,441.84,3.85,afternoon,False,,0.384,diego.novak219@example.com
CUS-0002841,Isabella Kowalski,retail_consumer,none,ZN-000204,Manchester,GB,EMEA,135 Victoria Way,53.610335,-1.827234,2021-03-18,6.0,4101.74,4.55,morning,False,,0.142,isabella.kowalski51@example.com
CUS-0002842,Hugo Ivanov,retail_consumer,silver,ZN-000185,Delhi,IN,APAC,391 Elm Ln,28.657082,77.053753,2019-07-10,51.0,1406.14,4.24,afternoon,False,,0.431,hugo.ivanov469@example.com
CUS-0002843,Viktor Rossi,public_sector,gold,ZN-000465,Krakow,PL,EMEA,83 Industrial St,49.885322,19.612319,2020-08-02,41.0,1399.52,5.0,evening,True,12.0,0.418,viktor.rossi42@example.com
CUS-0002844,Marcus Rahman,enterprise,silver,ZN-000301,Atlanta,US,NA,449 Union Rd,33.707059,-84.392317,2022-06-26,237.0,8062.56,3.78,evening,True,12.0,0.197,marcus.rahman213@example.com
CUS-0002845,Aisha Dubois,smb,silver,ZN-000036,Shanghai,CN,APAC,240 Bridge Ln,31.221826,121.431642,2024-04-07,10.0,2991.72,5.0,any,True,,0.296,aisha.dubois901@example.com
CUS-0002846,Rahul Petrov,retail_consumer,bronze,ZN-000249,London,GB,EMEA,161 Kings Ln,51.481891,0.046805,2019-05-01,6.0,435.2,4.93,morning,False,,0.3,rahul.petrov28@example.com
CUS-0002847,Elena Dubois,retail_consumer,none,ZN-000102,Delhi,IN,APAC,53 Pine St,28.737532,77.152812,2023-07-23,10.0,276.39,4.72,afternoon,False,,0.39,elena.dubois94@example.com
CUS-0002848,Diego Dubois,public_sector,bronze,ZN-000366,London,GB,EMEA,454 Harbour Way,51.426557,-0.04541,2023-11-20,7.0,143.99,3.73,morning,True,48.0,0.457,diego.dubois567@example.com
CUS-0002849,Grace Ivanov,smb,bronze,ZN-000357,Sao Paulo,BR,LATAM,275 Central Sq,-23.581675,-46.656348,2024-01-20,11.0,605.38,3.32,any,True,,0.125,grace.ivanov108@example.com
CUS-0002850,Zara Rossi,enterprise,bronze,ZN-000061,Los Angeles,US,NA,171 Maple Way,34.360919,-118.103128,2022-10-04,616.0,21788.14,3.86,any,True,48.0,0.266,zara.rossi961@example.com
CUS-0002851,Anna Nguyen,enterprise,none,ZN-000186,Mexico City,MX,LATAM,236 Station Rd,19.446077,-99.235982,2024-03-26,390.0,28472.41,4.63,afternoon,True,12.0,0.221,anna.nguyen128@example.com
CUS-0002852,Hugo Smith,retail_consumer,none,ZN-000067,Los Angeles,US,NA,38 Central St,33.823066,-118.211173,2019-11-16,4.0,83.78,4.96,morning,False,,0.277,hugo.smith495@example.com
CUS-0002853,Marcus Kowalski,retail_consumer,silver,ZN-000293,Shanghai,CN,APAC,57 Central Way,31.158046,121.49045,2024-02-11,7.0,607.04,5.0,any,False,,0.199,marcus.kowalski185@example.com
CUS-0002854,Lucas Rossi,marketplace_seller,bronze,ZN-000348,Bengaluru,IN,APAC,130 Victoria Blvd,13.005876,77.542029,2024-04-12,6.0,560.97,4.42,any,False,,0.156,lucas.rossi80@example.com
CUS-0002855,Isabella Nguyen,retail_consumer,none,ZN-000329,Jakarta,ID,APAC,50 Park Dr,-6.174412,106.863614,2025-10-17,2.0,86.12,5.0,morning,False,,0.213,isabella.nguyen154@example.com
CUS-0002856,Lucas Petrov,retail_consumer,none,ZN-000371,Amsterdam,NL,EMEA,340 Oak Sq,52.329501,4.89329,2021-10-26,29.0,2105.32,3.97,any,False,,0.279,lucas.petrov783@example.com
CUS-0002857,Zara Ivanov,smb,none,ZN-000039,Osaka,JP,APAC,115 Elm Blvd,34.804118,135.569573,2018-08-01,23.0,705.85,4.33,afternoon,True,,0.21,zara.ivanov485@example.com
CUS-0002858,Yuki Yilmaz,retail_consumer,none,ZN-000223,London,GB,EMEA,289 Oak Rd,51.406072,-0.144197,2020-02-21,13.0,740.37,4.67,afternoon,False,,0.369,yuki.yilmaz763@example.com
CUS-0002859,Omar Costa,enterprise,none,ZN-000075,Krakow,PL,EMEA,81 Station Ave,50.101931,19.854631,2021-05-03,183.0,12858.04,2.51,evening,True,12.0,0.542,omar.costa898@example.com
CUS-0002860,Leila Hansen,retail_consumer,none,ZN-000471,Shanghai,CN,APAC,101 Grove Blvd,31.166706,121.426061,2022-11-29,12.0,323.66,4.2,evening,False,,0.205,leila.hansen547@example.com
CUS-0002861,Ivan Ali,retail_consumer,none,ZN-000429,Stockholm,SE,EMEA,242 Park Sq,59.34091,17.926697,2025-07-27,7.0,387.5,3.0,afternoon,False,,0.331,ivan.ali30@example.com
CUS-0002862,Alex Garcia,smb,silver,ZN-000345,Stockholm,SE,EMEA,123 Riverside Rd,59.423816,18.012353,2022-01-20,24.0,1236.44,4.53,morning,True,,0.149,alex.garcia117@example.com
CUS-0002863,Carlos Torres,retail_consumer,silver,ZN-000249,London,GB,EMEA,282 Grove Way,51.483851,-0.008413,2020-05-02,5.0,344.13,4.08,morning,False,,0.218,carlos.torres464@example.com
CUS-0002864,Maria Rahman,marketplace_seller,gold,ZN-000196,Amsterdam,NL,EMEA,213 Market Way,52.330379,4.938527,2021-11-09,12.0,799.41,3.44,any,False,,0.479,maria.rahman85@example.com
CUS-0002865,Nikolai Nakamura,smb,bronze,ZN-000278,Atlanta,US,NA,219 Kings Ave,33.786776,-84.275771,2024-07-15,23.0,910.96,4.05,afternoon,True,,0.332,nikolai.nakamura11@example.com
CUS-0002866,Fatima Costa,retail_consumer,none,ZN-000395,London,GB,EMEA,311 Pine Sq,51.588741,-0.217693,2024-01-09,3.0,521.89,4.2,evening,False,,0.538,fatima.costa427@example.com
CUS-0002867,Sofia Kim,smb,bronze,ZN-000469,Rome,IT,EMEA,408 Warehouse Dr,41.894012,12.40773,2020-10-29,9.0,3061.53,4.91,evening,True,,0.384,sofia.kim1@example.com
CUS-0002868,Sofia Okafor,enterprise,none,ZN-000042,Osaka,JP,APAC,394 Industrial Sq,34.677639,135.469586,2025-11-28,232.0,6008.21,3.06,any,True,24.0,0.362,sofia.okafor740@example.com
CUS-0002869,Diego Dubois,retail_consumer,bronze,ZN-000400,Amsterdam,NL,EMEA,352 Oak Sq,52.412595,4.841158,2023-04-30,7.0,319.57,5.0,afternoon,False,,0.374,diego.dubois88@example.com
CUS-0002870,Marcus Moreau,retail_consumer,none,ZN-000307,Manchester,GB,EMEA,370 Oak Rd,53.534943,-2.194546,2020-03-06,6.0,246.4,3.11,afternoon,False,,0.271,marcus.moreau760@example.com
CUS-0002871,Grace Rahman,retail_consumer,none,ZN-000212,Atlanta,US,NA,417 Harbour St,33.550778,-84.536607,2023-07-13,13.0,1782.97,3.68,evening,False,,0.012,grace.rahman688@example.com
CUS-0002872,Alex Kowalski,retail_consumer,bronze,ZN-000354,Atlanta,US,NA,365 Cedar Dr,33.773214,-84.491218,2025-10-31,11.0,425.61,5.0,morning,False,,0.422,alex.kowalski938@example.com
CUS-0002873,Jun Novak,retail_consumer,none,ZN-000413,Osaka,JP,APAC,369 Industrial Ln,34.629364,135.444943,2018-01-19,11.0,776.99,3.77,evening,False,,0.256,jun.novak874@example.com
CUS-0002874,Freya Ali,enterprise,gold,ZN-000212,Atlanta,US,NA,19 Union Blvd,33.565181,-84.524391,2025-08-26,463.0,11283.61,4.46,afternoon,True,48.0,0.0,freya.ali383@example.com
CUS-0002875,Jun Smith,smb,bronze,ZN-000362,London,GB,EMEA,6 Victoria Dr,51.466217,0.001558,2022-02-17,52.0,1685.63,5.0,evening,True,,0.351,jun.smith73@example.com
CUS-0002876,Omar Bakker,retail_consumer,gold,ZN-000155,Berlin,DE,EMEA,154 Market Dr,52.547642,13.429925,2019-12-02,22.0,695.97,3.38,afternoon,False,,0.47,omar.bakker107@example.com
CUS-0002877,Viktor Petrov,retail_consumer,none,ZN-000332,Delhi,IN,APAC,122 Park Way,28.764127,77.048548,2023-04-30,7.0,473.68,5.0,afternoon,False,,0.167,viktor.petrov233@example.com
CUS-0002878,Nadia Ivanov,enterprise,bronze,ZN-000153,Krakow,PL,EMEA,435 Church Blvd,50.006175,20.17516,2023-08-13,178.0,9450.9,3.4,afternoon,True,24.0,0.494,nadia.ivanov185@example.com
CUS-0002879,Ivan Ivanov,retail_consumer,silver,ZN-000087,Osaka,JP,APAC,357 Elm Ln,34.646453,135.478078,2021-08-11,3.0,381.64,3.67,morning,False,,0.095,ivan.ivanov526@example.com
CUS-0002880,Freya Sharma,smb,none,ZN-000461,Krakow,PL,EMEA,56 Industrial Blvd,49.897628,20.421893,2019-05-15,16.0,1808.5,4.76,evening,True,,0.185,freya.sharma114@example.com
CUS-0002881,Nadia Muller,enterprise,bronze,ZN-000467,Manchester,GB,EMEA,134 Church Dr,53.406069,-2.151001,2018-08-09,246.0,13756.3,3.91,morning,True,24.0,0.348,nadia.muller373@example.com
CUS-0002882,Jun Torres,smb,none,ZN-000225,London,GB,EMEA,472 Union Ave,51.524554,-0.128922,2023-02-10,13.0,272.44,3.26,evening,True,,0.233,jun.torres155@example.com
CUS-0002883,Yuki Bakker,retail_consumer,none,ZN-000288,Amsterdam,NL,EMEA,305 Park Ln,52.393062,4.875645,2021-08-15,8.0,924.77,4.28,morning,False,,0.113,yuki.bakker805@example.com
CUS-0002884,Anna Bakker,retail_consumer,none,ZN-000208,London,GB,EMEA,320 Oak Rd,51.463982,-0.073244,2024-04-20,21.0,542.31,3.39,any,False,,0.342,anna.bakker557@example.com
CUS-0002885,Hugo Hansen,smb,gold,ZN-000022,Shanghai,CN,APAC,148 Central Sq,31.258699,121.477698,2021-05-17,223.0,17056.97,3.71,evening,True,,0.152,hugo.hansen433@example.com
CUS-0002886,Leila Sharma,retail_consumer,none,ZN-000470,Shanghai,CN,APAC,245 Market Rd,31.233362,121.387444,2024-04-10,38.0,4062.59,4.15,morning,False,,0.442,leila.sharma706@example.com
CUS-0002887,Viktor Weber,retail_consumer,silver,ZN-000251,Jakarta,ID,APAC,320 Harbour Blvd,-6.274191,106.825222,2023-10-13,5.0,350.78,3.54,morning,False,,0.596,viktor.weber829@example.com
CUS-0002888,Grace Zhang,retail_consumer,silver,ZN-000006,London,GB,EMEA,272 Industrial Dr,51.560986,-0.134334,2024-04-23,8.0,2170.02,4.53,morning,False,,0.068,grace.zhang368@example.com
CUS-0002889,Grace Torres,retail_consumer,gold,ZN-000154,Rome,IT,EMEA,115 Warehouse Dr,41.964171,12.461948,2021-05-20,5.0,233.95,5.0,any,False,,0.561,grace.torres872@example.com
CUS-0002890,Chen Lindqvist,smb,none,ZN-000248,Mexico City,MX,LATAM,273 Station Blvd,19.436496,-99.038025,2020-07-21,252.0,29270.56,5.0,afternoon,True,,0.54,chen.lindqvist138@example.com
CUS-0002891,Chen Sharma,enterprise,gold,ZN-000310,Osaka,JP,APAC,104 Park Sq,34.742569,135.592209,2025-08-18,103.0,4025.14,3.67,evening,True,12.0,0.337,chen.sharma99@example.com
CUS-0002892,Grace Weber,smb,none,ZN-000408,Osaka,JP,APAC,278 Oak Ln,34.676444,135.603693,2019-05-30,27.0,1490.78,4.89,evening,True,,0.353,grace.weber995@example.com
CUS-0002893,Marcus Nakamura,enterprise,silver,ZN-000488,Rome,IT,EMEA,267 Church Blvd,41.654161,12.558976,2024-01-08,149.0,14161.86,3.15,evening,True,48.0,0.306,marcus.nakamura42@example.com
CUS-0002894,Nikolai Torres,marketplace_seller,gold,ZN-000248,Mexico City,MX,LATAM,369 Grove Blvd,19.446584,-99.0741,2024-11-26,26.0,738.42,4.26,evening,False,,0.263,nikolai.torres307@example.com
CUS-0002895,Elena Muller,enterprise,silver,ZN-000263,Manchester,GB,EMEA,450 Grove Way,53.448609,-2.278455,2025-03-03,392.0,50149.64,4.23,afternoon,True,24.0,0.745,elena.muller932@example.com
CUS-0002896,Mateo Smith,enterprise,bronze,ZN-000459,Mexico City,MX,LATAM,243 Pine St,19.468584,-99.096773,2018-12-22,142.0,4565.74,3.35,morning,True,12.0,0.091,mateo.smith334@example.com
CUS-0002897,Hugo Garcia,retail_consumer,silver,ZN-000475,London,GB,EMEA,270 Harbour Rd,51.557969,-0.060301,2025-11-30,16.0,1123.9,4.98,any,False,,0.0,hugo.garcia53@example.com
CUS-0002898,Marcus Silva,retail_consumer,bronze,ZN-000328,Manchester,GB,EMEA,443 Cedar Dr,53.57882,-2.280441,2021-05-04,5.0,142.73,3.71,afternoon,False,,0.165,marcus.silva783@example.com
CUS-0002899,Fatima Moreau,retail_consumer,silver,ZN-000453,Krakow,PL,EMEA,199 Market St,50.080659,19.946634,2020-11-23,22.0,1069.78,3.29,any,False,,0.486,fatima.moreau741@example.com
CUS-0002900,Elena Ali,retail_consumer,bronze,ZN-000341,Sao Paulo,BR,LATAM,286 Maple Way,-23.596148,-46.699734,2020-07-19,6.0,136.98,3.73,evening,False,,0.169,elena.ali148@example.com
CUS-0002901,Peter Ivanov,enterprise,silver,ZN-000167,Shanghai,CN,APAC,19 Elm Dr,31.157979,121.45797,2021-08-23,902.0,86691.44,3.95,afternoon,True,48.0,0.164,peter.ivanov359@example.com
CUS-0002902,Mateo Petrov,retail_consumer,silver,ZN-000111,Osaka,JP,APAC,156 Station St,34.635284,135.491884,2023-10-16,4.0,227.4,5.0,any,False,,0.585,mateo.petrov371@example.com
CUS-0002903,Yuki Silva,retail_consumer,silver,ZN-000419,Manchester,GB,EMEA,228 Oak Ave,53.419164,-2.333898,2020-04-21,3.0,87.46,4.1,any,False,,0.03,yuki.silva212@example.com
CUS-0002904,Nikolai Costa,enterprise,none,ZN-000416,Atlanta,US,NA,87 Union St,33.738385,-84.484718,2018-06-05,167.0,35415.85,3.76,afternoon,True,12.0,0.055,nikolai.costa13@example.com
CUS-0002905,Isabella Silva,retail_consumer,bronze,ZN-000336,London,GB,EMEA,184 Depot Dr,51.576959,-0.051656,2020-11-02,15.0,352.47,4.6,evening,False,,0.0,isabella.silva539@example.com
CUS-0002906,Rahul Ivanov,retail_consumer,none,ZN-000452,Delhi,IN,APAC,364 Maple Ave,28.770145,77.139377,2024-10-16,4.0,188.35,3.35,afternoon,False,,0.084,rahul.ivanov328@example.com
CUS-0002907,Ivan Garcia,retail_consumer,none,ZN-000394,Krakow,PL,EMEA,45 Pine Blvd,50.040474,19.638652,2021-01-05,3.0,105.7,3.29,any,False,,0.544,ivan.garcia452@example.com
CUS-0002908,Yuki Hansen,retail_consumer,gold,ZN-000291,Atlanta,US,NA,168 Union Dr,33.703812,-84.275553,2025-02-27,4.0,713.59,4.59,evening,False,,0.497,yuki.hansen337@example.com
CUS-0002909,Isabella Nguyen,enterprise,none,ZN-000395,London,GB,EMEA,147 Maple Dr,51.550018,-0.180894,2023-03-24,300.0,15270.0,4.53,any,True,48.0,0.123,isabella.nguyen876@example.com
CUS-0002910,Grace Muller,smb,none,ZN-000437,Rome,IT,EMEA,29 Cedar Blvd,41.883808,12.503522,2023-07-05,11.0,1032.85,4.85,evening,True,,0.231,grace.muller274@example.com
CUS-0002911,Daniel Garcia,smb,bronze,ZN-000209,Sao Paulo,BR,LATAM,8 Maple Way,-23.402564,-47.000222,2021-05-27,23.0,1407.44,4.98,afternoon,True,,0.39,daniel.garcia811@example.com
CUS-0002912,Freya Muller,retail_consumer,gold,ZN-000188,Manchester,GB,EMEA,40 Grove Dr,53.442026,-2.526378,2019-08-07,16.0,223.16,5.0,morning,False,,0.188,freya.muller899@example.com
CUS-0002913,Priya Kim,enterprise,gold,ZN-000408,Osaka,JP,APAC,355 Depot Sq,34.682819,135.560228,2023-09-01,1229.0,104374.34,3.43,any,True,24.0,0.0,priya.kim730@example.com
CUS-0002914,Nikolai Hansen,retail_consumer,silver,ZN-000059,Rome,IT,EMEA,442 Union Ln,41.965047,12.550221,2024-11-21,7.0,432.4,3.35,morning,False,,0.163,nikolai.hansen175@example.com
CUS-0002915,Peter Costa,retail_consumer,silver,ZN-000430,Manchester,GB,EMEA,190 Harbour Blvd,53.538442,-2.604902,2020-03-10,6.0,484.14,4.46,evening,False,,0.152,peter.costa118@example.com
CUS-0002916,Nadia Zhang,smb,bronze,ZN-000273,Rome,IT,EMEA,387 Park Rd,41.946148,12.553216,2023-11-10,11.0,1206.47,3.58,afternoon,True,,0.251,nadia.zhang458@example.com
CUS-0002917,Isabella Silva,enterprise,platinum,ZN-000371,Amsterdam,NL,EMEA,367 Central Rd,52.305646,4.903427,2019-01-05,333.0,13045.24,2.93,any,True,24.0,0.323,isabella.silva773@example.com
CUS-0002918,Nadia Nguyen,marketplace_seller,none,ZN-000050,Sao Paulo,BR,LATAM,47 Maple St,-23.663844,-46.637666,2018-07-06,18.0,499.32,4.12,evening,False,,0.16,nadia.nguyen106@example.com
CUS-0002919,Tomas Ivanov,retail_consumer,bronze,ZN-000386,Mexico City,MX,LATAM,200 Grove Ln,19.465319,-99.184664,2019-12-08,8.0,451.69,4.07,afternoon,False,,0.169,tomas.ivanov677@example.com
CUS-0002920,Rahul Fernandez,enterprise,bronze,ZN-000412,Osaka,JP,APAC,155 Depot Ave,34.706205,135.493494,2022-05-31,1309.0,116396.91,3.97,evening,True,48.0,0.373,rahul.fernandez337@example.com
CUS-0002921,Viktor Bakker,retail_consumer,silver,ZN-000170,Atlanta,US,NA,117 Station Sq,33.695566,-84.335656,2023-09-25,30.0,711.22,3.85,any,False,,0.199,viktor.bakker77@example.com
CUS-0002922,Aisha Kowalski,smb,none,ZN-000449,Stockholm,SE,EMEA,192 Station Blvd,59.295005,18.022582,2018-09-26,33.0,15123.47,4.64,afternoon,True,,0.212,aisha.kowalski479@example.com
CUS-0002923,Nadia Okafor,enterprise,silver,ZN-000371,Amsterdam,NL,EMEA,468 Industrial Sq,52.309992,4.937128,2020-09-07,157.0,4785.32,3.61,any,True,48.0,0.22,nadia.okafor954@example.com
CUS-0002924,Peter Petrov,smb,silver,ZN-000194,Delhi,IN,APAC,197 Kings Dr,28.61844,77.092064,2024-02-23,23.0,2145.12,4.12,afternoon,True,,0.011,peter.petrov733@example.com
CUS-0002925,Leila Fernandez,enterprise,silver,ZN-000465,Krakow,PL,EMEA,126 Park Ln,49.909888,19.552589,2020-09-21,241.0,5750.12,4.16,afternoon,True,48.0,0.302,leila.fernandez71@example.com
CUS-0002926,Mateo Bakker,retail_consumer,bronze,ZN-000167,Shanghai,CN,APAC,443 Industrial Way,31.141143,121.473283,2025-06-13,23.0,821.23,3.62,evening,False,,0.436,mateo.bakker435@example.com
CUS-0002927,Ivan Rahman,enterprise,none,ZN-000085,Osaka,JP,APAC,360 Riverside Blvd,34.62273,135.566596,2022-07-07,533.0,38960.58,4.53,morning,True,12.0,0.217,ivan.rahman11@example.com
CUS-0002928,Sofia Dubois,marketplace_seller,bronze,ZN-000400,Amsterdam,NL,EMEA,131 Pine Way,52.428,4.843058,2025-09-08,52.0,1028.37,3.32,morning,False,,0.402,sofia.dubois151@example.com
CUS-0002929,Nikolai Ali,retail_consumer,none,ZN-000158,Shanghai,CN,APAC,127 Union Dr,31.205678,121.596429,2024-03-31,11.0,428.06,5.0,afternoon,False,,0.082,nikolai.ali360@example.com
CUS-0002930,Isabella Okafor,public_sector,bronze,ZN-000437,Rome,IT,EMEA,81 Central Ln,41.86063,12.540845,2025-03-07,7.0,262.51,4.12,morning,True,48.0,0.224,isabella.okafor259@example.com
CUS-0002931,Carlos Ivanov,retail_consumer,silver,ZN-000426,Krakow,PL,EMEA,299 Warehouse Way,49.895865,19.653081,2018-02-21,2.0,130.34,4.27,evening,False,,0.431,carlos.ivanov689@example.com
CUS-0002932,Nikolai Torres,smb,silver,ZN-000190,Jakarta,ID,APAC,167 Park Dr,-6.231094,106.816435,2018-11-08,41.0,2760.42,3.84,afternoon,True,,0.0,nikolai.torres194@example.com
CUS-0002933,Omar Dubois,retail_consumer,none,ZN-000297,Krakow,PL,EMEA,318 Union Dr,50.108169,20.015007,2019-04-20,12.0,2095.3,4.16,morning,False,,0.389,omar.dubois833@example.com
CUS-0002934,Peter Torres,marketplace_seller,gold,ZN-000158,Shanghai,CN,APAC,164 Industrial Ln,31.178479,121.589511,2023-12-05,3.0,228.37,3.71,evening,False,,0.239,peter.torres236@example.com
CUS-0002935,Yuki Torres,retail_consumer,none,ZN-000114,London,GB,EMEA,257 Elm Sq,51.825215,-0.706753,2020-06-01,15.0,1251.37,3.64,evening,False,,0.453,yuki.torres748@example.com
CUS-0002936,Rahul Hansen,retail_consumer,bronze,ZN-000415,Manchester,GB,EMEA,285 Elm Sq,53.458012,-2.205266,2020-07-09,5.0,172.34,3.92,any,False,,0.009,rahul.hansen587@example.com
CUS-0002937,Alex Weber,smb,none,ZN-000432,Atlanta,US,NA,57 Warehouse Blvd,33.776415,-84.342804,2024-06-10,10.0,1086.15,4.65,any,True,,0.0,alex.weber371@example.com
CUS-0002938,Elena Yilmaz,retail_consumer,none,ZN-000422,Shanghai,CN,APAC,420 Victoria Rd,31.252823,121.397702,2018-05-01,19.0,1909.6,3.49,evening,False,,0.287,elena.yilmaz865@example.com
CUS-0002939,Lucas Kowalski,retail_consumer,none,ZN-000099,London,GB,EMEA,408 Maple Dr,51.492146,-0.045922,2024-11-18,5.0,168.02,5.0,any,False,,0.422,lucas.kowalski602@example.com
CUS-0002940,Tomas Weber,smb,none,ZN-000388,Atlanta,US,NA,268 Maple Ave,33.607316,-84.426292,2019-09-13,19.0,763.73,4.94,any,True,,0.407,tomas.weber451@example.com
CUS-0002941,Hugo Weber,smb,gold,ZN-000106,Atlanta,US,NA,437 Cedar Ave,33.746226,-84.477991,2024-04-02,67.0,1714.65,4.08,any,True,,0.226,hugo.weber529@example.com
CUS-0002942,Anna Rahman,smb,silver,ZN-000379,Shanghai,CN,APAC,73 Industrial St,31.30656,121.431702,2025-04-27,8.0,809.96,3.95,evening,True,,0.252,anna.rahman475@example.com
CUS-0002943,Hugo Smith,retail_consumer,platinum,ZN-000429,Stockholm,SE,EMEA,230 Kings Rd,59.322265,17.880674,2020-11-14,12.0,468.96,4.0,afternoon,False,,0.121,hugo.smith832@example.com
CUS-0002944,Omar Garcia,retail_consumer,none,ZN-000478,Los Angeles,US,NA,392 Maple Way,33.950412,-118.004196,2019-01-01,21.0,1375.34,3.51,afternoon,False,,0.293,omar.garcia873@example.com
CUS-0002945,Jun Muller,enterprise,none,ZN-000223,London,GB,EMEA,397 Union Rd,51.435596,-0.152511,2019-04-09,638.0,20506.27,3.75,morning,True,48.0,0.293,jun.muller249@example.com
CUS-0002946,Daniel Yilmaz,retail_consumer,bronze,ZN-000398,Rome,IT,EMEA,295 Industrial St,41.958183,12.462052,2025-03-27,27.0,2711.46,3.68,morning,False,,0.137,daniel.yilmaz133@example.com
CUS-0002947,Carlos Zhang,retail_consumer,bronze,ZN-000042,Osaka,JP,APAC,15 Central Dr,34.68381,135.468318,2024-07-13,4.0,168.29,3.38,morning,False,,0.163,carlos.zhang282@example.com
CUS-0002948,Nadia Nguyen,smb,none,ZN-000500,Shanghai,CN,APAC,345 Cedar St,31.246018,121.405113,2018-10-25,26.0,1374.24,4.1,any,True,,0.453,nadia.nguyen327@example.com
CUS-0002949,Diego Rossi,enterprise,none,ZN-000293,Shanghai,CN,APAC,101 Industrial Sq,31.157962,121.527147,2021-04-03,293.0,30146.05,3.45,evening,True,48.0,0.095,diego.rossi406@example.com
CUS-0002950,Marcus Muller,smb,none,ZN-000471,Shanghai,CN,APAC,322 Cedar Ave,31.189879,121.390307,2022-05-30,30.0,2602.6,5.0,morning,True,,0.674,marcus.muller494@example.com
CUS-0002951,Nikolai Silva,smb,none,ZN-000104,Krakow,PL,EMEA,55 Market Ln,50.093088,19.856407,2024-10-03,32.0,565.29,4.53,evening,True,,0.163,nikolai.silva541@example.com
CUS-0002952,Viktor Hansen,smb,none,ZN-000407,Bengaluru,IN,APAC,164 Victoria Dr,12.941938,77.259328,2020-07-25,55.0,2384.15,3.61,any,True,,0.093,viktor.hansen558@example.com
CUS-0002953,Peter Weber,enterprise,gold,ZN-000110,London,GB,EMEA,368 Elm Sq,51.562455,-0.118612,2021-10-01,128.0,55864.91,3.74,afternoon,True,12.0,0.203,peter.weber968@example.com
CUS-0002954,Peter Lindqvist,marketplace_seller,none,ZN-000155,Berlin,DE,EMEA,156 Industrial Way,52.545918,13.422688,2023-11-25,16.0,1793.09,3.39,any,False,,0.0,peter.lindqvist559@example.com
CUS-0002955,Jun Rahman,marketplace_seller,none,ZN-000020,Bengaluru,IN,APAC,124 Kings Blvd,12.96809,77.550358,2019-12-28,8.0,1198.5,3.24,evening,False,,0.332,jun.rahman649@example.com
CUS-0002956,Grace Lindqvist,smb,silver,ZN-000284,Bengaluru,IN,APAC,272 Bridge Ave,13.006806,77.583805,2020-11-15,18.0,1069.86,5.0,evening,True,,0.124,grace.lindqvist100@example.com
CUS-0002957,Daniel Torres,retail_consumer,none,ZN-000015,Osaka,JP,APAC,151 Kings Blvd,34.700681,135.508553,2021-08-08,2.0,28.14,3.95,evening,False,,0.068,daniel.torres890@example.com
CUS-0002958,Freya Muller,retail_consumer,gold,ZN-000475,London,GB,EMEA,95 Harbour Dr,51.550774,-0.044686,2018-09-29,3.0,38.53,3.07,any,False,,0.454,freya.muller197@example.com
CUS-0002959,Tomas Ali,smb,none,ZN-000491,Delhi,IN,APAC,379 Grove Ave,28.633063,77.112265,2019-01-11,15.0,4890.73,2.95,any,True,,0.282,tomas.ali69@example.com
CUS-0002960,Mateo Rossi,retail_consumer,none,ZN-000178,Bengaluru,IN,APAC,273 Harbour Blvd,12.943933,77.489132,2022-10-06,3.0,563.7,3.52,afternoon,False,,0.394,mateo.rossi197@example.com
CUS-0002961,Lucas Torres,retail_consumer,silver,ZN-000449,Stockholm,SE,EMEA,104 Park St,59.296765,18.041805,2025-05-13,30.0,1534.48,5.0,any,False,,0.105,lucas.torres648@example.com
CUS-0002962,Marcus Ali,smb,bronze,ZN-000396,Krakow,PL,EMEA,75 Riverside Dr,50.110695,19.655547,2020-08-18,12.0,529.13,3.14,any,True,,0.053,marcus.ali877@example.com
CUS-0002963,Freya Moreau,enterprise,none,ZN-000121,Shanghai,CN,APAC,315 Industrial Blvd,31.192965,121.432275,2020-05-03,156.0,5961.7,5.0,afternoon,True,12.0,0.135,freya.moreau676@example.com
CUS-0002964,Sofia Rossi,smb,gold,ZN-000362,London,GB,EMEA,352 Riverside Ln,51.481849,0.002827,2025-08-17,9.0,483.92,4.95,morning,True,,0.417,sofia.rossi416@example.com
CUS-0002965,Priya Moreau,retail_consumer,none,ZN-000153,Krakow,PL,EMEA,412 Market Blvd,50.013754,20.159783,2023-04-10,37.0,1452.8,3.88,morning,False,,0.465,priya.moreau489@example.com
CUS-0002966,Zara Novak,retail_consumer,gold,ZN-000372,Shanghai,CN,APAC,314 Pine Way,31.289852,121.4825,2022-07-26,9.0,831.49,4.48,afternoon,False,,0.479,zara.novak417@example.com
CUS-0002967,Chen Brown,smb,none,ZN-000363,Bengaluru,IN,APAC,463 Union Ave,13.0322,77.599555,2018-12-27,30.0,3529.07,2.73,morning,True,,0.032,chen.brown120@example.com
CUS-0002968,Jun Rahman,retail_consumer,bronze,ZN-000412,Osaka,JP,APAC,476 Cedar Ln,34.7008,135.435496,2021-06-25,9.0,416.9,3.22,evening,False,,0.121,jun.rahman253@example.com
CUS-0002969,Jun Nguyen,retail_consumer,none,ZN-000443,Rome,IT,EMEA,43 Cedar Rd,41.669304,12.341727,2024-09-28,4.0,498.19,4.08,morning,False,,0.0,jun.nguyen215@example.com
CUS-0002970,Amara Brown,enterprise,none,ZN-000335,Krakow,PL,EMEA,93 Union Rd,50.062745,20.006568,2022-10-13,564.0,33027.97,4.23,afternoon,True,24.0,0.382,amara.brown842@example.com
CUS-0002971,Anna Torres,enterprise,bronze,ZN-000039,Osaka,JP,APAC,276 Pine Ln,34.768047,135.553424,2022-06-03,318.0,31605.51,5.0,evening,True,12.0,0.357,anna.torres319@example.com
CUS-0002972,Lucas Novak,smb,bronze,ZN-000207,Berlin,DE,EMEA,134 Oak Rd,52.599169,13.43032,2019-09-19,16.0,893.36,4.16,any,True,,0.304,lucas.novak632@example.com
CUS-0002973,Ivan Brown,retail_consumer,none,ZN-000301,Atlanta,US,NA,50 Market Way,33.701556,-84.372062,2025-05-19,6.0,267.63,5.0,afternoon,False,,0.118,ivan.brown157@example.com
CUS-0002974,Elena Dubois,retail_consumer,gold,ZN-000136,Rome,IT,EMEA,347 Grove Dr,42.05409,12.718509,2021-09-28,6.0,254.21,2.54,afternoon,False,,0.0,elena.dubois760@example.com
CUS-0002975,Leila Lindqvist,smb,none,ZN-000217,Rome,IT,EMEA,291 Union Sq,41.986093,12.535026,2022-08-27,28.0,1100.02,3.18,evening,True,,0.403,leila.lindqvist217@example.com
CUS-0002976,Aisha Bakker,smb,bronze,ZN-000316,Mexico City,MX,LATAM,322 Church Blvd,19.413031,-99.208985,2019-07-26,14.0,1364.6,3.69,evening,True,,0.403,aisha.bakker133@example.com
CUS-0002977,Alex Rahman,enterprise,none,ZN-000179,Osaka,JP,APAC,407 Park Sq,34.687697,135.551187,2024-07-27,1107.0,47973.69,3.36,any,True,24.0,0.217,alex.rahman233@example.com
CUS-0002978,Rahul Novak,retail_consumer,bronze,ZN-000448,Rome,IT,EMEA,88 Cedar Blvd,41.842405,12.358709,2022-03-05,19.0,789.58,4.64,any,False,,0.65,rahul.novak465@example.com
CUS-0002979,Omar Garcia,retail_consumer,silver,ZN-000279,Los Angeles,US,NA,231 Elm Ln,34.109229,-118.261308,2023-11-08,20.0,1061.36,4.59,evening,False,,0.29,omar.garcia131@example.com
CUS-0002980,Alex Ivanov,retail_consumer,bronze,ZN-000445,Delhi,IN,APAC,473 Harbour Ln,28.698103,77.082261,2025-08-21,92.0,2121.73,3.89,morning,False,,0.322,alex.ivanov17@example.com
CUS-0002981,Priya Hansen,retail_consumer,none,ZN-000494,Amsterdam,NL,EMEA,130 Bridge Blvd,52.34912,5.046259,2021-09-20,17.0,245.45,4.2,morning,False,,0.214,priya.hansen674@example.com
CUS-0002982,Chen Zhang,retail_consumer,gold,ZN-000198,London,GB,EMEA,173 Maple Ln,51.315565,-0.069871,2020-09-09,9.0,729.77,3.99,afternoon,False,,0.238,chen.zhang314@example.com
CUS-0002983,Diego Bakker,retail_consumer,bronze,ZN-000383,London,GB,EMEA,22 Market Ave,51.46314,-0.175213,2018-10-11,39.0,1780.48,4.21,afternoon,False,,0.069,diego.bakker850@example.com
CUS-0002984,Isabella Bakker,retail_consumer,bronze,ZN-000133,Delhi,IN,APAC,435 Kings Sq,28.571067,77.114037,2022-09-22,13.0,900.27,4.05,any,False,,0.332,isabella.bakker719@example.com
CUS-0002985,Maria Torres,retail_consumer,gold,ZN-000245,Osaka,JP,APAC,157 Station St,34.687608,135.425938,2020-04-23,8.0,1131.31,4.99,afternoon,False,,0.173,maria.torres903@example.com
CUS-0002986,Carlos Novak,retail_consumer,bronze,ZN-000073,Amsterdam,NL,EMEA,244 Market St,52.301377,4.826979,2018-02-24,4.0,409.22,5.0,evening,False,,0.374,carlos.novak657@example.com
CUS-0002987,Marcus Dubois,enterprise,none,ZN-000205,Rome,IT,EMEA,118 Church Way,41.962114,12.390197,2024-12-21,128.0,2108.3,4.5,afternoon,True,48.0,0.379,marcus.dubois161@example.com
CUS-0002988,Fatima Garcia,retail_consumer,silver,ZN-000126,London,GB,EMEA,369 Victoria St,51.410501,-0.218691,2025-09-16,14.0,559.35,3.77,evening,False,,0.307,fatima.garcia941@example.com
CUS-0002989,Hugo Smith,public_sector,none,ZN-000097,Atlanta,US,NA,90 Maple Rd,33.799366,-84.45646,2021-01-23,39.0,4363.17,2.68,afternoon,True,12.0,0.485,hugo.smith772@example.com
CUS-0002990,Tomas Rahman,retail_consumer,none,ZN-000413,Osaka,JP,APAC,346 Market Sq,34.630848,135.462879,2024-01-01,16.0,318.42,4.48,afternoon,False,,0.099,tomas.rahman127@example.com
CUS-0002991,Zara Kowalski,retail_consumer,gold,ZN-000184,London,GB,EMEA,251 Harbour St,51.517627,-0.033997,2018-01-03,10.0,503.9,2.5,afternoon,False,,0.246,zara.kowalski78@example.com
CUS-0002992,Fatima Muller,smb,bronze,ZN-000225,London,GB,EMEA,117 Cedar Rd,51.537856,-0.122047,2019-06-08,18.0,943.57,3.79,afternoon,True,,0.016,fatima.muller388@example.com
CUS-0002993,Mateo Dubois,public_sector,none,ZN-000447,Amsterdam,NL,EMEA,386 Harbour Dr,52.442507,4.951377,2020-11-28,42.0,12878.07,4.03,any,True,48.0,0.182,mateo.dubois407@example.com
CUS-0002994,Maria Nakamura,smb,none,ZN-000362,London,GB,EMEA,426 Industrial St,51.48295,-0.024606,2018-12-21,19.0,2188.12,4.36,evening,True,,0.073,maria.nakamura558@example.com
CUS-0002995,Yuki Bakker,retail_consumer,silver,ZN-000014,Delhi,IN,APAC,172 Station Sq,28.792536,77.091512,2018-11-11,6.0,303.55,4.15,afternoon,False,,0.291,yuki.bakker246@example.com
CUS-0002996,Amara Sharma,retail_consumer,silver,ZN-000124,London,GB,EMEA,62 Kings Way,51.494892,-0.057961,2019-01-12,5.0,435.06,4.13,morning,False,,0.137,amara.sharma702@example.com
CUS-0002997,Leila Nguyen,marketplace_seller,none,ZN-000282,Manchester,GB,EMEA,199 Bridge Blvd,53.491524,-2.383401,2025-10-27,10.0,261.98,4.39,any,False,,0.637,leila.nguyen567@example.com
CUS-0002998,Peter Torres,marketplace_seller,bronze,ZN-000199,Mexico City,MX,LATAM,125 Central Ave,18.954655,-98.942717,2024-11-18,19.0,3119.77,4.11,afternoon,False,,0.268,peter.torres615@example.com
CUS-0002999,Marcus Fernandez,retail_consumer,none,ZN-000106,Atlanta,US,NA,132 Elm Way,33.760692,-84.455662,2019-12-11,8.0,514.77,4.75,any,False,,0.361,marcus.fernandez21@example.com
CUS-0003000,Omar Kowalski,smb,none,ZN-000060,Delhi,IN,APAC,405 Kings Rd,28.621701,77.098556,2019-02-11,25.0,1240.99,3.85,morning,True,,0.48,omar.kowalski851@example.com
CUS-0003001,Aisha Lindqvist,smb,none,ZN-000252,Rome,IT,EMEA,239 Central Way,41.859805,12.417124,2023-03-18,13.0,3063.52,4.09,afternoon,True,,0.321,aisha.lindqvist821@example.com
CUS-0003002,Anna Garcia,public_sector,none,ZN-000049,Stockholm,SE,EMEA,402 Park Rd,59.273091,18.145405,2019-01-09,6.0,473.62,4.7,any,True,12.0,0.059,anna.garcia768@example.com
CUS-0003003,Aisha Muller,marketplace_seller,none,ZN-000115,Krakow,PL,EMEA,28 Cedar Ave,50.003146,19.904262,2024-06-07,15.0,309.99,4.0,evening,False,,0.146,aisha.muller362@example.com
CUS-0003004,Viktor Muller,enterprise,bronze,ZN-000255,Los Angeles,US,NA,262 Market Way,34.049597,-118.166979,2022-04-20,140.0,11533.96,5.0,evening,True,48.0,0.266,viktor.muller261@example.com
CUS-0003005,Amara Hansen,retail_consumer,none,ZN-000342,Bengaluru,IN,APAC,170 Maple Sq,12.908613,77.59971,2025-01-10,31.0,756.8,2.85,morning,False,,0.164,amara.hansen306@example.com
CUS-0003006,Maria Yilmaz,retail_consumer,bronze,ZN-000191,Bengaluru,IN,APAC,381 Warehouse Sq,12.914219,77.5102,2020-08-04,7.0,148.12,4.7,evening,False,,0.163,maria.yilmaz78@example.com
CUS-0003007,Peter Yilmaz,enterprise,silver,ZN-000402,London,GB,EMEA,394 Oak Ln,51.58583,-0.164355,2024-12-22,193.0,5920.16,5.0,evening,True,48.0,0.161,peter.yilmaz13@example.com
CUS-0003008,Omar Brown,retail_consumer,bronze,ZN-000259,Amsterdam,NL,EMEA,394 Maple Blvd,52.469231,4.925773,2021-05-25,2.0,268.5,5.0,afternoon,False,,0.324,omar.brown658@example.com
CUS-0003009,Fatima Silva,smb,none,ZN-000008,Krakow,PL,EMEA,47 Market Way,50.100662,20.05239,2022-01-11,7.0,1293.39,3.73,morning,True,,0.282,fatima.silva887@example.com
CUS-0003010,Carlos Ivanov,retail_consumer,silver,ZN-000323,Mexico City,MX,LATAM,357 Riverside Way,19.404057,-99.040164,2018-08-31,15.0,468.85,4.28,evening,False,,0.5,carlos.ivanov89@example.com
CUS-0003011,Ivan Nguyen,marketplace_seller,bronze,ZN-000192,Mexico City,MX,LATAM,402 Park Dr,19.447219,-99.165662,2019-09-28,16.0,784.14,3.55,morning,False,,0.138,ivan.nguyen664@example.com
CUS-0003012,Tomas Yilmaz,retail_consumer,gold,ZN-000053,Shanghai,CN,APAC,278 Oak Sq,31.240574,121.525541,2021-03-13,41.0,1817.3,3.67,afternoon,False,,0.01,tomas.yilmaz987@example.com
CUS-0003013,Zara Ali,marketplace_seller,platinum,ZN-000407,Bengaluru,IN,APAC,189 Kings Way,12.950636,77.230754,2021-02-04,5.0,577.38,4.94,any,False,,0.388,zara.ali658@example.com
CUS-0003014,Freya Moreau,enterprise,none,ZN-000223,London,GB,EMEA,175 Elm Blvd,51.424573,-0.217685,2020-11-19,854.0,81433.99,4.01,morning,True,48.0,0.345,freya.moreau295@example.com
CUS-0003015,Daniel Ali,retail_consumer,bronze,ZN-000005,Krakow,PL,EMEA,40 Market Way,50.194564,19.972707,2023-02-01,3.0,142.8,4.71,any,False,,0.233,daniel.ali822@example.com
CUS-0003016,Lucas Moreau,smb,silver,ZN-000251,Jakarta,ID,APAC,94 Warehouse Way,-6.268549,106.849254,2023-04-12,26.0,1480.9,4.7,morning,True,,0.0,lucas.moreau988@example.com
CUS-0003017,Nadia Muller,retail_consumer,bronze,ZN-000038,Atlanta,US,NA,366 Harbour Sq,34.004733,-84.833321,2020-12-02,18.0,425.13,3.91,morning,False,,0.213,nadia.muller509@example.com
CUS-0003018,Yuki Costa,smb,silver,ZN-000140,Krakow,PL,EMEA,409 Elm Blvd,50.097148,20.0518,2025-11-14,19.0,554.8,3.8,any,True,,0.472,yuki.costa143@example.com
CUS-0003019,Sofia Costa,retail_consumer,none,ZN-000437,Rome,IT,EMEA,370 Victoria Ln,41.869519,12.544786,2025-03-29,4.0,109.4,3.09,morning,False,,0.51,sofia.costa623@example.com
CUS-0003020,Omar Lindqvist,retail_consumer,bronze,ZN-000282,Manchester,GB,EMEA,295 Elm Ln,53.496563,-2.385573,2025-04-19,18.0,515.95,4.66,any,False,,0.611,omar.lindqvist401@example.com
CUS-0003021,Viktor Lindqvist,retail_consumer,gold,ZN-000373,Amsterdam,NL,EMEA,119 Grove Sq,52.323933,4.831573,2021-02-22,25.0,3990.96,4.43,afternoon,False,,0.197,viktor.lindqvist475@example.com
CUS-0003022,Grace Ali,smb,silver,ZN-000382,Shanghai,CN,APAC,310 Industrial St,31.219057,121.434724,2024-11-26,25.0,435.2,3.73,afternoon,True,,0.0,grace.ali383@example.com
CUS-0003023,Priya Costa,smb,platinum,ZN-000143,Delhi,IN,APAC,330 Elm St,28.681331,77.200821,2023-10-30,45.0,1445.18,3.57,any,True,,0.081,priya.costa839@example.com
CUS-0003024,Rahul Kim,smb,silver,ZN-000104,Krakow,PL,EMEA,393 Market Rd,50.08432,19.852493,2023-07-29,17.0,1097.84,3.37,any,True,,0.338,rahul.kim516@example.com
CUS-0003025,Diego Bakker,retail_consumer,gold,ZN-000146,London,GB,EMEA,305 Park Dr,51.60213,-0.186941,2020-01-31,3.0,120.59,4.93,morning,False,,0.16,diego.bakker327@example.com
CUS-0003026,Yuki Okafor,enterprise,silver,ZN-000156,Atlanta,US,NA,101 Depot Dr,33.857523,-84.360711,2023-07-12,125.0,10359.34,4.07,evening,True,48.0,0.015,yuki.okafor649@example.com
CUS-0003027,Carlos Kim,retail_consumer,bronze,ZN-000068,Delhi,IN,APAC,179 Central Blvd,28.705978,77.09302,2025-02-23,25.0,715.22,4.87,evening,False,,0.029,carlos.kim981@example.com
CUS-0003028,Priya Brown,enterprise,silver,ZN-000150,Rome,IT,EMEA,172 Pine Rd,42.003077,12.570309,2021-03-08,173.0,5360.59,3.67,afternoon,True,12.0,0.15,priya.brown34@example.com
CUS-0003029,Leila Rossi,smb,silver,ZN-000256,Osaka,JP,APAC,389 Victoria St,34.642721,135.66133,2020-10-03,25.0,1069.74,4.82,any,True,,0.017,leila.rossi797@example.com
CUS-0003030,Zara Rahman,retail_consumer,none,ZN-000033,Delhi,IN,APAC,42 Industrial Ave,28.749202,77.195677,2024-09-19,9.0,346.6,3.06,morning,False,,0.418,zara.rahman58@example.com
CUS-0003031,Freya Novak,enterprise,bronze,ZN-000114,London,GB,EMEA,264 Market Ln,51.835308,-0.669144,2022-04-03,144.0,3200.2,3.09,afternoon,True,12.0,0.131,freya.novak272@example.com
CUS-0003032,Diego Smith,retail_consumer,silver,ZN-000097,Atlanta,US,NA,393 Park Blvd,33.811828,-84.439521,2024-09-14,6.0,590.94,5.0,morning,False,,0.26,diego.smith60@example.com
CUS-0003033,Nadia Ivanov,enterprise,none,ZN-000285,London,GB,EMEA,169 Harbour Way,51.507367,-0.026566,2020-10-24,157.0,8877.8,5.0,evening,True,24.0,0.38,nadia.ivanov910@example.com
CUS-0003034,Fatima Kim,smb,bronze,ZN-000342,Bengaluru,IN,APAC,308 Bridge Rd,12.899914,77.590178,2018-09-21,25.0,2033.54,3.99,morning,True,,0.535,fatima.kim294@example.com
CUS-0003035,Elena Silva,retail_consumer,silver,ZN-000098,Rome,IT,EMEA,407 Depot Blvd,41.875123,13.224828,2025-09-30,3.0,100.81,5.0,evening,False,,0.419,elena.silva683@example.com
CUS-0003036,Sofia Torres,smb,none,ZN-000206,Rome,IT,EMEA,215 Station Dr,41.937573,12.556679,2021-12-07,23.0,951.24,4.37,evening,True,,0.181,sofia.torres703@example.com
CUS-0003037,Amara Kowalski,smb,bronze,ZN-000138,Jakarta,ID,APAC,222 Central Ave,-6.228713,106.963922,2025-02-23,12.0,912.86,4.3,morning,True,,0.432,amara.kowalski531@example.com
CUS-0003038,Priya Ivanov,marketplace_seller,bronze,ZN-000157,Rome,IT,EMEA,284 Oak Way,41.904197,12.336181,2019-10-02,20.0,521.52,5.0,afternoon,False,,0.518,priya.ivanov864@example.com
CUS-0003039,Nadia Ali,retail_consumer,silver,ZN-000427,Rome,IT,EMEA,353 Pine Dr,41.951482,12.49768,2023-01-11,4.0,93.68,4.17,any,False,,0.345,nadia.ali973@example.com
CUS-0003040,Elena Brown,retail_consumer,bronze,ZN-000351,London,GB,EMEA,462 Maple St,51.467607,-0.1516,2023-08-16,13.0,827.12,3.8,morning,False,,0.287,elena.brown94@example.com
CUS-0003041,Omar Bakker,public_sector,platinum,ZN-000403,Atlanta,US,NA,162 Maple St,33.931734,-84.476811,2022-08-08,4.0,365.68,3.49,afternoon,True,12.0,0.0,omar.bakker285@example.com
CUS-0003042,Jun Sharma,retail_consumer,none,ZN-000069,Berlin,DE,EMEA,178 Kings Ln,52.535038,13.561557,2022-05-05,7.0,172.49,2.56,afternoon,False,,0.287,jun.sharma455@example.com
CUS-0003043,Grace Rahman,enterprise,gold,ZN-000324,Rome,IT,EMEA,220 Maple Rd,41.971327,12.575802,2019-07-21,94.0,16222.7,4.08,morning,True,48.0,0.551,grace.rahman471@example.com
CUS-0003044,Viktor Yilmaz,retail_consumer,silver,ZN-000080,Bengaluru,IN,APAC,49 Pine Blvd,12.974056,77.647767,2024-05-24,6.0,554.64,3.32,any,False,,0.416,viktor.yilmaz882@example.com
CUS-0003045,Lucas Yilmaz,retail_consumer,bronze,ZN-000204,Manchester,GB,EMEA,320 Depot Rd,53.60103,-1.813844,2024-01-03,11.0,206.48,3.8,any,False,,0.111,lucas.yilmaz175@example.com
CUS-0003046,Nadia Nguyen,marketplace_seller,gold,ZN-000282,Manchester,GB,EMEA,451 Pine Dr,53.49679,-2.389518,2019-08-14,11.0,283.35,4.21,morning,False,,0.394,nadia.nguyen348@example.com
CUS-0003047,Omar Yilmaz,enterprise,bronze,ZN-000183,Sao Paulo,BR,LATAM,448 Pine Rd,-23.623236,-46.674003,2018-06-03,369.0,13745.33,3.97,any,True,24.0,0.344,omar.yilmaz811@example.com
CUS-0003048,Carlos Nakamura,retail_consumer,bronze,ZN-000470,Shanghai,CN,APAC,420 Station Ave,31.235909,121.36756,2023-04-30,21.0,489.56,4.2,evening,False,,0.424,carlos.nakamura618@example.com
CUS-0003049,Alex Hansen,retail_consumer,bronze,ZN-000487,London,GB,EMEA,196 Harbour St,51.575656,-0.145777,2025-07-16,13.0,275.29,5.0,any,False,,0.334,alex.hansen582@example.com
CUS-0003050,Omar Zhang,smb,none,ZN-000309,Krakow,PL,EMEA,2 Victoria Blvd,49.970655,19.616641,2024-01-21,44.0,3302.95,4.32,any,True,,0.325,omar.zhang430@example.com
CUS-0003051,Grace Ivanov,smb,platinum,ZN-000179,Osaka,JP,APAC,176 Bridge Rd,34.686325,135.58731,2021-03-29,28.0,1110.05,5.0,any,True,,0.432,grace.ivanov167@example.com
CUS-0003052,Fatima Dubois,retail_consumer,silver,ZN-000096,Krakow,PL,EMEA,442 Harbour Blvd,49.650149,20.137106,2020-07-22,6.0,464.42,5.0,morning,False,,0.099,fatima.dubois407@example.com
CUS-0003053,Daniel Torres,smb,none,ZN-000378,Manchester,GB,EMEA,326 Oak Ln,52.944497,-1.939877,2023-09-11,17.0,623.1,5.0,evening,True,,0.393,daniel.torres96@example.com
CUS-0003054,Omar Sharma,smb,silver,ZN-000396,Krakow,PL,EMEA,180 Central Sq,50.14945,19.633214,2020-06-26,15.0,1453.59,4.42,evening,True,,0.352,omar.sharma612@example.com
CUS-0003055,Rahul Kowalski,retail_consumer,none,ZN-000037,Sao Paulo,BR,LATAM,9 Elm Sq,-23.604284,-46.598935,2023-07-02,11.0,248.04,4.47,any,False,,0.375,rahul.kowalski473@example.com
CUS-0003056,Jun Lindqvist,retail_consumer,gold,ZN-000146,London,GB,EMEA,416 Industrial Rd,51.579757,-0.204622,2020-04-10,15.0,443.87,4.29,afternoon,False,,0.0,jun.lindqvist73@example.com
CUS-0003057,Lucas Sharma,retail_consumer,gold,ZN-000240,Delhi,IN,APAC,380 Oak Sq,28.731077,77.018062,2021-03-04,5.0,139.95,4.91,afternoon,False,,0.334,lucas.sharma782@example.com
CUS-0003058,Rahul Novak,enterprise,silver,ZN-000241,London,GB,EMEA,392 Kings Blvd,51.466116,-0.017214,2024-05-02,160.0,13402.15,3.86,evening,True,12.0,0.306,rahul.novak523@example.com
CUS-0003059,Elena Dubois,public_sector,none,ZN-000039,Osaka,JP,APAC,278 Elm Way,34.791453,135.543173,2023-01-21,15.0,871.78,4.21,morning,True,24.0,0.246,elena.dubois904@example.com
CUS-0003060,Leila Torres,marketplace_seller,none,ZN-000170,Atlanta,US,NA,156 Station Ln,33.680688,-84.331053,2021-01-03,3.0,371.79,2.84,any,False,,0.378,leila.torres241@example.com
CUS-0003061,Mateo Dubois,retail_consumer,none,ZN-000232,Manchester,GB,EMEA,327 Grove Ave,53.420812,-2.374963,2022-05-16,8.0,453.58,4.99,afternoon,False,,0.644,mateo.dubois384@example.com
CUS-0003062,Anna Ivanov,retail_consumer,bronze,ZN-000487,London,GB,EMEA,366 Maple Rd,51.579702,-0.127519,2018-09-23,10.0,982.37,4.61,morning,False,,0.132,anna.ivanov278@example.com
CUS-0003063,Aisha Torres,enterprise,bronze,ZN-000124,London,GB,EMEA,212 Station Ave,51.512019,-0.061772,2023-10-11,215.0,4010.46,4.21,evening,True,24.0,0.299,aisha.torres654@example.com
CUS-0003064,Elena Rossi,retail_consumer,none,ZN-000471,Shanghai,CN,APAC,94 Park Sq,31.194075,121.408607,2018-05-04,11.0,964.56,4.74,afternoon,False,,0.213,elena.rossi987@example.com
CUS-0003065,Rahul Sharma,retail_consumer,gold,ZN-000225,London,GB,EMEA,266 Kings St,51.503218,-0.184007,2024-11-18,10.0,713.14,3.26,afternoon,False,,0.13,rahul.sharma51@example.com
CUS-0003066,Isabella Brown,retail_consumer,none,ZN-000393,Rome,IT,EMEA,188 Oak Dr,41.962251,12.596926,2020-05-21,11.0,235.65,4.58,any,False,,0.376,isabella.brown744@example.com
CUS-0003067,Marcus Moreau,retail_consumer,bronze,ZN-000083,Los Angeles,US,NA,223 Harbour Rd,34.044664,-118.22656,2025-03-28,4.0,199.17,2.64,any,False,,0.251,marcus.moreau624@example.com
CUS-0003068,Alex Dubois,marketplace_seller,none,ZN-000208,London,GB,EMEA,358 Elm Way,51.471712,-0.071633,2021-05-13,8.0,510.6,4.17,evening,False,,0.115,alex.dubois768@example.com
CUS-0003069,Fatima Lindqvist,retail_consumer,gold,ZN-000118,London,GB,EMEA,155 Bridge Sq,51.553389,-0.047084,2020-06-06,10.0,2039.03,4.35,any,False,,0.298,fatima.lindqvist152@example.com
CUS-0003070,Omar Kowalski,retail_consumer,none,ZN-000033,Delhi,IN,APAC,428 Cedar Ln,28.740863,77.159437,2024-11-16,4.0,285.0,4.08,afternoon,False,,0.511,omar.kowalski601@example.com
CUS-0003071,Maria Rossi,smb,none,ZN-000217,Rome,IT,EMEA,403 Elm St,41.966551,12.553192,2021-10-22,29.0,959.67,4.57,any,True,,0.158,maria.rossi433@example.com
CUS-0003072,Hugo Silva,retail_consumer,platinum,ZN-000301,Atlanta,US,NA,72 Pine Ave,33.702624,-84.352737,2018-08-17,16.0,659.48,5.0,evening,False,,0.581,hugo.silva984@example.com
CUS-0003073,Lucas Okafor,retail_consumer,none,ZN-000276,Delhi,IN,APAC,217 Church Ln,28.674168,77.093604,2023-08-11,4.0,108.5,3.05,afternoon,False,,0.4,lucas.okafor819@example.com
CUS-0003074,Alex Nakamura,marketplace_seller,none,ZN-000336,London,GB,EMEA,450 Union Way,51.542383,-0.030412,2019-08-25,12.0,318.92,4.03,evening,False,,0.558,alex.nakamura216@example.com
CUS-0003075,Nadia Bakker,marketplace_seller,none,ZN-000344,Bengaluru,IN,APAC,416 Pine Blvd,13.057155,77.617605,2018-09-27,3.0,54.65,4.21,afternoon,False,,0.296,nadia.bakker955@example.com
CUS-0003076,Maria Yilmaz,marketplace_seller,platinum,ZN-000005,Krakow,PL,EMEA,205 Maple Ln,50.163731,20.025838,2022-02-24,4.0,133.31,4.06,evening,False,,0.11,maria.yilmaz306@example.com
CUS-0003077,Alex Bakker,retail_consumer,gold,ZN-000443,Rome,IT,EMEA,174 Kings Blvd,41.684012,12.324581,2018-03-26,24.0,892.67,4.08,afternoon,False,,0.2,alex.bakker627@example.com
CUS-0003078,Chen Torres,retail_consumer,none,ZN-000252,Rome,IT,EMEA,456 Oak Ln,41.885627,12.427985,2024-03-18,37.0,1569.05,4.48,any,False,,0.261,chen.torres370@example.com
CUS-0003079,Lucas Bakker,retail_consumer,bronze,ZN-000240,Delhi,IN,APAC,434 Union Dr,28.716013,76.983809,2024-11-17,7.0,149.47,2.62,evening,False,,0.417,lucas.bakker524@example.com
CUS-0003080,Nadia Fernandez,retail_consumer,platinum,ZN-000172,Jakarta,ID,APAC,125 Elm Way,-6.107973,106.838714,2019-01-17,4.0,1107.72,3.41,evening,False,,0.268,nadia.fernandez354@example.com
CUS-0003081,Elena Smith,retail_consumer,silver,ZN-000203,London,GB,EMEA,158 Elm Ave,51.753499,-0.222358,2019-12-08,8.0,746.28,4.28,any,False,,0.245,elena.smith481@example.com
CUS-0003082,Priya Rahman,marketplace_seller,silver,ZN-000009,Shanghai,CN,APAC,328 Oak Sq,31.245667,121.544029,2020-08-23,6.0,286.47,5.0,afternoon,False,,0.316,priya.rahman136@example.com
CUS-0003083,Carlos Costa,smb,silver,ZN-000148,Shanghai,CN,APAC,55 Warehouse Rd,31.223939,121.357634,2020-01-25,48.0,2864.95,4.67,morning,True,,0.193,carlos.costa239@example.com
CUS-0003084,Sofia Petrov,retail_consumer,none,ZN-000481,Rome,IT,EMEA,233 Harbour Ave,41.904104,12.445003,2018-07-05,16.0,569.03,5.0,evening,False,,0.412,sofia.petrov840@example.com
CUS-0003085,Rahul Silva,smb,bronze,ZN-000067,Los Angeles,US,NA,372 Oak Rd,33.829299,-118.246923,2020-01-31,61.0,2301.01,3.02,afternoon,True,,0.327,rahul.silva636@example.com
CUS-0003086,Viktor Torres,smb,silver,ZN-000036,Shanghai,CN,APAC,147 Elm Dr,31.22582,121.405761,2021-06-06,11.0,822.99,3.62,afternoon,True,,0.271,viktor.torres883@example.com
CUS-0003087,Maria Okafor,retail_consumer,bronze,ZN-000440,Rome,IT,EMEA,384 Victoria Ln,41.8976,12.415811,2025-10-25,10.0,551.76,4.59,evening,False,,0.299,maria.okafor467@example.com
CUS-0003088,Zara Yilmaz,retail_consumer,gold,ZN-000223,London,GB,EMEA,345 Warehouse Rd,51.428278,-0.179888,2019-09-29,30.0,1587.98,4.7,any,False,,0.351,zara.yilmaz807@example.com
CUS-0003089,Jun Lindqvist,retail_consumer,bronze,ZN-000424,Mexico City,MX,LATAM,465 Bridge Rd,19.498258,-99.12525,2022-05-27,8.0,244.67,4.98,morning,False,,0.215,jun.lindqvist23@example.com
CUS-0003090,Nikolai Sharma,retail_consumer,bronze,ZN-000219,Los Angeles,US,NA,41 Depot Blvd,34.032445,-118.369886,2020-08-19,9.0,322.71,4.29,any,False,,0.412,nikolai.sharma718@example.com
CUS-0003091,Aisha Rossi,smb,platinum,ZN-000497,Berlin,DE,EMEA,424 Pine Dr,52.431206,13.387447,2025-01-14,19.0,2022.31,4.69,any,True,,0.849,aisha.rossi76@example.com
CUS-0003092,Mateo Smith,retail_consumer,none,ZN-000035,Manchester,GB,EMEA,222 Elm Ave,53.383964,-2.34944,2025-04-19,8.0,1354.81,3.71,evening,False,,0.328,mateo.smith462@example.com
CUS-0003093,Rahul Fernandez,retail_consumer,none,ZN-000175,Los Angeles,US,NA,454 Harbour Rd,34.087823,-118.027548,2018-07-18,9.0,235.79,4.11,any,False,,0.471,rahul.fernandez511@example.com
CUS-0003094,Omar Rahman,smb,gold,ZN-000122,Berlin,DE,EMEA,213 Grove St,52.465016,13.295251,2021-10-20,26.0,512.59,4.58,morning,True,,0.074,omar.rahman847@example.com
CUS-0003095,Aisha Muller,retail_consumer,bronze,ZN-000016,Rome,IT,EMEA,96 Warehouse Sq,41.867352,12.448022,2021-11-16,58.0,4526.27,3.44,any,False,,0.157,aisha.muller476@example.com
CUS-0003096,Mateo Costa,smb,none,ZN-000368,Delhi,IN,APAC,461 Union St,28.670099,77.138845,2018-06-06,10.0,744.27,4.43,evening,True,,0.355,mateo.costa936@example.com
CUS-0003097,Maria Bakker,smb,silver,ZN-000166,Rome,IT,EMEA,368 Kings Ln,41.802174,12.552664,2024-04-12,17.0,1310.35,3.35,afternoon,True,,0.417,maria.bakker795@example.com
CUS-0003098,Ivan Rahman,retail_consumer,none,ZN-000292,Krakow,PL,EMEA,293 Riverside Way,50.36444,19.191011,2020-05-16,37.0,3795.94,5.0,morning,False,,0.253,ivan.rahman806@example.com
CUS-0003099,Jun Yilmaz,retail_consumer,none,ZN-000277,Jakarta,ID,APAC,260 Industrial Ln,-6.221808,106.753955,2022-12-15,23.0,1924.68,4.98,evening,False,,0.203,jun.yilmaz859@example.com
CUS-0003100,Priya Moreau,retail_consumer,none,ZN-000201,Amsterdam,NL,EMEA,332 Depot Ave,52.477483,4.877454,2020-12-20,5.0,80.32,4.7,afternoon,False,,0.0,priya.moreau364@example.com
CUS-0003101,Alex Yilmaz,retail_consumer,none,ZN-000151,Delhi,IN,APAC,83 Market Rd,28.692086,77.026219,2020-12-01,27.0,2258.77,3.92,morning,False,,0.15,alex.yilmaz938@example.com
CUS-0003102,Amara Ivanov,retail_consumer,none,ZN-000203,London,GB,EMEA,447 Pine Ln,51.750157,-0.196944,2020-06-09,142.0,3575.8,5.0,afternoon,False,,0.119,amara.ivanov112@example.com
CUS-0003103,Viktor Petrov,enterprise,platinum,ZN-000091,Shanghai,CN,APAC,452 Depot Blvd,31.184845,121.421119,2025-09-12,37.0,6588.46,4.78,any,True,48.0,0.358,viktor.petrov984@example.com
CUS-0003104,Zara Nakamura,retail_consumer,bronze,ZN-000454,Delhi,IN,APAC,21 Cedar St,28.775565,77.048899,2024-02-15,13.0,716.64,4.48,afternoon,False,,0.122,zara.nakamura130@example.com
CUS-0003105,Amara Moreau,retail_consumer,silver,ZN-000441,Mexico City,MX,LATAM,431 Depot Sq,19.504091,-99.147063,2018-05-27,7.0,171.35,5.0,evening,False,,0.088,amara.moreau676@example.com
CUS-0003106,Leila Costa,retail_consumer,bronze,ZN-000395,London,GB,EMEA,15 Kings St,51.57114,-0.203772,2020-09-22,81.0,1771.51,5.0,morning,False,,0.124,leila.costa652@example.com
CUS-0003107,Sofia Brown,retail_consumer,bronze,ZN-000237,Delhi,IN,APAC,307 Kings Sq,28.700765,77.084496,2025-07-28,7.0,306.64,4.66,evening,False,,0.584,sofia.brown909@example.com
CUS-0003108,Daniel Dubois,retail_consumer,none,ZN-000329,Jakarta,ID,APAC,118 Maple Blvd,-6.20144,106.845425,2023-04-29,4.0,138.49,2.44,any,False,,0.24,daniel.dubois629@example.com
CUS-0003109,Tomas Lindqvist,enterprise,silver,ZN-000494,Amsterdam,NL,EMEA,133 Depot Sq,52.337936,5.041017,2022-08-31,330.0,11594.36,3.85,any,True,24.0,0.119,tomas.lindqvist389@example.com
CUS-0003110,Isabella Muller,public_sector,none,ZN-000118,London,GB,EMEA,431 Station Dr,51.57295,-0.00427,2023-09-05,21.0,363.8,3.52,evening,True,48.0,0.095,isabella.muller465@example.com
CUS-0003111,Alex Rahman,retail_consumer,silver,ZN-000199,Mexico City,MX,LATAM,15 Station Sq,18.944514,-98.94274,2024-10-18,4.0,328.2,4.53,evening,False,,0.203,alex.rahman690@example.com
CUS-0003112,Alex Rossi,smb,none,ZN-000176,Los Angeles,US,NA,8 Harbour Way,34.073096,-118.157242,2021-10-15,22.0,1231.59,2.72,afternoon,True,,0.097,alex.rossi472@example.com
CUS-0003113,Elena Sharma,retail_consumer,none,ZN-000140,Krakow,PL,EMEA,157 Pine Blvd,50.107456,20.006285,2020-09-08,8.0,1070.14,4.88,morning,False,,0.401,elena.sharma217@example.com
CUS-0003114,Chen Smith,enterprise,bronze,ZN-000024,Los Angeles,US,NA,429 Maple Blvd,33.963089,-118.260521,2020-08-19,275.0,6493.05,2.93,afternoon,True,48.0,0.195,chen.smith593@example.com
CUS-0003115,Diego Sharma,retail_consumer,gold,ZN-000122,Berlin,DE,EMEA,399 Riverside Blvd,52.493858,13.297828,2018-03-02,4.0,327.24,3.18,morning,False,,0.288,diego.sharma793@example.com
CUS-0003116,Marcus Rahman,retail_consumer,platinum,ZN-000275,London,GB,EMEA,51 Pine Dr,51.607798,-0.122267,2019-04-12,4.0,81.09,5.0,any,False,,0.332,marcus.rahman525@example.com
CUS-0003117,Elena Sharma,retail_consumer,gold,ZN-000311,Krakow,PL,EMEA,113 Victoria St,50.409741,20.032854,2024-09-27,10.0,954.87,4.02,morning,False,,0.283,elena.sharma46@example.com
CUS-0003118,Aisha Garcia,retail_consumer,platinum,ZN-000241,London,GB,EMEA,317 Cedar Rd,51.47341,-0.028104,2021-05-31,5.0,680.78,5.0,evening,False,,0.169,aisha.garcia251@example.com
CUS-0003119,Fatima Hansen,retail_consumer,none,ZN-000190,Jakarta,ID,APAC,399 Kings Sq,-6.23851,106.832044,2018-03-26,10.0,374.48,3.89,morning,False,,0.498,fatima.hansen980@example.com
CUS-0003120,Omar Petrov,retail_consumer,gold,ZN-000368,Delhi,IN,APAC,43 Riverside Ln,28.661394,77.18552,2021-01-18,7.0,272.45,4.44,any,False,,0.592,omar.petrov371@example.com
CUS-0003121,Diego Zhang,marketplace_seller,none,ZN-000442,Amsterdam,NL,EMEA,236 Kings St,52.434577,4.964515,2025-10-10,16.0,3918.17,4.89,evening,False,,0.199,diego.zhang407@example.com
CUS-0003122,Anna Rossi,retail_consumer,bronze,ZN-000437,Rome,IT,EMEA,171 Industrial Blvd,41.873501,12.539014,2023-08-24,14.0,383.02,4.08,any,False,,0.369,anna.rossi400@example.com
CUS-0003123,Zara Rahman,smb,bronze,ZN-000201,Amsterdam,NL,EMEA,130 Park Way,52.468988,4.843419,2020-06-12,32.0,1474.19,5.0,any,True,,0.418,zara.rahman706@example.com
CUS-0003124,Carlos Costa,marketplace_seller,gold,ZN-000044,Krakow,PL,EMEA,469 Station Ave,50.119387,19.890685,2025-10-19,9.0,526.38,5.0,any,False,,0.443,carlos.costa116@example.com
CUS-0003125,Freya Torres,retail_consumer,gold,ZN-000234,Krakow,PL,EMEA,277 Bridge Sq,50.108994,19.902052,2024-02-19,4.0,206.56,3.45,any,False,,0.187,freya.torres814@example.com
CUS-0003126,Peter Hansen,public_sector,gold,ZN-000433,Bengaluru,IN,APAC,132 Park Blvd,12.97093,77.540761,2019-05-16,5.0,290.54,3.51,any,True,24.0,0.453,peter.hansen219@example.com
CUS-0003127,Elena Rahman,retail_consumer,none,ZN-000151,Delhi,IN,APAC,377 Market Ave,28.711996,77.030859,2018-04-21,7.0,174.51,3.92,morning,False,,0.511,elena.rahman690@example.com
CUS-0003128,Isabella Ivanov,smb,silver,ZN-000091,Shanghai,CN,APAC,395 Station Blvd,31.176321,121.396317,2020-09-03,26.0,1344.76,2.57,afternoon,True,,0.406,isabella.ivanov17@example.com
CUS-0003129,Fatima Silva,retail_consumer,none,ZN-000035,Manchester,GB,EMEA,447 Depot Rd,53.426067,-2.332533,2025-06-14,7.0,362.43,4.26,any,False,,0.0,fatima.silva578@example.com
CUS-0003130,Anna Rahman,retail_consumer,none,ZN-000345,Stockholm,SE,EMEA,148 Central Rd,59.400983,18.055139,2024-11-02,6.0,791.91,3.59,afternoon,False,,0.277,anna.rahman540@example.com
CUS-0003131,Yuki Dubois,retail_consumer,bronze,ZN-000058,Shanghai,CN,APAC,216 Bridge Dr,31.174458,121.416886,2023-03-16,18.0,787.13,4.23,any,False,,0.335,yuki.dubois196@example.com
CUS-0003132,Amara Yilmaz,retail_consumer,bronze,ZN-000244,Shanghai,CN,APAC,427 Depot Ave,31.2165,121.410736,2024-08-22,9.0,373.88,4.14,evening,False,,0.329,amara.yilmaz372@example.com
CUS-0003133,Leila Kim,retail_consumer,gold,ZN-000203,London,GB,EMEA,65 Riverside Dr,51.729209,-0.246466,2020-10-14,6.0,170.35,4.46,afternoon,False,,0.208,leila.kim795@example.com
CUS-0003134,Nadia Smith,retail_consumer,silver,ZN-000281,Mexico City,MX,LATAM,79 Grove St,19.444729,-99.238135,2019-05-21,19.0,2206.76,4.33,any,False,,0.0,nadia.smith473@example.com
CUS-0003135,Zara Torres,retail_consumer,gold,ZN-000437,Rome,IT,EMEA,357 Oak Sq,41.893452,12.551018,2021-09-18,28.0,5686.41,3.03,any,False,,0.275,zara.torres382@example.com
CUS-0003136,Sofia Dubois,enterprise,none,ZN-000455,London,GB,EMEA,135 Central Sq,51.208658,-0.221742,2023-03-22,78.0,2806.51,3.29,evening,True,12.0,0.446,sofia.dubois314@example.com
CUS-0003137,Nikolai Weber,smb,bronze,ZN-000267,Rome,IT,EMEA,425 Pine Blvd,41.826546,12.184328,2021-06-24,9.0,697.94,4.07,evening,True,,0.265,nikolai.weber436@example.com
CUS-0003138,Chen Weber,retail_consumer,bronze,ZN-000324,Rome,IT,EMEA,308 Harbour Blvd,41.949991,12.565181,2023-09-05,10.0,295.89,4.59,any,False,,0.419,chen.weber888@example.com
CUS-0003139,Daniel Muller,smb,gold,ZN-000472,Sao Paulo,BR,LATAM,20 Riverside Ln,-23.510524,-46.656753,2019-10-16,20.0,945.89,3.82,morning,True,,0.125,daniel.muller615@example.com
CUS-0003140,Yuki Weber,marketplace_seller,bronze,ZN-000239,Sao Paulo,BR,LATAM,84 Harbour Ave,-23.584774,-46.560015,2020-06-15,18.0,943.84,3.89,afternoon,False,,0.123,yuki.weber465@example.com
CUS-0003141,Isabella Muller,retail_consumer,none,ZN-000492,Krakow,PL,EMEA,52 Elm Dr,50.042709,19.821687,2022-08-12,7.0,326.24,4.43,any,False,,0.036,isabella.muller21@example.com
CUS-0003142,Freya Muller,retail_consumer,platinum,ZN-000158,Shanghai,CN,APAC,299 Victoria Way,31.169727,121.59073,2021-12-03,5.0,194.08,4.34,morning,False,,0.49,freya.muller586@example.com
CUS-0003143,Ivan Weber,enterprise,platinum,ZN-000302,Delhi,IN,APAC,197 Elm Ln,28.772305,77.133754,2021-01-06,291.0,12754.13,3.75,any,True,12.0,0.087,ivan.weber657@example.com
CUS-0003144,Ivan Fernandez,retail_consumer,none,ZN-000151,Delhi,IN,APAC,298 Industrial Ave,28.719391,77.071116,2024-04-01,10.0,190.37,4.88,morning,False,,0.289,ivan.fernandez854@example.com
CUS-0003145,Anna Muller,enterprise,none,ZN-000116,Delhi,IN,APAC,263 Maple Ln,28.680884,77.138651,2018-01-24,42.0,3994.64,4.82,morning,True,24.0,0.282,anna.muller24@example.com
CUS-0003146,Priya Kim,retail_consumer,none,ZN-000243,Bengaluru,IN,APAC,101 Church Ave,12.897182,77.645595,2019-04-16,21.0,441.92,4.21,evening,False,,0.122,priya.kim495@example.com
CUS-0003147,Grace Weber,smb,gold,ZN-000117,London,GB,EMEA,209 Maple Ave,51.396915,-0.042298,2023-04-10,11.0,263.99,2.82,evening,True,,0.571,grace.weber851@example.com
CUS-0003148,Amara Muller,marketplace_seller,none,ZN-000408,Osaka,JP,APAC,325 Union Dr,34.681665,135.571033,2022-05-09,17.0,1005.59,5.0,morning,False,,0.345,amara.muller603@example.com
CUS-0003149,Leila Rahman,retail_consumer,gold,ZN-000103,Shanghai,CN,APAC,139 Market Blvd,31.1858,121.467848,2022-08-07,6.0,460.75,4.54,evening,False,,0.337,leila.rahman26@example.com
CUS-0003150,Hugo Muller,retail_consumer,none,ZN-000206,Rome,IT,EMEA,439 Victoria Rd,41.956097,12.542396,2025-08-16,55.0,4244.15,3.21,any,False,,0.346,hugo.muller734@example.com
CUS-0003151,Elena Nguyen,retail_consumer,gold,ZN-000044,Krakow,PL,EMEA,79 Market Dr,50.111752,19.836909,2025-06-29,11.0,530.48,3.76,evening,False,,0.196,elena.nguyen9@example.com
CUS-0003152,Ivan Kim,retail_consumer,bronze,ZN-000050,Sao Paulo,BR,LATAM,382 Central Sq,-23.635937,-46.626093,2021-01-04,5.0,127.54,4.84,any,False,,0.107,ivan.kim703@example.com
CUS-0003153,Ivan Petrov,retail_consumer,none,ZN-000337,Shanghai,CN,APAC,362 Station Dr,31.156706,121.440108,2019-03-14,14.0,937.37,3.51,any,False,,0.103,ivan.petrov117@example.com
CUS-0003154,Nadia Kowalski,retail_consumer,none,ZN-000270,Los Angeles,US,NA,264 Victoria Ln,34.000478,-118.242174,2021-09-23,4.0,125.23,3.16,afternoon,False,,0.406,nadia.kowalski813@example.com
CUS-0003155,Freya Ali,retail_consumer,bronze,ZN-000183,Sao Paulo,BR,LATAM,342 Union Ln,-23.584618,-46.685246,2021-06-27,4.0,113.0,4.24,evening,False,,0.306,freya.ali32@example.com
CUS-0003156,Yuki Rossi,retail_consumer,none,ZN-000486,Bengaluru,IN,APAC,238 Church St,13.007025,77.591877,2019-10-29,13.0,1943.68,4.92,afternoon,False,,0.346,yuki.rossi535@example.com
CUS-0003157,Elena Novak,retail_consumer,none,ZN-000277,Jakarta,ID,APAC,374 Oak Ave,-6.194694,106.730687,2021-01-29,15.0,1122.69,3.72,any,False,,0.202,elena.novak948@example.com
CUS-0003158,Fatima Kowalski,smb,silver,ZN-000369,London,GB,EMEA,299 Industrial St,51.469233,-0.196395,2021-08-06,45.0,1485.03,4.1,evening,True,,0.0,fatima.kowalski434@example.com
CUS-0003159,Isabella Bakker,enterprise,platinum,ZN-000419,Manchester,GB,EMEA,215 Elm Ave,53.418642,-2.302378,2022-06-20,383.0,24059.9,3.91,afternoon,True,24.0,0.239,isabella.bakker212@example.com
CUS-0003160,Ivan Silva,retail_consumer,gold,ZN-000453,Krakow,PL,EMEA,437 Riverside Sq,50.109551,19.987186,2022-07-01,8.0,344.01,3.08,morning,False,,0.404,ivan.silva473@example.com
CUS-0003161,Amara Bakker,smb,bronze,ZN-000233,Atlanta,US,NA,303 Bridge Sq,33.719824,-84.409769,2020-08-29,27.0,4217.59,3.47,afternoon,True,,0.357,amara.bakker69@example.com
CUS-0003162,Maria Sharma,retail_consumer,none,ZN-000208,London,GB,EMEA,54 Oak Ln,51.442789,-0.061796,2023-08-20,66.0,3753.74,3.03,any,False,,0.194,maria.sharma240@example.com
CUS-0003163,Fatima Bakker,retail_consumer,none,ZN-000041,Berlin,DE,EMEA,48 Warehouse Dr,52.499856,13.213588,2019-12-06,4.0,123.61,3.65,any,False,,0.342,fatima.bakker708@example.com
CUS-0003164,Isabella Okafor,enterprise,bronze,ZN-000094,Mexico City,MX,LATAM,131 Riverside St,19.50114,-99.142121,2023-09-07,579.0,12026.04,5.0,afternoon,True,12.0,0.232,isabella.okafor222@example.com
CUS-0003165,Tomas Yilmaz,retail_consumer,none,ZN-000106,Atlanta,US,NA,57 Depot Sq,33.745057,-84.473032,2022-08-01,4.0,114.27,3.06,morning,False,,0.145,tomas.yilmaz268@example.com
CUS-0003166,Rahul Petrov,retail_consumer,none,ZN-000284,Bengaluru,IN,APAC,110 Church Dr,13.018611,77.576753,2022-10-21,8.0,190.88,3.06,any,False,,0.296,rahul.petrov850@example.com
CUS-0003167,Freya Lindqvist,retail_consumer,silver,ZN-000047,Jakarta,ID,APAC,162 Maple Blvd,-6.127768,106.840544,2023-07-30,22.0,849.65,4.35,evening,False,,0.108,freya.lindqvist685@example.com
CUS-0003168,Yuki Zhang,retail_consumer,bronze,ZN-000492,Krakow,PL,EMEA,298 Pine St,50.059582,19.859613,2022-05-26,20.0,882.76,2.95,evening,False,,0.0,yuki.zhang684@example.com
CUS-0003169,Maria Weber,retail_consumer,gold,ZN-000181,London,GB,EMEA,280 Victoria Rd,51.478049,-0.229399,2021-06-24,10.0,322.66,3.99,evening,False,,0.0,maria.weber652@example.com
CUS-0003170,Hugo Kowalski,retail_consumer,silver,ZN-000493,Krakow,PL,EMEA,1 Industrial Rd,50.002438,19.884219,2022-12-15,44.0,3528.78,4.16,morning,False,,0.188,hugo.kowalski975@example.com
CUS-0003171,Viktor Kowalski,retail_consumer,bronze,ZN-000048,Krakow,PL,EMEA,430 Warehouse St,49.932111,20.174048,2021-04-03,6.0,1486.2,4.81,afternoon,False,,0.182,viktor.kowalski602@example.com
CUS-0003172,Leila Muller,smb,none,ZN-000393,Rome,IT,EMEA,210 Victoria Sq,41.950516,12.599539,2024-08-08,10.0,303.39,3.36,afternoon,True,,0.554,leila.muller765@example.com
CUS-0003173,Nikolai Silva,public_sector,platinum,ZN-000364,Manchester,GB,EMEA,68 Elm Way,53.540482,-2.154665,2018-09-19,4.0,118.49,4.67,morning,True,24.0,0.268,nikolai.silva736@example.com
CUS-0003174,Ivan Ivanov,retail_consumer,bronze,ZN-000209,Sao Paulo,BR,LATAM,422 Church Ave,-23.404094,-46.992678,2018-08-24,28.0,654.23,4.18,any,False,,0.446,ivan.ivanov13@example.com
CUS-0003175,Viktor Silva,retail_consumer,none,ZN-000103,Shanghai,CN,APAC,162 Elm Sq,31.191334,121.491789,2021-07-31,16.0,690.39,3.99,any,False,,0.378,viktor.silva761@example.com
CUS-0003176,Priya Lindqvist,smb,gold,ZN-000158,Shanghai,CN,APAC,208 Park Way,31.178714,121.58083,2018-06-20,24.0,1899.99,4.16,afternoon,True,,0.299,priya.lindqvist253@example.com
CUS-0003177,Aisha Costa,retail_consumer,none,ZN-000264,Shanghai,CN,APAC,229 Maple Rd,31.255257,121.392015,2022-10-07,11.0,251.79,4.1,evening,False,,0.27,aisha.costa988@example.com
CUS-0003178,Elena Costa,retail_consumer,none,ZN-000453,Krakow,PL,EMEA,368 Elm Rd,50.084962,19.978551,2021-10-03,13.0,529.53,3.1,evening,False,,0.32,elena.costa205@example.com
CUS-0003179,Viktor Hansen,marketplace_seller,none,ZN-000163,Delhi,IN,APAC,85 Victoria Blvd,28.684206,77.016161,2024-05-14,10.0,309.44,4.87,evening,False,,0.301,viktor.hansen486@example.com
CUS-0003180,Jun Kim,retail_consumer,none,ZN-000476,Shanghai,CN,APAC,208 Harbour Rd,31.251315,121.381128,2018-08-22,3.0,91.44,4.44,any,False,,0.403,jun.kim662@example.com
CUS-0003181,Ivan Silva,enterprise,silver,ZN-000153,Krakow,PL,EMEA,394 Cedar St,49.998827,20.195714,2021-11-22,297.0,10279.5,5.0,evening,True,12.0,0.308,ivan.silva108@example.com
CUS-0003182,Lucas Petrov,retail_consumer,none,ZN-000292,Krakow,PL,EMEA,226 Pine Ave,50.34324,19.159106,2021-05-20,20.0,2084.39,4.04,evening,False,,0.29,lucas.petrov690@example.com
CUS-0003183,Peter Moreau,retail_consumer,silver,ZN-000057,Jakarta,ID,APAC,93 Cedar St,-6.294894,106.60551,2020-10-10,19.0,528.74,3.44,afternoon,False,,0.393,peter.moreau93@example.com
CUS-0003184,Nikolai Sharma,smb,bronze,ZN-000216,Stockholm,SE,EMEA,408 Bridge Rd,59.225944,17.906704,2025-10-08,39.0,3448.06,4.09,any,True,,0.46,nikolai.sharma276@example.com
CUS-0003185,Maria Torres,retail_consumer,none,ZN-000351,London,GB,EMEA,114 Oak Ln,51.44188,-0.155807,2023-08-01,6.0,212.35,4.92,evening,False,,0.422,maria.torres629@example.com
CUS-0003186,Omar Kim,retail_consumer,bronze,ZN-000337,Shanghai,CN,APAC,59 Riverside Way,31.200575,121.432616,2020-12-20,18.0,312.06,4.35,evening,False,,0.243,omar.kim280@example.com
CUS-0003187,Omar Ali,marketplace_seller,none,ZN-000053,Shanghai,CN,APAC,212 Victoria Ln,31.232818,121.503946,2025-08-22,8.0,300.69,4.08,afternoon,False,,0.318,omar.ali783@example.com
CUS-0003188,Anna Kowalski,enterprise,silver,ZN-000208,London,GB,EMEA,306 Bridge Sq,51.432385,-0.078086,2022-02-21,460.0,18669.56,5.0,morning,True,48.0,0.219,anna.kowalski477@example.com
CUS-0003189,Lucas Silva,enterprise,silver,ZN-000133,Delhi,IN,APAC,114 Pine Ln,28.593151,77.129615,2024-04-29,708.0,16754.75,5.0,evening,True,12.0,0.59,lucas.silva484@example.com
CUS-0003190,Diego Brown,smb,none,ZN-000370,Rome,IT,EMEA,274 Union Blvd,41.961497,12.564733,2024-04-07,20.0,1586.44,4.06,afternoon,True,,0.159,diego.brown474@example.com
CUS-0003191,Marcus Brown,smb,none,ZN-000376,Rome,IT,EMEA,340 Victoria St,41.804813,12.496621,2023-04-26,10.0,1024.4,5.0,morning,True,,0.0,marcus.brown947@example.com
CUS-0003192,Grace Ali,retail_consumer,none,ZN-000133,Delhi,IN,APAC,230 Victoria Ln,28.560542,77.112236,2022-09-08,18.0,1388.77,5.0,evening,False,,0.508,grace.ali598@example.com
CUS-0003193,Leila Silva,retail_consumer,none,ZN-000444,Osaka,JP,APAC,438 Warehouse Way,34.639903,135.513106,2025-04-13,37.0,2334.95,4.77,morning,False,,0.294,leila.silva581@example.com
CUS-0003194,Ivan Rossi,enterprise,none,ZN-000059,Rome,IT,EMEA,151 Riverside Blvd,41.981851,12.509491,2018-04-28,267.0,27088.61,5.0,evening,True,48.0,0.504,ivan.rossi10@example.com
CUS-0003195,Viktor Costa,retail_consumer,bronze,ZN-000331,Shanghai,CN,APAC,442 Park Blvd,31.150943,121.567576,2022-09-08,13.0,473.36,3.56,afternoon,False,,0.101,viktor.costa342@example.com
CUS-0003196,Zara Fernandez,smb,silver,ZN-000470,Shanghai,CN,APAC,64 Station Dr,31.196808,121.400905,2019-06-06,22.0,1731.35,4.17,evening,True,,0.261,zara.fernandez442@example.com
CUS-0003197,Anna Rahman,smb,bronze,ZN-000150,Rome,IT,EMEA,198 Grove Blvd,41.955465,12.571548,2018-12-10,15.0,1022.15,5.0,afternoon,True,,0.295,anna.rahman611@example.com
CUS-0003198,Hugo Dubois,retail_consumer,none,ZN-000319,Amsterdam,NL,EMEA,245 Oak Ave,52.3302,4.867509,2021-04-18,15.0,961.08,4.08,evening,False,,0.516,hugo.dubois207@example.com
CUS-0003199,Leila Garcia,retail_consumer,none,ZN-000149,Osaka,JP,APAC,157 Central St,34.604324,135.538251,2024-10-02,19.0,920.25,3.97,any,False,,0.404,leila.garcia32@example.com
CUS-0003200,Maria Petrov,smb,silver,ZN-000238,Rome,IT,EMEA,167 Church Ave,41.909275,12.513146,2019-01-01,40.0,1809.61,3.95,afternoon,True,,0.194,maria.petrov498@example.com
CUS-0003201,Elena Yilmaz,enterprise,silver,ZN-000358,London,GB,EMEA,118 Riverside Sq,51.585635,-0.033616,2024-08-16,483.0,33534.57,3.83,evening,True,12.0,0.219,elena.yilmaz59@example.com
CUS-0003202,Lucas Brown,smb,bronze,ZN-000083,Los Angeles,US,NA,356 Park Rd,34.021735,-118.223608,2025-07-02,17.0,1171.78,4.19,afternoon,True,,0.179,lucas.brown129@example.com
CUS-0003203,Nikolai Fernandez,retail_consumer,silver,ZN-000138,Jakarta,ID,APAC,402 Riverside St,-6.217883,106.915817,2022-07-06,9.0,308.13,5.0,evening,False,,0.123,nikolai.fernandez837@example.com
CUS-0003204,Mateo Fernandez,smb,none,ZN-000462,London,GB,EMEA,129 Grove Ave,51.437633,-0.176181,2022-03-05,60.0,4980.73,4.18,evening,True,,0.12,mateo.fernandez662@example.com
CUS-0003205,Nikolai Kowalski,retail_consumer,silver,ZN-000200,London,GB,EMEA,219 Church Blvd,51.427855,-0.165281,2025-07-16,5.0,82.06,4.83,any,False,,0.149,nikolai.kowalski853@example.com
CUS-0003206,Aisha Bakker,smb,none,ZN-000479,Delhi,IN,APAC,192 Riverside Ave,28.728717,77.122117,2024-10-27,18.0,450.54,4.72,evening,True,,0.301,aisha.bakker810@example.com
CUS-0003207,Viktor Petrov,retail_consumer,none,ZN-000429,Stockholm,SE,EMEA,243 Elm Way,59.304013,17.90204,2022-10-05,8.0,763.97,4.22,morning,False,,0.352,viktor.petrov506@example.com
CUS-0003208,Jun Kowalski,retail_consumer,none,ZN-000029,Mexico City,MX,LATAM,297 Harbour Way,19.334331,-99.097919,2025-05-22,23.0,439.38,3.81,evening,False,,0.0,jun.kowalski910@example.com
CUS-0003209,Fatima Hansen,smb,gold,ZN-000099,London,GB,EMEA,253 Victoria Rd,51.520624,-0.07656,2024-08-26,28.0,589.23,5.0,any,True,,0.139,fatima.hansen241@example.com
CUS-0003210,Grace Petrov,marketplace_seller,none,ZN-000089,Krakow,PL,EMEA,478 Pine Way,50.185963,19.986957,2018-09-02,6.0,108.55,4.32,evening,False,,0.319,grace.petrov994@example.com
CUS-0003211,Tomas Kowalski,retail_consumer,none,ZN-000363,Bengaluru,IN,APAC,289 Harbour Blvd,13.048708,77.556859,2022-04-09,6.0,181.36,3.66,any,False,,0.225,tomas.kowalski132@example.com
CUS-0003212,Aisha Nakamura,public_sector,none,ZN-000500,Shanghai,CN,APAC,158 Union Sq,31.242267,121.410571,2021-11-04,9.0,572.69,5.0,afternoon,True,24.0,0.322,aisha.nakamura67@example.com
CUS-0003213,Maria Ali,retail_consumer,silver,ZN-000339,Rome,IT,EMEA,401 Oak Ln,41.951406,12.396358,2025-06-06,13.0,1104.6,5.0,morning,False,,0.337,maria.ali745@example.com
CUS-0003214,Elena Bakker,public_sector,none,ZN-000259,Amsterdam,NL,EMEA,43 Bridge Rd,52.464757,4.904,2023-08-31,6.0,350.2,2.92,morning,True,24.0,0.283,elena.bakker845@example.com
CUS-0003215,Diego Rossi,retail_consumer,silver,ZN-000335,Krakow,PL,EMEA,148 Oak Sq,50.075592,19.995728,2021-02-15,9.0,480.63,4.03,afternoon,False,,0.31,diego.rossi774@example.com
CUS-0003216,Maria Kowalski,retail_consumer,bronze,ZN-000427,Rome,IT,EMEA,260 Grove Way,41.985925,12.514425,2018-05-15,10.0,287.21,4.93,any,False,,0.342,maria.kowalski928@example.com
CUS-0003217,Mateo Moreau,smb,none,ZN-000209,Sao Paulo,BR,LATAM,313 Depot Ave,-23.392616,-46.956103,2019-05-17,14.0,687.74,4.86,evening,True,,0.353,mateo.moreau732@example.com
CUS-0003218,Peter Garcia,public_sector,bronze,ZN-000387,Atlanta,US,NA,372 Depot Rd,33.826564,-84.339443,2023-08-10,7.0,498.96,4.87,any,True,24.0,0.215,peter.garcia943@example.com
CUS-0003219,Grace Muller,retail_consumer,platinum,ZN-000184,London,GB,EMEA,455 Station Ln,51.505047,-0.050897,2022-09-29,3.0,469.7,3.43,morning,False,,0.212,grace.muller842@example.com
CUS-0003220,Rahul Weber,smb,none,ZN-000270,Los Angeles,US,NA,378 Union Sq,34.000146,-118.25971,2018-05-13,127.0,24914.04,4.0,evening,True,,0.372,rahul.weber180@example.com
CUS-0003221,Aisha Ivanov,marketplace_seller,bronze,ZN-000188,Manchester,GB,EMEA,85 Pine Ave,53.438393,-2.579226,2019-03-17,9.0,560.65,4.16,any,False,,0.367,aisha.ivanov921@example.com
CUS-0003222,Chen Okafor,smb,none,ZN-000409,Osaka,JP,APAC,285 Church Dr,34.696223,135.406999,2020-04-22,19.0,1140.24,4.02,evening,True,,0.156,chen.okafor90@example.com
CUS-0003223,Yuki Moreau,marketplace_seller,silver,ZN-000134,Berlin,DE,EMEA,113 Oak Rd,52.897326,13.886771,2018-07-14,12.0,2366.26,4.59,any,False,,0.448,yuki.moreau820@example.com
CUS-0003224,Peter Weber,retail_consumer,none,ZN-000420,Krakow,PL,EMEA,208 Market Dr,50.07208,20.016149,2025-03-02,11.0,659.02,4.81,evening,False,,0.289,peter.weber873@example.com
CUS-0003225,Sofia Rossi,retail_consumer,none,ZN-000081,Berlin,DE,EMEA,263 Pine Ln,52.508735,13.524952,2022-05-02,4.0,205.68,2.61,evening,False,,0.286,sofia.rossi127@example.com
CUS-0003226,Carlos Kowalski,retail_consumer,none,ZN-000395,London,GB,EMEA,455 Oak Sq,51.579768,-0.234374,2020-10-27,17.0,354.81,3.27,morning,False,,0.287,carlos.kowalski119@example.com
CUS-0003227,Zara Moreau,marketplace_seller,none,ZN-000002,Krakow,PL,EMEA,453 Market Way,50.125651,19.887664,2023-12-18,5.0,114.0,4.55,afternoon,False,,0.0,zara.moreau759@example.com
CUS-0003228,Daniel Bakker,enterprise,silver,ZN-000035,Manchester,GB,EMEA,364 Park Way,53.406213,-2.346178,2019-12-29,123.0,3850.69,3.52,evening,True,24.0,0.0,daniel.bakker981@example.com
CUS-0003229,Mateo Smith,smb,silver,ZN-000252,Rome,IT,EMEA,170 Riverside Ave,41.860162,12.424074,2022-10-05,35.0,1286.8,2.76,morning,True,,0.0,mateo.smith679@example.com
CUS-0003230,Aisha Weber,retail_consumer,gold,ZN-000080,Bengaluru,IN,APAC,214 Harbour Way,12.988723,77.611187,2020-04-08,21.0,567.78,4.37,evening,False,,0.472,aisha.weber835@example.com
CUS-0003231,Marcus Yilmaz,retail_consumer,silver,ZN-000193,London,GB,EMEA,81 Maple Blvd,51.509597,-0.022505,2019-08-04,5.0,370.76,5.0,any,False,,0.231,marcus.yilmaz293@example.com
CUS-0003232,Carlos Lindqvist,marketplace_seller,silver,ZN-000048,Krakow,PL,EMEA,474 Bridge Dr,49.946797,20.186734,2018-04-23,5.0,126.34,4.63,any,False,,0.215,carlos.lindqvist454@example.com
CUS-0003233,Rahul Yilmaz,smb,none,ZN-000441,Mexico City,MX,LATAM,435 Industrial Blvd,19.523039,-99.131437,2020-10-28,18.0,556.75,5.0,evening,True,,0.387,rahul.yilmaz788@example.com
CUS-0003234,Peter Lindqvist,retail_consumer,none,ZN-000415,Manchester,GB,EMEA,379 Harbour Blvd,53.461851,-2.242948,2022-09-18,7.0,684.02,5.0,any,False,,0.222,peter.lindqvist835@example.com
CUS-0003235,Jun Kowalski,retail_consumer,gold,ZN-000191,Bengaluru,IN,APAC,187 Riverside Rd,12.918278,77.505621,2023-07-15,4.0,174.99,4.03,morning,False,,0.205,jun.kowalski353@example.com
CUS-0003236,Sofia Bakker,retail_consumer,silver,ZN-000103,Shanghai,CN,APAC,465 Central Dr,31.186187,121.490187,2021-11-15,15.0,693.53,4.66,any,False,,0.522,sofia.bakker828@example.com
CUS-0003237,Rahul Bakker,retail_consumer,none,ZN-000375,Manchester,GB,EMEA,246 Grove Rd,53.548996,-2.243187,2019-03-12,43.0,1337.33,2.98,evening,False,,0.238,rahul.bakker42@example.com
CUS-0003238,Priya Ali,public_sector,bronze,ZN-000228,Krakow,PL,EMEA,264 Victoria Ave,50.160505,20.185977,2025-02-05,7.0,228.68,4.7,evening,True,12.0,0.446,priya.ali262@example.com
CUS-0003239,Priya Brown,retail_consumer,silver,ZN-000169,Rome,IT,EMEA,232 Oak Dr,42.00312,12.522237,2025-11-26,10.0,772.48,4.98,afternoon,False,,0.391,priya.brown66@example.com
CUS-0003240,Daniel Smith,smb,silver,ZN-000060,Delhi,IN,APAC,324 Maple Blvd,28.650999,77.105533,2019-07-07,16.0,1219.51,4.4,any,True,,0.54,daniel.smith374@example.com
CUS-0003241,Fatima Costa,retail_consumer,none,ZN-000001,Manchester,GB,EMEA,42 Church St,53.383767,-2.303303,2021-05-17,8.0,676.0,4.83,afternoon,False,,0.0,fatima.costa943@example.com
CUS-0003242,Jun Weber,retail_consumer,none,ZN-000326,Shanghai,CN,APAC,186 Victoria Sq,31.128761,121.464871,2022-03-14,37.0,1178.44,4.75,afternoon,False,,0.544,jun.weber234@example.com
CUS-0003243,Sofia Rahman,smb,gold,ZN-000179,Osaka,JP,APAC,315 Station Blvd,34.68474,135.578832,2024-09-02,40.0,4829.28,2.61,morning,True,,0.364,sofia.rahman955@example.com
CUS-0003244,Viktor Yilmaz,retail_consumer,gold,ZN-000037,Sao Paulo,BR,LATAM,20 Kings Blvd,-23.617271,-46.580379,2018-01-24,13.0,552.81,5.0,afternoon,False,,0.225,viktor.yilmaz738@example.com
CUS-0003245,Alex Sharma,retail_consumer,platinum,ZN-000360,Delhi,IN,APAC,87 Grove Sq,28.649415,77.060318,2020-10-09,20.0,822.72,3.19,any,False,,0.503,alex.sharma729@example.com
CUS-0003246,Freya Bakker,retail_consumer,silver,ZN-000031,Rome,IT,EMEA,227 Cedar Dr,41.765855,11.986491,2024-06-27,15.0,1299.35,4.71,any,False,,0.37,freya.bakker878@example.com
CUS-0003247,Priya Zhang,smb,none,ZN-000418,Krakow,PL,EMEA,442 Elm Dr,49.764138,20.358933,2025-05-28,16.0,471.39,4.4,afternoon,True,,0.275,priya.zhang769@example.com
CUS-0003248,Freya Yilmaz,retail_consumer,none,ZN-000254,Manchester,GB,EMEA,394 Union Ave,53.441522,-2.692503,2021-04-23,7.0,301.22,2.64,morning,False,,0.382,freya.yilmaz6@example.com
CUS-0003249,Leila Costa,retail_consumer,none,ZN-000133,Delhi,IN,APAC,426 Oak Blvd,28.569123,77.134057,2019-02-05,3.0,85.04,2.77,afternoon,False,,0.306,leila.costa362@example.com
CUS-0003250,Marcus Okafor,retail_consumer,gold,ZN-000442,Amsterdam,NL,EMEA,14 Union Blvd,52.434382,4.908921,2024-04-02,15.0,504.58,4.04,any,False,,0.182,marcus.okafor573@example.com
CUS-0003251,Chen Silva,retail_consumer,none,ZN-000398,Rome,IT,EMEA,403 Harbour Rd,41.978323,12.44126,2022-02-24,7.0,1877.86,4.73,evening,False,,0.462,chen.silva629@example.com
CUS-0003252,Anna Lindqvist,public_sector,none,ZN-000082,Mexico City,MX,LATAM,123 Depot Ave,19.41107,-99.097207,2022-08-25,9.0,567.4,3.45,afternoon,True,12.0,0.624,anna.lindqvist423@example.com
CUS-0003253,Peter Okafor,enterprise,none,ZN-000492,Krakow,PL,EMEA,6 Victoria Ave,50.047831,19.87088,2024-05-03,366.0,10424.74,3.48,any,True,48.0,0.398,peter.okafor752@example.com
CUS-0003254,Viktor Nguyen,retail_consumer,platinum,ZN-000329,Jakarta,ID,APAC,148 Park Rd,-6.179156,106.850792,2022-02-11,20.0,617.99,2.26,afternoon,False,,0.319,viktor.nguyen920@example.com
CUS-0003255,Carlos Lindqvist,enterprise,platinum,ZN-000065,Jakarta,ID,APAC,154 Riverside Ave,-6.227381,106.800739,2021-03-21,293.0,8873.29,3.58,morning,True,24.0,0.454,carlos.lindqvist980@example.com
CUS-0003256,Isabella Dubois,marketplace_seller,bronze,ZN-000073,Amsterdam,NL,EMEA,320 Church St,52.311315,4.76342,2023-03-15,11.0,718.1,2.96,evening,False,,0.682,isabella.dubois593@example.com
CUS-0003257,Isabella Rahman,smb,bronze,ZN-000027,Krakow,PL,EMEA,294 Harbour Ln,50.019925,19.974385,2023-07-31,32.0,2463.11,4.68,any,True,,0.072,isabella.rahman640@example.com
CUS-0003258,Amara Moreau,retail_consumer,none,ZN-000485,Stockholm,SE,EMEA,263 Kings St,59.258325,18.348535,2023-08-09,17.0,931.26,4.36,afternoon,False,,0.0,amara.moreau580@example.com
CUS-0003259,Lucas Nakamura,enterprise,bronze,ZN-000233,Atlanta,US,NA,220 Union Rd,33.704438,-84.419055,2024-07-06,208.0,21672.28,3.17,evening,True,12.0,0.007,lucas.nakamura824@example.com
CUS-0003260,Yuki Novak,marketplace_seller,silver,ZN-000117,London,GB,EMEA,307 Elm Blvd,51.400943,-0.036076,2024-08-01,99.0,3380.1,4.66,evening,False,,0.0,yuki.novak956@example.com
CUS-0003261,Priya Weber,smb,silver,ZN-000110,London,GB,EMEA,338 Depot Dr,51.565972,-0.145587,2024-07-20,15.0,463.9,3.88,any,True,,0.511,priya.weber168@example.com
CUS-0003262,Anna Bakker,retail_consumer,none,ZN-000072,Shanghai,CN,APAC,149 Church Sq,31.274343,121.537244,2019-05-02,8.0,1257.96,4.74,evening,False,,0.258,anna.bakker894@example.com
CUS-0003263,Rahul Okafor,retail_consumer,none,ZN-000232,Manchester,GB,EMEA,403 Victoria Way,53.408054,-2.359028,2022-03-27,5.0,162.62,4.42,afternoon,False,,0.041,rahul.okafor4@example.com
CUS-0003264,Omar Kim,smb,bronze,ZN-000335,Krakow,PL,EMEA,251 Victoria Dr,50.06719,20.014495,2024-03-28,15.0,739.06,4.2,afternoon,True,,0.168,omar.kim101@example.com
CUS-0003265,Ivan Kowalski,retail_consumer,platinum,ZN-000261,Shanghai,CN,APAC,188 Elm Dr,31.238535,121.380224,2018-03-19,80.0,8952.0,4.45,morning,False,,0.337,ivan.kowalski125@example.com
CUS-0003266,Freya Dubois,public_sector,none,ZN-000432,Atlanta,US,NA,458 Riverside St,33.776686,-84.331942,2023-08-27,8.0,352.43,4.6,afternoon,True,48.0,0.336,freya.dubois599@example.com
CUS-0003267,Tomas Fernandez,retail_consumer,none,ZN-000271,London,GB,EMEA,133 Market Ln,51.409138,-0.289,2019-08-17,16.0,380.78,4.21,afternoon,False,,0.199,tomas.fernandez616@example.com
CUS-0003268,Leila Dubois,marketplace_seller,bronze,ZN-000077,Krakow,PL,EMEA,362 Elm Ave,50.061498,19.911058,2025-06-29,15.0,2194.0,3.56,evening,False,,0.265,leila.dubois456@example.com
CUS-0003269,Alex Novak,retail_consumer,silver,ZN-000205,Rome,IT,EMEA,206 Cedar St,41.939811,12.387254,2022-11-10,5.0,409.84,4.83,any,False,,0.698,alex.novak516@example.com
CUS-0003270,Viktor Sharma,smb,none,ZN-000494,Amsterdam,NL,EMEA,296 Victoria Way,52.33041,5.030018,2020-09-06,11.0,1538.91,2.99,afternoon,True,,0.484,viktor.sharma127@example.com
CUS-0003271,Tomas Lindqvist,retail_consumer,bronze,ZN-000368,Delhi,IN,APAC,68 Union Ln,28.669552,77.149009,2019-09-28,9.0,597.62,4.83,morning,False,,0.557,tomas.lindqvist845@example.com
CUS-0003272,Chen Novak,retail_consumer,none,ZN-000366,London,GB,EMEA,441 Riverside Blvd,51.457363,-0.027101,2025-10-06,17.0,785.62,2.9,afternoon,False,,0.369,chen.novak914@example.com
CUS-0003273,Maria Ali,retail_consumer,bronze,ZN-000091,Shanghai,CN,APAC,341 Union Rd,31.170907,121.404636,2021-05-04,5.0,349.7,4.09,morning,False,,0.387,maria.ali429@example.com
CUS-0003274,Lucas Yilmaz,retail_consumer,bronze,ZN-000441,Mexico City,MX,LATAM,70 Union Rd,19.523656,-99.141898,2022-10-23,4.0,204.19,4.72,evening,False,,0.38,lucas.yilmaz265@example.com
CUS-0003275,Mateo Kowalski,retail_consumer,none,ZN-000434,Rome,IT,EMEA,70 Oak Ln,41.940687,12.532377,2018-08-23,10.0,353.94,2.9,morning,False,,0.374,mateo.kowalski785@example.com
CUS-0003276,Rahul Zhang,retail_consumer,none,ZN-000287,Stockholm,SE,EMEA,287 Warehouse Sq,59.387648,17.909293,2019-02-21,15.0,2362.11,4.99,evening,False,,0.205,rahul.zhang275@example.com
CUS-0003277,Rahul Muller,retail_consumer,bronze,ZN-000416,Atlanta,US,NA,273 Bridge Dr,33.753356,-84.522354,2018-10-04,14.0,1399.81,3.39,evening,False,,0.156,rahul.muller401@example.com
CUS-0003278,Anna Rossi,retail_consumer,gold,ZN-000066,Jakarta,ID,APAC,230 Park Rd,-6.212296,106.856717,2019-02-27,3.0,363.31,4.02,afternoon,False,,0.29,anna.rossi801@example.com
CUS-0003279,Zara Nguyen,smb,silver,ZN-000345,Stockholm,SE,EMEA,402 Park Sq,59.395151,18.020262,2019-11-07,35.0,725.05,4.06,afternoon,True,,0.186,zara.nguyen664@example.com
CUS-0003280,Freya Rahman,retail_consumer,silver,ZN-000036,Shanghai,CN,APAC,273 Elm Sq,31.262334,121.42844,2021-12-31,9.0,477.31,3.97,any,False,,0.353,freya.rahman934@example.com
CUS-0003281,Alex Novak,retail_consumer,none,ZN-000425,Rome,IT,EMEA,459 Station Ln,41.849833,12.565263,2023-12-23,2.0,322.24,4.32,morning,False,,0.328,alex.novak55@example.com
CUS-0003282,Ivan Silva,retail_consumer,bronze,ZN-000028,Shanghai,CN,APAC,208 Elm St,31.236038,121.453255,2023-06-25,69.0,3656.56,4.2,evening,False,,0.156,ivan.silva471@example.com
CUS-0003283,Elena Ali,smb,silver,ZN-000303,Rome,IT,EMEA,263 Elm Ave,41.991788,12.519069,2020-08-01,21.0,2192.49,2.24,afternoon,True,,0.132,elena.ali770@example.com
CUS-0003284,Jun Ali,retail_consumer,gold,ZN-000380,Shanghai,CN,APAC,447 Pine Ln,31.255973,121.367467,2023-07-28,14.0,1020.88,3.88,morning,False,,0.167,jun.ali674@example.com
CUS-0003285,Aisha Sharma,retail_consumer,none,ZN-000360,Delhi,IN,APAC,257 Grove Ln,28.66165,77.089167,2022-06-25,16.0,1210.8,2.94,any,False,,0.284,aisha.sharma376@example.com
CUS-0003286,Marcus Fernandez,retail_consumer,gold,ZN-000428,London,GB,EMEA,255 Warehouse Ln,51.422586,-0.055996,2021-06-12,10.0,469.35,4.07,morning,False,,0.279,marcus.fernandez878@example.com
CUS-0003287,Daniel Smith,smb,bronze,ZN-000295,London,GB,EMEA,317 Market Ln,51.161256,-0.121208,2023-07-10,14.0,478.53,4.47,morning,True,,0.336,daniel.smith977@example.com
CUS-0003288,Anna Muller,marketplace_seller,none,ZN-000122,Berlin,DE,EMEA,273 Industrial Dr,52.459651,13.269345,2019-03-11,14.0,2452.94,3.99,morning,False,,0.569,anna.muller599@example.com
CUS-0003289,Zara Zhang,smb,none,ZN-000435,Los Angeles,US,NA,74 Park Way,34.112274,-118.228889,2019-09-16,13.0,1314.6,2.94,afternoon,True,,0.651,zara.zhang789@example.com
CUS-0003290,Hugo Garcia,enterprise,platinum,ZN-000192,Mexico City,MX,LATAM,211 Park Rd,19.469436,-99.121656,2019-09-01,173.0,16597.18,4.38,evening,True,48.0,0.016,hugo.garcia318@example.com
CUS-0003291,Isabella Novak,retail_consumer,gold,ZN-000141,Osaka,JP,APAC,244 Church Ln,34.731858,135.563952,2023-07-18,11.0,717.2,3.6,any,False,,0.291,isabella.novak510@example.com
CUS-0003292,Amara Nguyen,retail_consumer,bronze,ZN-000069,Berlin,DE,EMEA,13 Elm Ave,52.518201,13.571181,2018-08-15,6.0,200.22,4.7,any,False,,0.347,amara.nguyen228@example.com
CUS-0003293,Amara Lindqvist,retail_consumer,silver,ZN-000119,Manchester,GB,EMEA,200 Warehouse St,53.493598,-2.39667,2020-06-01,14.0,917.75,4.81,morning,False,,0.292,amara.lindqvist222@example.com
CUS-0003294,Nikolai Bakker,smb,none,ZN-000438,Bengaluru,IN,APAC,215 Church Way,13.001893,77.570898,2020-02-07,14.0,1004.97,3.99,evening,True,,0.449,nikolai.bakker714@example.com
CUS-0003295,Zara Nakamura,retail_consumer,platinum,ZN-000218,Sao Paulo,BR,LATAM,325 Bridge Way,-23.307412,-46.628041,2025-03-14,10.0,808.62,4.56,morning,False,,0.354,zara.nakamura327@example.com
CUS-0003296,Hugo Garcia,retail_consumer,none,ZN-000255,Los Angeles,US,NA,93 Bridge Rd,34.045731,-118.198689,2019-01-18,24.0,1921.53,5.0,evening,False,,0.428,hugo.garcia114@example.com
CUS-0003297,Diego Bakker,retail_consumer,silver,ZN-000294,Berlin,DE,EMEA,310 Market Way,52.042331,12.839451,2022-04-04,4.0,263.88,4.56,afternoon,False,,0.143,diego.bakker665@example.com
CUS-0003298,Omar Muller,retail_consumer,gold,ZN-000359,Jakarta,ID,APAC,417 Victoria Blvd,-6.156425,106.913953,2024-08-06,6.0,1583.63,3.86,morning,False,,0.022,omar.muller641@example.com
CUS-0003299,Sofia Fernandez,enterprise,platinum,ZN-000044,Krakow,PL,EMEA,244 Victoria Blvd,50.1174,19.857609,2024-06-22,207.0,6234.4,2.82,morning,True,12.0,0.485,sofia.fernandez53@example.com
CUS-0003300,Leila Smith,marketplace_seller,none,ZN-000494,Amsterdam,NL,EMEA,206 Church Rd,52.308253,5.073914,2024-09-24,4.0,116.97,3.54,any,False,,0.282,leila.smith980@example.com
CUS-0003301,Peter Costa,retail_consumer,gold,ZN-000150,Rome,IT,EMEA,475 Pine Sq,41.986342,12.55729,2025-10-13,6.0,212.35,4.71,afternoon,False,,0.221,peter.costa248@example.com
CUS-0003302,Yuki Fernandez,retail_consumer,bronze,ZN-000336,London,GB,EMEA,417 Warehouse Ave,51.570154,-0.067542,2021-09-21,5.0,263.92,2.73,evening,False,,0.532,yuki.fernandez308@example.com
CUS-0003303,Jun Petrov,smb,bronze,ZN-000240,Delhi,IN,APAC,132 Bridge Rd,28.707914,77.018954,2023-12-05,22.0,1353.26,5.0,afternoon,True,,0.359,jun.petrov801@example.com
CUS-0003304,Elena Costa,smb,bronze,ZN-000241,London,GB,EMEA,160 Pine St,51.460699,-0.038141,2020-12-05,12.0,463.92,5.0,evening,True,,0.534,elena.costa705@example.com
CUS-0003305,Freya Dubois,smb,silver,ZN-000313,Sao Paulo,BR,LATAM,457 Maple Ave,-23.466277,-46.835308,2019-05-17,14.0,540.18,2.55,afternoon,True,,0.345,freya.dubois754@example.com
CUS-0003306,Yuki Petrov,enterprise,silver,ZN-000482,Sao Paulo,BR,LATAM,390 Union Sq,-23.584576,-46.698176,2018-12-22,1208.0,52480.6,3.77,afternoon,True,48.0,0.111,yuki.petrov60@example.com
CUS-0003307,Aisha Lindqvist,enterprise,gold,ZN-000250,Krakow,PL,EMEA,168 Market Blvd,50.2343,20.203984,2019-01-02,169.0,4586.91,5.0,any,True,24.0,0.372,aisha.lindqvist552@example.com
CUS-0003308,Leila Rossi,retail_consumer,none,ZN-000155,Berlin,DE,EMEA,226 Harbour St,52.535716,13.414349,2021-03-29,5.0,479.55,4.05,afternoon,False,,0.128,leila.rossi700@example.com
CUS-0003309,Priya Rossi,retail_consumer,silver,ZN-000425,Rome,IT,EMEA,291 Warehouse Dr,41.872566,12.551154,2018-06-08,12.0,284.01,3.57,evening,False,,0.38,priya.rossi15@example.com
CUS-0003310,Alex Muller,smb,none,ZN-000022,Shanghai,CN,APAC,229 Depot Sq,31.26457,121.469855,2019-01-07,21.0,725.41,3.98,afternoon,True,,0.195,alex.muller23@example.com
CUS-0003311,Isabella Fernandez,retail_consumer,bronze,ZN-000412,Osaka,JP,APAC,380 Central Sq,34.680392,135.459552,2025-11-26,19.0,612.87,3.66,morning,False,,0.205,isabella.fernandez281@example.com
CUS-0003312,Zara Sharma,retail_consumer,gold,ZN-000240,Delhi,IN,APAC,17 Maple Dr,28.700325,76.978126,2020-12-30,32.0,2428.15,4.86,morning,False,,0.065,zara.sharma625@example.com
CUS-0003313,Hugo Petrov,enterprise,bronze,ZN-000201,Amsterdam,NL,EMEA,280 Maple Ave,52.45914,4.866702,2022-10-12,104.0,3213.24,4.89,any,True,12.0,0.257,hugo.petrov322@example.com
CUS-0003314,Tomas Okafor,retail_consumer,gold,ZN-000027,Krakow,PL,EMEA,380 Elm Ln,50.017439,19.958587,2018-04-23,4.0,190.26,4.07,evening,False,,0.409,tomas.okafor419@example.com
CUS-0003315,Anna Zhang,smb,silver,ZN-000221,Atlanta,US,NA,17 Park St,33.716496,-84.460164,2018-04-21,26.0,2276.83,4.39,morning,True,,0.557,anna.zhang508@example.com
CUS-0003316,Hugo Nguyen,retail_consumer,bronze,ZN-000245,Osaka,JP,APAC,49 Central Dr,34.698911,135.415423,2021-06-05,12.0,2566.54,4.67,morning,False,,0.278,hugo.nguyen921@example.com
CUS-0003317,Lucas Smith,enterprise,bronze,ZN-000387,Atlanta,US,NA,346 Harbour Ave,33.831402,-84.368499,2018-05-31,287.0,14038.27,4.75,evening,True,12.0,0.318,lucas.smith314@example.com
CUS-0003318,Tomas Nguyen,marketplace_seller,none,ZN-000478,Los Angeles,US,NA,227 Union Ave,33.922897,-118.045798,2024-04-18,12.0,358.93,3.98,morning,False,,0.271,tomas.nguyen210@example.com
CUS-0003319,Hugo Ali,retail_consumer,gold,ZN-000170,Atlanta,US,NA,183 Depot Ln,33.680782,-84.336342,2022-07-15,6.0,799.15,4.26,evening,False,,0.49,hugo.ali997@example.com
CUS-0003320,Ivan Muller,smb,none,ZN-000500,Shanghai,CN,APAC,295 Victoria Ln,31.239734,121.412157,2025-06-29,50.0,1687.35,4.05,afternoon,True,,0.443,ivan.muller174@example.com
CUS-0003321,Nikolai Silva,retail_consumer,bronze,ZN-000045,Rome,IT,EMEA,257 Maple Ave,41.989725,12.601348,2021-02-24,5.0,115.99,4.27,morning,False,,0.19,nikolai.silva918@example.com
CUS-0003322,Zara Torres,retail_consumer,gold,ZN-000073,Amsterdam,NL,EMEA,166 Kings Ave,52.309017,4.790159,2020-12-25,4.0,129.57,3.98,evening,False,,0.196,zara.torres324@example.com
CUS-0003323,Hugo Nakamura,marketplace_seller,bronze,ZN-000141,Osaka,JP,APAC,128 Depot St,34.730336,135.56149,2022-01-10,4.0,122.07,3.36,evening,False,,0.167,hugo.nakamura81@example.com
CUS-0003324,Hugo Weber,smb,none,ZN-000088,Shanghai,CN,APAC,398 Church Rd,31.233324,121.541066,2018-05-11,13.0,851.56,5.0,any,True,,0.316,hugo.weber34@example.com
CUS-0003325,Omar Sharma,retail_consumer,silver,ZN-000217,Rome,IT,EMEA,133 Depot Rd,41.972149,12.501079,2018-12-17,9.0,1621.54,3.84,evening,False,,0.285,omar.sharma505@example.com
CUS-0003326,Ivan Kim,enterprise,none,ZN-000480,Rome,IT,EMEA,250 Park Way,41.805547,12.484083,2019-08-01,288.0,5650.27,3.74,any,True,12.0,0.619,ivan.kim491@example.com
CUS-0003327,Zara Moreau,retail_consumer,silver,ZN-000446,London,GB,EMEA,171 Maple Way,51.556017,-0.076059,2018-08-18,10.0,678.7,3.86,afternoon,False,,0.48,zara.moreau836@example.com
CUS-0003328,Viktor Ali,retail_consumer,silver,ZN-000385,Krakow,PL,EMEA,287 Station St,50.189778,20.039574,2018-08-01,16.0,507.83,3.21,evening,False,,0.467,viktor.ali320@example.com
CUS-0003329,Priya Zhang,enterprise,none,ZN-000277,Jakarta,ID,APAC,79 Industrial St,-6.210473,106.737015,2023-09-20,71.0,2308.03,5.0,evening,True,24.0,0.366,priya.zhang74@example.com
CUS-0003330,Zara Zhang,retail_consumer,none,ZN-000099,London,GB,EMEA,65 Victoria Rd,51.503018,-0.090352,2020-11-29,24.0,574.21,4.25,any,False,,0.285,zara.zhang194@example.com
CUS-0003331,Lucas Rossi,smb,none,ZN-000326,Shanghai,CN,APAC,65 Elm Rd,31.160652,121.434119,2018-07-02,12.0,563.46,3.53,any,True,,0.036,lucas.rossi12@example.com
CUS-0003332,Zara Nguyen,retail_consumer,gold,ZN-000170,Atlanta,US,NA,406 Central Rd,33.66065,-84.331547,2023-10-20,3.0,360.74,4.4,morning,False,,0.325,zara.nguyen450@example.com
CUS-0003333,Lucas Ivanov,retail_consumer,bronze,ZN-000429,Stockholm,SE,EMEA,91 Pine St,59.303074,17.928729,2023-10-04,15.0,381.23,5.0,morning,False,,0.265,lucas.ivanov978@example.com
CUS-0003334,Leila Dubois,smb,silver,ZN-000268,Delhi,IN,APAC,186 Market Rd,28.630427,77.115427,2021-10-04,17.0,1388.17,4.22,any,True,,0.279,leila.dubois854@example.com
CUS-0003335,Mateo Fernandez,enterprise,gold,ZN-000088,Shanghai,CN,APAC,216 Oak St,31.232644,121.554944,2025-08-16,259.0,6544.66,3.39,afternoon,True,12.0,0.139,mateo.fernandez794@example.com
CUS-0003336,Chen Sharma,retail_consumer,silver,ZN-000145,London,GB,EMEA,106 Park Sq,51.495558,-0.133482,2021-01-20,2.0,27.87,3.08,afternoon,False,,0.087,chen.sharma371@example.com
CUS-0003337,Fatima Costa,smb,bronze,ZN-000472,Sao Paulo,BR,LATAM,349 Kings Ave,-23.494827,-46.628347,2022-11-05,42.0,731.47,4.93,any,True,,0.163,fatima.costa203@example.com
CUS-0003338,Freya Hansen,enterprise,none,ZN-000485,Stockholm,SE,EMEA,68 Elm Ln,59.251913,18.371375,2025-11-09,81.0,3276.7,4.58,any,True,12.0,0.621,freya.hansen721@example.com
CUS-0003339,Priya Muller,retail_consumer,bronze,ZN-000324,Rome,IT,EMEA,39 Industrial Dr,41.951755,12.592409,2023-01-17,12.0,1593.05,3.7,afternoon,False,,0.0,priya.muller655@example.com
CUS-0003340,Chen Moreau,smb,silver,ZN-000497,Berlin,DE,EMEA,174 Kings Sq,52.434947,13.441383,2021-09-18,19.0,1087.85,5.0,morning,True,,0.173,chen.moreau450@example.com
CUS-0003341,Aisha Nguyen,retail_consumer,gold,ZN-000041,Berlin,DE,EMEA,420 Bridge St,52.48734,13.258197,2025-08-17,11.0,424.31,5.0,morning,False,,0.156,aisha.nguyen875@example.com
CUS-0003342,Hugo Ivanov,retail_consumer,bronze,ZN-000211,Osaka,JP,APAC,19 Depot Blvd,34.610429,135.488689,2022-08-17,9.0,154.36,4.7,morning,False,,0.179,hugo.ivanov767@example.com
CUS-0003343,Daniel Weber,enterprise,silver,ZN-000370,Rome,IT,EMEA,365 Central Rd,41.955485,12.585002,2019-12-23,480.0,99267.7,4.88,morning,True,48.0,0.053,daniel.weber790@example.com
CUS-0003344,Leila Ali,retail_consumer,none,ZN-000333,Krakow,PL,EMEA,471 Grove Blvd,50.291785,19.99009,2018-09-03,2.0,30.0,4.04,evening,False,,0.253,leila.ali135@example.com
CUS-0003345,Jun Ali,smb,platinum,ZN-000154,Rome,IT,EMEA,443 Victoria Ave,41.94518,12.482971,2020-03-17,10.0,571.35,2.29,evening,True,,0.136,jun.ali360@example.com
CUS-0003346,Carlos Garcia,smb,bronze,ZN-000006,London,GB,EMEA,349 Oak Blvd,51.541043,-0.190354,2018-10-25,136.0,10270.19,4.48,any,True,,0.284,carlos.garcia696@example.com
CUS-0003347,Rahul Costa,smb,none,ZN-000013,Delhi,IN,APAC,315 Oak Way,28.808036,77.335523,2018-09-07,127.0,29121.51,5.0,evening,True,,0.425,rahul.costa841@example.com
CUS-0003348,Nadia Ali,retail_consumer,platinum,ZN-000123,Los Angeles,US,NA,127 Riverside Way,34.087939,-118.265527,2020-05-04,18.0,1834.53,4.61,evening,False,,0.323,nadia.ali527@example.com
CUS-0003349,Peter Yilmaz,smb,bronze,ZN-000293,Shanghai,CN,APAC,133 Depot Sq,31.161715,121.52832,2024-12-28,14.0,366.67,4.6,evening,True,,0.294,peter.yilmaz637@example.com
CUS-0003350,Yuki Zhang,retail_consumer,none,ZN-000347,Rome,IT,EMEA,245 Industrial Sq,41.920421,12.485432,2021-10-02,5.0,306.08,2.86,afternoon,False,,0.257,yuki.zhang271@example.com
CUS-0003351,Aisha Bakker,smb,silver,ZN-000312,Delhi,IN,APAC,380 Oak Way,28.751397,77.054836,2024-10-13,26.0,711.3,3.54,afternoon,True,,0.246,aisha.bakker459@example.com
CUS-0003352,Diego Zhang,retail_consumer,silver,ZN-000356,Bengaluru,IN,APAC,367 Station Sq,12.478674,77.456607,2024-10-12,5.0,381.65,4.28,evening,False,,0.203,diego.zhang438@example.com
CUS-0003353,Grace Kim,smb,platinum,ZN-000401,Krakow,PL,EMEA,18 Market St,50.1246,20.216473,2020-10-24,29.0,2458.16,5.0,evening,True,,0.39,grace.kim351@example.com
CUS-0003354,Peter Smith,marketplace_seller,none,ZN-000380,Shanghai,CN,APAC,446 Maple Blvd,31.257663,121.382157,2022-03-13,7.0,137.23,4.94,morning,False,,0.251,peter.smith640@example.com
CUS-0003355,Anna Fernandez,retail_consumer,bronze,ZN-000026,Manchester,GB,EMEA,263 Harbour Blvd,53.524654,-2.318572,2022-10-03,12.0,761.43,4.52,morning,False,,0.235,anna.fernandez774@example.com
CUS-0003356,Tomas Torres,retail_consumer,bronze,ZN-000285,London,GB,EMEA,356 Depot Blvd,51.522496,0.016195,2023-01-01,22.0,1671.62,5.0,morning,False,,0.259,tomas.torres108@example.com
CUS-0003357,Alex Fernandez,retail_consumer,bronze,ZN-000051,Krakow,PL,EMEA,385 Depot Ln,50.016937,19.991679,2025-10-13,12.0,204.4,4.43,afternoon,False,,0.196,alex.fernandez826@example.com
CUS-0003358,Peter Torres,retail_consumer,gold,ZN-000397,Krakow,PL,EMEA,433 Cedar St,50.147257,19.814188,2019-01-08,24.0,1006.77,3.55,evening,False,,0.242,peter.torres358@example.com
CUS-0003359,Marcus Moreau,retail_consumer,none,ZN-000389,Sao Paulo,BR,LATAM,320 Oak Rd,-23.574751,-46.700952,2024-03-18,14.0,538.28,3.65,any,False,,0.388,marcus.moreau726@example.com
CUS-0003360,Diego Brown,retail_consumer,bronze,ZN-000092,London,GB,EMEA,229 Pine Rd,51.53204,-0.165088,2023-09-14,15.0,1215.82,5.0,afternoon,False,,0.364,diego.brown866@example.com
CUS-0003361,Jun Smith,retail_consumer,gold,ZN-000124,London,GB,EMEA,102 Pine St,51.512115,-0.058759,2022-08-25,32.0,1961.17,3.78,any,False,,0.356,jun.smith744@example.com
CUS-0003362,Anna Fernandez,retail_consumer,silver,ZN-000027,Krakow,PL,EMEA,395 Victoria Blvd,50.027816,19.95444,2023-11-25,3.0,360.4,4.54,evening,False,,0.146,anna.fernandez457@example.com
CUS-0003363,Lucas Kowalski,retail_consumer,bronze,ZN-000085,Osaka,JP,APAC,57 Maple Sq,34.61307,135.547423,2018-04-25,15.0,634.21,4.25,morning,False,,0.415,lucas.kowalski748@example.com
CUS-0003364,Yuki Dubois,retail_consumer,platinum,ZN-000447,Amsterdam,NL,EMEA,408 Riverside Ln,52.447888,4.975929,2019-10-27,13.0,403.72,4.01,any,False,,0.556,yuki.dubois20@example.com
CUS-0003365,Freya Costa,retail_consumer,bronze,ZN-000289,Sao Paulo,BR,LATAM,323 Industrial Rd,-23.588127,-46.514881,2019-06-14,16.0,268.56,5.0,morning,False,,0.393,freya.costa16@example.com
CUS-0003366,Rahul Okafor,retail_consumer,platinum,ZN-000131,Amsterdam,NL,EMEA,348 Church Ln,52.295621,4.974094,2019-09-09,9.0,481.69,4.25,any,False,,0.311,rahul.okafor987@example.com
CUS-0003367,Daniel Petrov,retail_consumer,none,ZN-000025,Jakarta,ID,APAC,262 Cedar Ave,-6.17614,106.801141,2024-09-16,7.0,1090.58,3.11,afternoon,False,,0.151,daniel.petrov948@example.com
CUS-0003368,Viktor Lindqvist,retail_consumer,none,ZN-000199,Mexico City,MX,LATAM,375 Union Dr,18.954204,-98.931556,2023-06-08,16.0,1227.5,3.97,any,False,,0.256,viktor.lindqvist121@example.com
CUS-0003369,Marcus Ali,public_sector,none,ZN-000379,Shanghai,CN,APAC,321 Maple Blvd,31.316003,121.430799,2023-03-07,9.0,388.58,3.07,afternoon,True,24.0,0.267,marcus.ali523@example.com
CUS-0003370,Omar Bakker,retail_consumer,silver,ZN-000291,Atlanta,US,NA,182 Central St,33.735035,-84.308185,2022-04-04,17.0,541.13,4.92,evening,False,,0.211,omar.bakker585@example.com
CUS-0003371,Rahul Zhang,retail_consumer,bronze,ZN-000233,Atlanta,US,NA,374 Industrial Rd,33.727122,-84.400241,2025-11-12,31.0,1733.26,5.0,evening,False,,0.289,rahul.zhang491@example.com
CUS-0003372,Lucas Dubois,retail_consumer,bronze,ZN-000416,Atlanta,US,NA,34 Victoria St,33.724713,-84.492012,2020-12-12,23.0,1647.09,3.3,afternoon,False,,0.268,lucas.dubois244@example.com
CUS-0003373,Peter Dubois,retail_consumer,platinum,ZN-000063,London,GB,EMEA,378 Church Ln,51.611463,-0.155147,2018-07-17,6.0,1086.02,2.87,evening,False,,0.283,peter.dubois341@example.com
CUS-0003374,Zara Rahman,smb,gold,ZN-000210,Mexico City,MX,LATAM,116 Warehouse Rd,19.495128,-99.112259,2018-07-18,9.0,217.56,3.52,any,True,,0.23,zara.rahman795@example.com
CUS-0003375,Carlos Silva,marketplace_seller,gold,ZN-000403,Atlanta,US,NA,333 Warehouse Way,33.945538,-84.430529,2025-05-12,10.0,516.74,3.89,morning,False,,0.5,carlos.silva236@example.com
CUS-0003376,Grace Muller,retail_consumer,bronze,ZN-000445,Delhi,IN,APAC,115 Pine Way,28.689895,77.100565,2018-12-14,17.0,663.04,3.27,morning,False,,0.345,grace.muller758@example.com
CUS-0003377,Leila Smith,enterprise,gold,ZN-000416,Atlanta,US,NA,418 Bridge Blvd,33.752007,-84.51596,2023-05-13,268.0,6543.67,4.02,afternoon,True,48.0,0.364,leila.smith816@example.com
CUS-0003378,Mateo Sharma,smb,none,ZN-000470,Shanghai,CN,APAC,85 Industrial Rd,31.235927,121.39052,2021-01-11,26.0,1721.48,4.17,evening,True,,0.443,mateo.sharma807@example.com
CUS-0003379,Ivan Nakamura,retail_consumer,silver,ZN-000140,Krakow,PL,EMEA,283 Central Ave,50.106496,20.04378,2023-03-30,8.0,593.42,4.09,afternoon,False,,0.602,ivan.nakamura970@example.com
CUS-0003380,Diego Kowalski,retail_consumer,platinum,ZN-000183,Sao Paulo,BR,LATAM,317 Oak Ln,-23.610065,-46.72168,2021-03-26,22.0,1192.22,4.18,any,False,,0.308,diego.kowalski563@example.com
CUS-0003381,Maria Rahman,retail_consumer,none,ZN-000151,Delhi,IN,APAC,98 Cedar Sq,28.714395,77.022345,2019-01-02,11.0,2379.31,4.42,morning,False,,0.07,maria.rahman291@example.com
CUS-0003382,Nadia Bakker,retail_consumer,bronze,ZN-000358,London,GB,EMEA,16 Bridge Ln,51.561991,-0.065071,2019-11-23,17.0,2883.37,4.73,any,False,,0.183,nadia.bakker983@example.com
CUS-0003383,Mateo Muller,retail_consumer,gold,ZN-000496,Osaka,JP,APAC,341 Park Dr,34.601895,135.480386,2021-08-14,7.0,410.9,3.81,afternoon,False,,0.244,mateo.muller923@example.com
CUS-0003384,Peter Weber,retail_consumer,silver,ZN-000500,Shanghai,CN,APAC,27 Grove Ln,31.266605,121.381233,2025-07-29,17.0,580.62,3.07,afternoon,False,,0.27,peter.weber301@example.com
CUS-0003385,Omar Garcia,enterprise,none,ZN-000224,Stockholm,SE,EMEA,472 Park Way,59.388732,18.128706,2025-10-27,655.0,26405.69,4.96,any,True,48.0,0.278,omar.garcia315@example.com
CUS-0003386,Jun Moreau,smb,bronze,ZN-000422,Shanghai,CN,APAC,314 Bridge Ln,31.250706,121.393069,2022-09-13,8.0,510.66,3.22,afternoon,True,,0.397,jun.moreau798@example.com
CUS-0003387,Fatima Silva,retail_consumer,none,ZN-000293,Shanghai,CN,APAC,201 Industrial Dr,31.13598,121.516855,2020-09-07,20.0,1457.05,4.54,afternoon,False,,0.209,fatima.silva622@example.com
CUS-0003388,Sofia Kowalski,retail_consumer,silver,ZN-000093,Sao Paulo,BR,LATAM,212 Bridge Rd,-23.597523,-46.591427,2021-10-28,16.0,523.31,3.27,morning,False,,0.296,sofia.kowalski227@example.com
CUS-0003389,Hugo Torres,retail_consumer,none,ZN-000052,London,GB,EMEA,68 Riverside Ln,51.588251,-0.236156,2023-12-11,5.0,253.49,3.5,afternoon,False,,0.226,hugo.torres298@example.com
CUS-0003390,Jun Nguyen,retail_consumer,silver,ZN-000148,Shanghai,CN,APAC,195 Union St,31.234926,121.367046,2019-08-14,19.0,480.39,4.51,morning,False,,0.299,jun.nguyen936@example.com
CUS-0003391,Chen Dubois,retail_consumer,silver,ZN-000498,Bengaluru,IN,APAC,297 Harbour Rd,13.019391,77.649403,2020-12-13,13.0,1084.87,4.1,afternoon,False,,0.282,chen.dubois564@example.com
CUS-0003392,Freya Kowalski,retail_consumer,silver,ZN-000059,Rome,IT,EMEA,453 Pine Rd,41.969811,12.509011,2021-09-02,37.0,2371.42,3.83,evening,False,,0.176,freya.kowalski810@example.com
CUS-0003393,Fatima Rossi,retail_consumer,bronze,ZN-000361,Delhi,IN,APAC,70 Warehouse Dr,28.696122,76.995692,2023-05-10,3.0,109.81,4.32,evening,False,,0.239,fatima.rossi552@example.com
CUS-0003394,Maria Muller,smb,none,ZN-000349,London,GB,EMEA,218 Kings Dr,51.454054,-0.121053,2025-08-31,10.0,798.06,5.0,any,True,,0.543,maria.muller636@example.com
CUS-0003395,Maria Fernandez,retail_consumer,none,ZN-000087,Osaka,JP,APAC,143 Union Blvd,34.624257,135.442702,2019-07-11,25.0,1019.68,5.0,any,False,,0.323,maria.fernandez739@example.com
CUS-0003396,Hugo Nguyen,retail_consumer,gold,ZN-000094,Mexico City,MX,LATAM,127 Industrial Way,19.48722,-99.117838,2019-12-19,10.0,508.93,4.03,afternoon,False,,0.4,hugo.nguyen904@example.com
CUS-0003397,Elena Garcia,retail_consumer,silver,ZN-000317,Manchester,GB,EMEA,379 Bridge St,53.478493,-2.388841,2019-12-21,8.0,348.07,4.95,evening,False,,0.233,elena.garcia574@example.com
CUS-0003398,Alex Zhang,retail_consumer,silver,ZN-000449,Stockholm,SE,EMEA,46 Station Blvd,59.287733,18.029396,2022-09-27,6.0,270.97,3.89,any,False,,0.469,alex.zhang484@example.com
CUS-0003399,Leila Petrov,retail_consumer,none,ZN-000256,Osaka,JP,APAC,94 Market Dr,34.630638,135.67,2020-05-19,5.0,194.28,4.12,any,False,,0.149,leila.petrov477@example.com
CUS-0003400,Anna Dubois,enterprise,bronze,ZN-000322,London,GB,EMEA,370 Industrial Ln,51.471195,-0.083929,2019-12-09,189.0,11535.71,4.84,evening,True,24.0,0.211,anna.dubois17@example.com
CUS-0003401,Grace Kim,retail_consumer,platinum,ZN-000217,Rome,IT,EMEA,81 Elm Ln,41.971037,12.516255,2023-09-11,10.0,453.61,2.74,evening,False,,0.248,grace.kim550@example.com
CUS-0003402,Leila Smith,smb,bronze,ZN-000442,Amsterdam,NL,EMEA,342 Riverside Rd,52.440089,4.921545,2025-09-29,24.0,758.7,4.5,evening,True,,0.129,leila.smith376@example.com
CUS-0003403,Mateo Bakker,smb,none,ZN-000398,Rome,IT,EMEA,280 Elm Sq,41.979152,12.470269,2023-03-25,16.0,2086.47,5.0,morning,True,,0.099,mateo.bakker616@example.com
CUS-0003404,Jun Rossi,retail_consumer,none,ZN-000166,Rome,IT,EMEA,164 Maple Dr,41.823685,12.563099,2024-07-16,35.0,3654.29,4.43,afternoon,False,,0.231,jun.rossi300@example.com
CUS-0003405,Maria Fernandez,retail_consumer,none,ZN-000457,London,GB,EMEA,259 Church St,51.507493,-0.130771,2025-02-13,5.0,1255.09,4.94,evening,False,,0.278,maria.fernandez2@example.com
CUS-0003406,Marcus Muller,retail_consumer,none,ZN-000039,Osaka,JP,APAC,426 Union Sq,34.779173,135.56265,2020-11-18,3.0,51.73,4.54,any,False,,0.117,marcus.muller244@example.com
CUS-0003407,Priya Moreau,retail_consumer,none,ZN-000129,Amsterdam,NL,EMEA,183 Pine St,52.380886,4.95497,2022-10-31,6.0,500.89,3.65,afternoon,False,,0.356,priya.moreau643@example.com
CUS-0003408,Aisha Yilmaz,enterprise,bronze,ZN-000125,London,GB,EMEA,408 Market Sq,51.477175,-0.196881,2020-10-27,367.0,8993.4,4.2,any,True,48.0,0.269,aisha.yilmaz712@example.com
CUS-0003409,Carlos Zhang,retail_consumer,none,ZN-000344,Bengaluru,IN,APAC,321 Union Rd,13.049312,77.634371,2022-01-29,25.0,3395.03,3.63,afternoon,False,,0.32,carlos.zhang708@example.com
CUS-0003410,Nikolai Kim,enterprise,bronze,ZN-000393,Rome,IT,EMEA,90 Park Dr,41.955875,12.584967,2020-07-15,254.0,9035.15,3.46,afternoon,True,12.0,0.196,nikolai.kim502@example.com
CUS-0003411,Peter Sharma,retail_consumer,none,ZN-000423,London,GB,EMEA,125 Harbour Blvd,51.56196,-0.203963,2021-11-19,21.0,1402.44,3.93,any,False,,0.367,peter.sharma520@example.com
CUS-0003412,Isabella Petrov,retail_consumer,gold,ZN-000315,Jakarta,ID,APAC,199 Depot Ave,-6.210675,106.862478,2020-11-30,11.0,325.73,3.98,any,False,,0.383,isabella.petrov992@example.com
CUS-0003413,Anna Zhang,retail_consumer,none,ZN-000372,Shanghai,CN,APAC,77 Bridge Dr,31.28909,121.498681,2018-11-08,19.0,664.98,3.56,evening,False,,0.316,anna.zhang713@example.com
CUS-0003414,Jun Smith,enterprise,gold,ZN-000146,London,GB,EMEA,84 Union Blvd,51.585505,-0.185316,2022-08-11,175.0,9101.23,3.06,afternoon,True,24.0,0.397,jun.smith341@example.com
CUS-0003415,Alex Fernandez,retail_consumer,platinum,ZN-000387,Atlanta,US,NA,328 Oak Blvd,33.813848,-84.358141,2024-07-30,9.0,630.76,3.68,morning,False,,0.134,alex.fernandez774@example.com
CUS-0003416,Aisha Dubois,retail_consumer,none,ZN-000184,London,GB,EMEA,161 Grove Sq,51.498457,-0.012451,2021-03-23,7.0,238.48,4.08,any,False,,0.579,aisha.dubois174@example.com
CUS-0003417,Isabella Silva,retail_consumer,bronze,ZN-000072,Shanghai,CN,APAC,188 Park Dr,31.250701,121.553405,2024-07-02,2.0,107.38,3.96,morning,False,,0.37,isabella.silva737@example.com
CUS-0003418,Rahul Lindqvist,retail_consumer,none,ZN-000420,Krakow,PL,EMEA,442 Grove Way,50.110484,20.030366,2020-05-30,12.0,414.05,4.68,any,False,,0.681,rahul.lindqvist132@example.com
CUS-0003419,Hugo Kowalski,retail_consumer,bronze,ZN-000118,London,GB,EMEA,146 Church St,51.579408,-0.061322,2023-06-01,10.0,468.92,4.67,morning,False,,0.333,hugo.kowalski415@example.com
CUS-0003420,Tomas Rossi,retail_consumer,bronze,ZN-000290,Rome,IT,EMEA,359 Harbour Ln,41.917375,12.371195,2022-06-09,63.0,22111.6,5.0,afternoon,False,,0.184,tomas.rossi619@example.com
CUS-0003421,Tomas Yilmaz,retail_consumer,silver,ZN-000110,London,GB,EMEA,131 Park St,51.544281,-0.115364,2021-09-27,4.0,130.09,4.74,any,False,,0.1,tomas.yilmaz521@example.com
CUS-0003422,Zara Kowalski,retail_consumer,bronze,ZN-000064,Atlanta,US,NA,83 Industrial Ave,33.848936,-84.401759,2018-11-23,13.0,1771.69,4.54,morning,False,,0.251,zara.kowalski965@example.com
CUS-0003423,Yuki Nguyen,marketplace_seller,bronze,ZN-000457,London,GB,EMEA,204 Union Way,51.479283,-0.157577,2020-08-26,7.0,614.53,4.92,any,False,,0.0,yuki.nguyen793@example.com
CUS-0003424,Jun Smith,smb,gold,ZN-000127,Krakow,PL,EMEA,337 Depot Dr,49.982234,19.985049,2024-12-02,16.0,668.08,4.84,afternoon,True,,0.17,jun.smith43@example.com
CUS-0003425,Freya Fernandez,enterprise,none,ZN-000119,Manchester,GB,EMEA,288 Church Dr,53.531374,-2.388503,2025-10-28,126.0,23561.67,4.47,evening,True,48.0,0.167,freya.fernandez928@example.com
CUS-0003426,Aisha Sharma,retail_consumer,bronze,ZN-000167,Shanghai,CN,APAC,445 Union Blvd,31.137799,121.488235,2024-07-18,12.0,1668.21,3.4,morning,False,,0.126,aisha.sharma231@example.com
CUS-0003427,Ivan Ali,retail_consumer,silver,ZN-000426,Krakow,PL,EMEA,119 Market Ln,49.883067,19.663427,2024-01-21,3.0,199.16,4.15,afternoon,False,,0.054,ivan.ali573@example.com
CUS-0003428,Omar Muller,public_sector,silver,ZN-000292,Krakow,PL,EMEA,325 Riverside Way,50.339665,19.143657,2018-10-24,70.0,8830.02,4.31,morning,True,24.0,0.365,omar.muller641@example.com
CUS-0003429,Fatima Nakamura,retail_consumer,none,ZN-000435,Los Angeles,US,NA,470 Harbour Sq,34.129647,-118.222811,2021-10-16,9.0,328.97,5.0,any,False,,0.369,fatima.nakamura458@example.com
CUS-0003430,Grace Dubois,smb,none,ZN-000115,Krakow,PL,EMEA,414 Oak Sq,50.021097,19.921042,2019-03-15,19.0,373.91,4.35,any,True,,0.35,grace.dubois731@example.com
CUS-0003431,Nikolai Costa,retail_consumer,none,ZN-000424,Mexico City,MX,LATAM,443 Station Ave,19.489538,-99.142187,2019-10-09,2.0,69.14,2.94,morning,False,,0.423,nikolai.costa374@example.com
CUS-0003432,Lucas Garcia,smb,bronze,ZN-000189,Jakarta,ID,APAC,122 Industrial Way,-6.342988,106.975929,2024-02-29,21.0,779.53,4.91,morning,True,,0.396,lucas.garcia939@example.com
CUS-0003433,Carlos Kim,retail_consumer,bronze,ZN-000324,Rome,IT,EMEA,405 Union Rd,41.967907,12.611819,2022-04-29,15.0,1156.27,5.0,morning,False,,0.085,carlos.kim288@example.com
CUS-0003434,Elena Weber,retail_consumer,bronze,ZN-000197,Atlanta,US,NA,459 Market Blvd,33.810647,-84.352065,2022-07-13,17.0,538.86,3.89,morning,False,,0.468,elena.weber144@example.com
CUS-0003435,Alex Ivanov,retail_consumer,none,ZN-000298,Bengaluru,IN,APAC,54 Warehouse Blvd,13.185305,77.731019,2020-09-12,12.0,607.79,3.85,any,False,,0.348,alex.ivanov121@example.com
CUS-0003436,Freya Lindqvist,enterprise,silver,ZN-000046,Manchester,GB,EMEA,54 Victoria Rd,53.570122,-2.242174,2022-12-29,225.0,12450.4,2.75,afternoon,True,12.0,0.165,freya.lindqvist662@example.com
CUS-0003437,Nikolai Muller,retail_consumer,platinum,ZN-000412,Osaka,JP,APAC,235 Grove Dr,34.698808,135.459558,2024-05-18,5.0,476.28,3.81,evening,False,,0.223,nikolai.muller782@example.com
CUS-0003438,Priya Yilmaz,smb,bronze,ZN-000238,Rome,IT,EMEA,114 Park St,41.887561,12.48076,2020-08-12,31.0,637.77,3.78,evening,True,,0.38,priya.yilmaz475@example.com
CUS-0003439,Nikolai Smith,retail_consumer,silver,ZN-000350,Stockholm,SE,EMEA,18 Market Ave,59.111942,17.83743,2025-01-25,10.0,565.55,3.75,afternoon,False,,0.015,nikolai.smith533@example.com
CUS-0003440,Maria Weber,retail_consumer,silver,ZN-000141,Osaka,JP,APAC,367 Riverside Dr,34.737553,135.557759,2022-12-29,21.0,1396.37,3.22,evening,False,,0.402,maria.weber983@example.com
CUS-0003441,Ivan Bakker,retail_consumer,none,ZN-000414,Manchester,GB,EMEA,243 Riverside Rd,53.475065,-1.988975,2024-01-26,13.0,2598.13,4.14,any,False,,0.584,ivan.bakker750@example.com
CUS-0003442,Anna Yilmaz,retail_consumer,silver,ZN-000377,Bengaluru,IN,APAC,479 Park Blvd,12.999998,77.643412,2018-11-13,19.0,1058.79,3.75,any,False,,0.494,anna.yilmaz743@example.com
CUS-0003443,Elena Nakamura,retail_consumer,platinum,ZN-000208,London,GB,EMEA,315 Church Blvd,51.445671,-0.097004,2024-10-13,11.0,224.87,4.59,evening,False,,0.188,elena.nakamura938@example.com
CUS-0003444,Peter Yilmaz,smb,silver,ZN-000037,Sao Paulo,BR,LATAM,458 Church Rd,-23.608353,-46.603106,2018-05-14,21.0,400.4,4.78,afternoon,True,,0.245,peter.yilmaz559@example.com
CUS-0003445,Ivan Nguyen,smb,none,ZN-000081,Berlin,DE,EMEA,72 Depot Dr,52.473144,13.538965,2020-04-24,15.0,326.01,4.51,any,True,,0.123,ivan.nguyen142@example.com
CUS-0003446,Daniel Ali,retail_consumer,platinum,ZN-000172,Jakarta,ID,APAC,42 Riverside Way,-6.152758,106.856459,2025-04-06,8.0,887.57,4.09,evening,False,,0.211,daniel.ali547@example.com
CUS-0003447,Chen Fernandez,retail_consumer,bronze,ZN-000312,Delhi,IN,APAC,207 Riverside Sq,28.759479,77.072124,2022-07-05,13.0,374.92,4.38,afternoon,False,,0.238,chen.fernandez696@example.com
CUS-0003448,Isabella Lindqvist,retail_consumer,platinum,ZN-000398,Rome,IT,EMEA,459 Victoria Way,41.969285,12.468182,2019-05-14,10.0,256.2,4.67,evening,False,,0.244,isabella.lindqvist200@example.com
CUS-0003449,Fatima Ivanov,retail_consumer,none,ZN-000094,Mexico City,MX,LATAM,16 Union St,19.503511,-99.123493,2021-01-07,8.0,151.36,4.45,any,False,,0.279,fatima.ivanov50@example.com
CUS-0003450,Priya Smith,retail_consumer,silver,ZN-000403,Atlanta,US,NA,287 Market Ave,33.924489,-84.444073,2023-02-28,71.0,1060.53,4.3,any,False,,0.256,priya.smith694@example.com
CUS-0003451,Rahul Garcia,smb,gold,ZN-000405,Shanghai,CN,APAC,9 Elm Ave,31.206087,121.545607,2019-11-19,18.0,627.75,4.59,any,True,,0.095,rahul.garcia795@example.com
CUS-0003452,Zara Lindqvist,retail_consumer,gold,ZN-000430,Manchester,GB,EMEA,478 Depot Rd,53.549282,-2.594836,2024-03-09,38.0,1435.6,3.11,any,False,,0.141,zara.lindqvist606@example.com
CUS-0003453,Amara Kim,retail_consumer,none,ZN-000015,Osaka,JP,APAC,21 Union Ln,34.679524,135.489963,2022-07-02,7.0,335.25,3.77,afternoon,False,,0.385,amara.kim909@example.com
CUS-0003454,Fatima Dubois,smb,silver,ZN-000320,Stockholm,SE,EMEA,394 Victoria Way,59.288626,18.262874,2024-07-04,34.0,4803.59,4.29,morning,True,,0.0,fatima.dubois419@example.com
CUS-0003455,Isabella Kowalski,public_sector,none,ZN-000144,Stockholm,SE,EMEA,226 Station Sq,59.416335,17.971849,2022-09-28,6.0,272.55,4.46,evening,True,48.0,0.375,isabella.kowalski888@example.com
CUS-0003456,Carlos Costa,retail_consumer,bronze,ZN-000485,Stockholm,SE,EMEA,214 Pine Rd,59.220533,18.341167,2018-04-01,4.0,305.36,4.5,any,False,,0.268,carlos.costa832@example.com
CUS-0003457,Lucas Novak,smb,gold,ZN-000192,Mexico City,MX,LATAM,42 Cedar Way,19.453289,-99.152195,2024-11-08,179.0,4202.52,3.72,morning,True,,0.392,lucas.novak371@example.com
CUS-0003458,Aisha Dubois,smb,bronze,ZN-000280,Manchester,GB,EMEA,458 Harbour Sq,54.061213,-2.036406,2024-05-10,98.0,5258.96,5.0,evening,True,,0.272,aisha.dubois798@example.com
CUS-0003459,Sofia Yilmaz,retail_consumer,none,ZN-000249,London,GB,EMEA,326 Bridge Way,51.487142,0.008743,2021-04-22,25.0,1354.11,4.53,afternoon,False,,0.263,sofia.yilmaz156@example.com
CUS-0003460,Chen Dubois,retail_consumer,none,ZN-000202,Krakow,PL,EMEA,237 Elm Sq,50.061968,19.930158,2020-03-09,7.0,242.22,4.64,morning,False,,0.09,chen.dubois281@example.com
CUS-0003461,Leila Rahman,retail_consumer,none,ZN-000005,Krakow,PL,EMEA,436 Market St,50.190012,20.008685,2023-04-13,16.0,528.47,3.91,morning,False,,0.363,leila.rahman665@example.com
CUS-0003462,Priya Novak,retail_consumer,bronze,ZN-000084,Manchester,GB,EMEA,260 Kings Rd,53.487168,-2.160779,2024-08-03,6.0,337.69,4.93,any,False,,0.304,priya.novak550@example.com
CUS-0003463,Jun Costa,retail_consumer,platinum,ZN-000157,Rome,IT,EMEA,115 Harbour Way,41.923213,12.352804,2021-12-29,11.0,550.75,4.68,any,False,,0.402,jun.costa49@example.com
CUS-0003464,Isabella Rossi,retail_consumer,none,ZN-000113,Amsterdam,NL,EMEA,131 Elm Sq,52.290632,4.818828,2024-03-25,7.0,306.55,4.96,any,False,,0.021,isabella.rossi101@example.com
CUS-0003465,Ivan Novak,retail_consumer,bronze,ZN-000285,London,GB,EMEA,128 Central St,51.516052,-0.015068,2018-04-02,12.0,1014.52,4.92,afternoon,False,,0.445,ivan.novak190@example.com
CUS-0003466,Zara Petrov,enterprise,platinum,ZN-000036,Shanghai,CN,APAC,337 Kings Blvd,31.248157,121.428958,2025-10-29,579.0,76267.77,4.51,evening,True,12.0,0.314,zara.petrov19@example.com
CUS-0003467,Nikolai Yilmaz,retail_consumer,gold,ZN-000083,Los Angeles,US,NA,58 Pine Sq,34.056412,-118.233271,2025-03-21,6.0,484.79,3.69,morning,False,,0.136,nikolai.yilmaz991@example.com
CUS-0003468,Chen Petrov,smb,bronze,ZN-000086,Rome,IT,EMEA,99 Industrial Rd,41.868488,12.450913,2018-01-18,19.0,736.58,2.95,any,True,,0.082,chen.petrov283@example.com
CUS-0003469,Alex Silva,retail_consumer,gold,ZN-000132,Krakow,PL,EMEA,68 Elm Ave,49.90523,19.705134,2025-09-02,6.0,539.09,4.14,evening,False,,0.294,alex.silva975@example.com
CUS-0003470,Jun Silva,smb,gold,ZN-000254,Manchester,GB,EMEA,351 Church Rd,53.418959,-2.703787,2018-09-01,109.0,13712.78,4.06,any,True,,0.394,jun.silva215@example.com
CUS-0003471,Viktor Okafor,enterprise,gold,ZN-000213,Osaka,JP,APAC,175 Victoria Ave,34.776149,135.524292,2023-05-30,424.0,72036.81,2.73,morning,True,12.0,0.236,viktor.okafor624@example.com
CUS-0003472,Alex Ali,retail_consumer,gold,ZN-000083,Los Angeles,US,NA,93 Oak Way,34.04825,-118.223632,2018-06-03,5.0,296.57,4.82,afternoon,False,,0.455,alex.ali785@example.com
CUS-0003473,Carlos Silva,enterprise,gold,ZN-000039,Osaka,JP,APAC,94 Central Blvd,34.786111,135.545993,2019-01-13,403.0,15505.95,3.9,afternoon,True,24.0,0.068,carlos.silva101@example.com
CUS-0003474,Anna Costa,smb,bronze,ZN-000347,Rome,IT,EMEA,21 Market Blvd,41.881011,12.48752,2022-11-01,32.0,734.93,3.77,afternoon,True,,0.528,anna.costa656@example.com
CUS-0003475,Jun Nakamura,retail_consumer,none,ZN-000476,Shanghai,CN,APAC,320 Market Ln,31.230818,121.409159,2024-05-29,8.0,1267.83,4.69,evening,False,,0.286,jun.nakamura514@example.com
CUS-0003476,Elena Kim,enterprise,gold,ZN-000206,Rome,IT,EMEA,117 Market Way,41.927629,12.517938,2023-05-23,68.0,3467.22,3.96,evening,True,12.0,0.317,elena.kim262@example.com
CUS-0003477,Priya Hansen,smb,platinum,ZN-000444,Osaka,JP,APAC,25 Pine Dr,34.611613,135.467762,2023-11-03,33.0,1304.42,3.74,any,True,,0.268,priya.hansen938@example.com
CUS-0003478,Yuki Petrov,marketplace_seller,none,ZN-000064,Atlanta,US,NA,437 Grove St,33.831601,-84.445159,2019-01-05,11.0,516.85,3.94,any,False,,0.013,yuki.petrov521@example.com
CUS-0003479,Carlos Petrov,retail_consumer,none,ZN-000189,Jakarta,ID,APAC,234 Park Ave,-6.331222,107.015775,2025-03-23,11.0,516.61,4.88,afternoon,False,,0.21,carlos.petrov619@example.com
CUS-0003480,Diego Moreau,retail_consumer,bronze,ZN-000011,Berlin,DE,EMEA,371 Station Rd,52.511166,13.512364,2018-04-03,5.0,195.55,3.49,afternoon,False,,0.163,diego.moreau93@example.com
CUS-0003481,Sofia Ali,retail_consumer,bronze,ZN-000175,Los Angeles,US,NA,313 Warehouse Rd,34.122888,-118.051882,2020-12-13,13.0,922.26,3.95,any,False,,0.0,sofia.ali696@example.com
CUS-0003482,Diego Smith,public_sector,none,ZN-000146,London,GB,EMEA,63 Elm Ln,51.563858,-0.175766,2023-01-19,5.0,483.03,5.0,afternoon,True,12.0,0.53,diego.smith357@example.com
CUS-0003483,Maria Moreau,public_sector,none,ZN-000033,Delhi,IN,APAC,21 Warehouse Sq,28.753484,77.165284,2023-08-06,20.0,2243.51,3.85,evening,True,12.0,0.378,maria.moreau784@example.com
CUS-0003484,Zara Kim,retail_consumer,bronze,ZN-000424,Mexico City,MX,LATAM,353 Cedar Ave,19.493731,-99.14586,2024-06-28,4.0,100.06,5.0,any,False,,0.217,zara.kim670@example.com
CUS-0003485,Yuki Smith,enterprise,silver,ZN-000176,Los Angeles,US,NA,402 Church Rd,34.053508,-118.161335,2024-10-19,517.0,59972.04,4.14,afternoon,True,24.0,0.339,yuki.smith407@example.com
CUS-0003486,Yuki Rossi,marketplace_seller,silver,ZN-000277,Jakarta,ID,APAC,191 Pine St,-6.194393,106.749064,2023-06-18,25.0,1789.5,5.0,evening,False,,0.389,yuki.rossi889@example.com
CUS-0003487,Yuki Kim,enterprise,bronze,ZN-000033,Delhi,IN,APAC,224 Pine St,28.739116,77.183022,2019-10-14,993.0,464206.42,4.21,morning,True,12.0,0.497,yuki.kim177@example.com
CUS-0003488,Diego Bakker,smb,none,ZN-000273,Rome,IT,EMEA,49 Grove St,41.950338,12.550293,2023-12-12,34.0,1417.01,4.33,afternoon,True,,0.371,diego.bakker450@example.com
CUS-0003489,Tomas Lindqvist,retail_consumer,none,ZN-000367,Shanghai,CN,APAC,67 Station Dr,31.254911,121.556457,2018-08-26,35.0,4627.65,3.54,afternoon,False,,0.351,tomas.lindqvist873@example.com
CUS-0003490,Ivan Fernandez,enterprise,bronze,ZN-000310,Osaka,JP,APAC,459 Grove Ave,34.736852,135.6112,2025-03-31,107.0,3797.03,2.79,afternoon,True,12.0,0.498,ivan.fernandez487@example.com
CUS-0003491,Fatima Fernandez,enterprise,gold,ZN-000350,Stockholm,SE,EMEA,472 Victoria Blvd,59.081592,17.854979,2024-04-11,525.0,43891.24,3.88,afternoon,True,48.0,0.267,fatima.fernandez384@example.com
CUS-0003492,Viktor Zhang,enterprise,bronze,ZN-000347,Rome,IT,EMEA,53 Union Rd,41.91028,12.473389,2024-07-15,121.0,2773.75,4.59,evening,True,12.0,0.109,viktor.zhang777@example.com
CUS-0003493,Jun Bakker,retail_consumer,silver,ZN-000008,Krakow,PL,EMEA,8 Central Sq,50.095125,20.012863,2022-11-21,8.0,537.51,3.79,afternoon,False,,0.593,jun.bakker237@example.com
CUS-0003494,Ivan Lindqvist,enterprise,bronze,ZN-000379,Shanghai,CN,APAC,202 Industrial Dr,31.299343,121.443661,2021-05-07,33.0,7977.79,4.73,morning,True,24.0,0.14,ivan.lindqvist341@example.com
CUS-0003495,Diego Sharma,public_sector,none,ZN-000042,Osaka,JP,APAC,421 Warehouse Sq,34.657515,135.440543,2024-05-02,38.0,823.39,2.87,afternoon,True,12.0,0.159,diego.sharma549@example.com
CUS-0003496,Fatima Rossi,smb,silver,ZN-000210,Mexico City,MX,LATAM,8 Riverside Blvd,19.513043,-99.091161,2023-03-25,18.0,1255.39,4.25,any,True,,0.271,fatima.rossi772@example.com
CUS-0003497,Carlos Muller,enterprise,silver,ZN-000242,Atlanta,US,NA,100 Station Blvd,33.756867,-84.486817,2019-05-17,246.0,32304.63,2.69,any,True,48.0,0.434,carlos.muller667@example.com
CUS-0003498,Jun Brown,enterprise,none,ZN-000461,Krakow,PL,EMEA,157 Grove Blvd,49.890291,20.410105,2025-04-17,511.0,15613.47,4.68,afternoon,True,48.0,0.0,jun.brown210@example.com
CUS-0003499,Diego Moreau,retail_consumer,none,ZN-000158,Shanghai,CN,APAC,14 Union St,31.176004,121.60021,2024-12-07,8.0,263.01,3.6,any,False,,0.061,diego.moreau560@example.com
CUS-0003500,Carlos Silva,smb,none,ZN-000015,Osaka,JP,APAC,344 Victoria Sq,34.686333,135.49141,2019-01-14,17.0,241.74,4.51,morning,True,,0.284,carlos.silva279@example.com
CUS-0003501,Fatima Nakamura,retail_consumer,bronze,ZN-000057,Jakarta,ID,APAC,175 Bridge Ln,-6.286181,106.608453,2018-01-27,9.0,1220.41,5.0,afternoon,False,,0.201,fatima.nakamura368@example.com
CUS-0003502,Elena Brown,retail_consumer,bronze,ZN-000009,Shanghai,CN,APAC,448 Maple Way,31.240078,121.555915,2019-05-15,47.0,2040.79,4.15,afternoon,False,,0.377,elena.brown29@example.com
CUS-0003503,Aisha Novak,public_sector,bronze,ZN-000358,London,GB,EMEA,447 Warehouse Ave,51.548678,-0.018661,2019-12-23,10.0,1117.06,4.01,morning,True,48.0,0.27,aisha.novak741@example.com
CUS-0003504,Anna Torres,smb,none,ZN-000388,Atlanta,US,NA,103 Cedar Blvd,33.596243,-84.453524,2020-03-12,14.0,335.23,4.62,any,True,,0.367,anna.torres833@example.com
CUS-0003505,Carlos Petrov,retail_consumer,none,ZN-000161,Delhi,IN,APAC,351 Kings Rd,28.736501,77.2117,2021-01-30,16.0,583.87,5.0,afternoon,False,,0.459,carlos.petrov492@example.com
CUS-0003506,Elena Garcia,public_sector,bronze,ZN-000025,Jakarta,ID,APAC,181 Central Ave,-6.183261,106.798695,2022-10-04,10.0,964.73,4.61,afternoon,True,48.0,0.338,elena.garcia772@example.com
CUS-0003507,Mateo Rossi,enterprise,none,ZN-000086,Rome,IT,EMEA,265 Church Blvd,41.893478,12.446273,2020-12-10,359.0,11898.6,3.38,evening,True,24.0,0.078,mateo.rossi437@example.com
CUS-0003508,Ivan Bakker,retail_consumer,bronze,ZN-000119,Manchester,GB,EMEA,309 Kings Dr,53.536523,-2.378778,2024-01-19,16.0,1533.06,3.26,evening,False,,0.267,ivan.bakker980@example.com
CUS-0003509,Amara Rahman,smb,none,ZN-000117,London,GB,EMEA,41 Church Ln,51.418455,-0.083489,2025-01-26,26.0,2621.18,5.0,afternoon,True,,0.395,amara.rahman793@example.com
CUS-0003510,Lucas Bakker,retail_consumer,bronze,ZN-000424,Mexico City,MX,LATAM,408 Pine Ave,19.496247,-99.126896,2019-07-19,35.0,2735.36,5.0,any,False,,0.228,lucas.bakker339@example.com
CUS-0003511,Marcus Nakamura,public_sector,none,ZN-000295,London,GB,EMEA,38 Station Rd,51.171719,-0.104721,2021-09-23,28.0,5125.95,3.13,afternoon,True,48.0,0.124,marcus.nakamura625@example.com
CUS-0003512,Fatima Sharma,retail_consumer,silver,ZN-000123,Los Angeles,US,NA,353 Bridge Ave,34.085133,-118.249289,2020-08-21,13.0,348.07,3.83,any,False,,0.376,fatima.sharma909@example.com
CUS-0003513,Aisha Bakker,smb,bronze,ZN-000158,Shanghai,CN,APAC,408 Victoria Blvd,31.178125,121.592779,2023-07-11,20.0,724.18,4.59,afternoon,True,,0.377,aisha.bakker82@example.com
CUS-0003514,Carlos Torres,retail_consumer,silver,ZN-000075,Krakow,PL,EMEA,237 Bridge Sq,50.074725,19.80932,2024-12-28,4.0,96.02,4.05,evening,False,,0.459,carlos.torres354@example.com
CUS-0003515,Daniel Brown,retail_consumer,silver,ZN-000362,London,GB,EMEA,256 Victoria Sq,51.494174,-0.031839,2018-10-01,14.0,2719.54,3.85,any,False,,0.198,daniel.brown596@example.com
CUS-0003516,Nikolai Rossi,retail_consumer,bronze,ZN-000076,Sao Paulo,BR,LATAM,75 Market Ave,-23.527241,-46.61196,2019-11-23,8.0,1219.93,3.99,evening,False,,0.087,nikolai.rossi93@example.com
CUS-0003517,Lucas Moreau,retail_consumer,silver,ZN-000428,London,GB,EMEA,316 Union Blvd,51.413054,-0.109901,2022-03-01,8.0,268.45,4.73,evening,False,,0.384,lucas.moreau311@example.com
CUS-0003518,Omar Petrov,retail_consumer,bronze,ZN-000185,Delhi,IN,APAC,193 Church Rd,28.645403,77.006383,2024-01-31,38.0,743.3,2.88,evening,False,,0.497,omar.petrov976@example.com
CUS-0003519,Sofia Lindqvist,retail_consumer,gold,ZN-000268,Delhi,IN,APAC,45 Depot Blvd,28.647586,77.124371,2025-05-02,5.0,196.17,3.34,afternoon,False,,0.489,sofia.lindqvist583@example.com
CUS-0003520,Priya Kim,enterprise,silver,ZN-000040,Stockholm,SE,EMEA,445 Station St,59.306679,18.145467,2025-03-22,247.0,5389.57,4.06,any,True,12.0,0.184,priya.kim393@example.com
CUS-0003521,Grace Kowalski,retail_consumer,none,ZN-000462,London,GB,EMEA,429 Victoria St,51.414195,-0.200921,2023-03-27,5.0,584.26,5.0,any,False,,0.019,grace.kowalski119@example.com
CUS-0003522,Zara Yilmaz,retail_consumer,none,ZN-000134,Berlin,DE,EMEA,86 Victoria Sq,52.881093,13.878934,2019-11-22,38.0,1473.75,3.94,evening,False,,0.173,zara.yilmaz995@example.com
CUS-0003523,Omar Garcia,retail_consumer,silver,ZN-000336,London,GB,EMEA,53 Union Blvd,51.577093,-0.053383,2022-11-16,12.0,560.49,5.0,morning,False,,0.0,omar.garcia521@example.com
CUS-0003524,Viktor Nakamura,retail_consumer,gold,ZN-000066,Jakarta,ID,APAC,11 Maple Way,-6.176088,106.856123,2021-08-06,14.0,2403.25,3.02,evening,False,,0.0,viktor.nakamura754@example.com
CUS-0003525,Carlos Silva,smb,gold,ZN-000076,Sao Paulo,BR,LATAM,347 Union St,-23.549144,-46.575949,2020-02-23,47.0,4879.03,3.96,morning,True,,0.423,carlos.silva440@example.com
CUS-0003526,Hugo Dubois,smb,none,ZN-000332,Delhi,IN,APAC,194 Park Rd,28.779087,77.027348,2021-12-03,22.0,766.32,3.42,evening,True,,0.271,hugo.dubois907@example.com
CUS-0003527,Hugo Muller,retail_consumer,bronze,ZN-000003,London,GB,EMEA,454 Central Blvd,51.529714,-0.02711,2020-12-26,5.0,378.95,3.51,evening,False,,0.089,hugo.muller845@example.com
CUS-0003528,Ivan Brown,retail_consumer,bronze,ZN-000121,Shanghai,CN,APAC,288 Oak Ln,31.194374,121.438004,2021-11-16,7.0,584.81,3.77,evening,False,,0.162,ivan.brown449@example.com
CUS-0003529,Carlos Ali,public_sector,none,ZN-000396,Krakow,PL,EMEA,27 Market Blvd,50.111349,19.669552,2023-08-10,34.0,1136.96,4.26,afternoon,True,24.0,0.062,carlos.ali798@example.com
CUS-0003530,Maria Costa,retail_consumer,none,ZN-000065,Jakarta,ID,APAC,43 Station Ln,-6.221811,106.808367,2022-07-09,16.0,777.42,4.39,afternoon,False,,0.413,maria.costa266@example.com
CUS-0003531,Zara Rossi,marketplace_seller,bronze,ZN-000095,Rome,IT,EMEA,138 Church Dr,41.919758,12.142341,2024-08-07,7.0,201.68,4.1,evening,False,,0.002,zara.rossi253@example.com
CUS-0003532,Zara Nguyen,smb,bronze,ZN-000462,London,GB,EMEA,68 Harbour St,51.434401,-0.211961,2023-11-19,26.0,2560.81,2.74,afternoon,True,,0.263,zara.nguyen888@example.com
CUS-0003533,Lucas Okafor,retail_consumer,bronze,ZN-000225,London,GB,EMEA,439 Depot Dr,51.5264,-0.158794,2025-07-14,5.0,144.31,5.0,any,False,,0.473,lucas.okafor976@example.com
CUS-0003534,Rahul Rossi,retail_consumer,none,ZN-000434,Rome,IT,EMEA,267 Victoria St,41.963723,12.539661,2020-01-01,32.0,874.51,3.32,any,False,,0.397,rahul.rossi73@example.com
CUS-0003535,Freya Sharma,marketplace_seller,none,ZN-000478,Los Angeles,US,NA,193 Depot Blvd,33.911406,-118.008709,2020-05-14,5.0,128.66,4.37,evening,False,,0.239,freya.sharma232@example.com
CUS-0003536,Hugo Fernandez,smb,none,ZN-000042,Osaka,JP,APAC,448 Station Blvd,34.695542,135.475568,2022-06-12,15.0,347.68,5.0,any,True,,0.415,hugo.fernandez75@example.com
CUS-0003537,Daniel Silva,retail_consumer,none,ZN-000402,London,GB,EMEA,439 Harbour Way,51.556788,-0.183577,2023-04-07,4.0,71.01,4.06,evening,False,,0.495,daniel.silva344@example.com
CUS-0003538,Freya Fernandez,marketplace_seller,bronze,ZN-000459,Mexico City,MX,LATAM,68 Cedar Ave,19.506811,-99.070107,2019-04-21,9.0,492.26,4.47,evening,False,,0.353,freya.fernandez197@example.com
CUS-0003539,Grace Petrov,marketplace_seller,silver,ZN-000403,Atlanta,US,NA,22 Industrial St,33.950291,-84.463669,2021-07-02,3.0,191.26,2.7,any,False,,0.105,grace.petrov522@example.com
CUS-0003540,Priya Nakamura,smb,none,ZN-000222,Bengaluru,IN,APAC,254 Union Ln,12.978716,77.513723,2021-07-20,21.0,437.28,4.5,morning,True,,0.183,priya.nakamura594@example.com
CUS-0003541,Freya Garcia,retail_consumer,none,ZN-000288,Amsterdam,NL,EMEA,337 Harbour Sq,52.363808,4.850174,2023-04-28,17.0,1160.38,4.59,any,False,,0.424,freya.garcia581@example.com
CUS-0003542,Yuki Sharma,retail_consumer,silver,ZN-000412,Osaka,JP,APAC,95 Riverside Dr,34.696045,135.471409,2021-05-23,7.0,376.68,3.29,evening,False,,0.513,yuki.sharma550@example.com
CUS-0003543,Rahul Nakamura,retail_consumer,bronze,ZN-000104,Krakow,PL,EMEA,245 Grove Sq,50.103159,19.83994,2021-06-23,7.0,188.69,3.74,evening,False,,0.416,rahul.nakamura451@example.com
CUS-0003544,Mateo Lindqvist,retail_consumer,bronze,ZN-000500,Shanghai,CN,APAC,312 Riverside Ln,31.273332,121.407145,2019-04-09,19.0,5449.77,3.86,any,False,,0.219,mateo.lindqvist158@example.com
CUS-0003545,Omar Costa,public_sector,platinum,ZN-000202,Krakow,PL,EMEA,270 Market Dr,50.07099,19.915928,2018-05-18,6.0,296.74,3.42,any,True,12.0,0.218,omar.costa115@example.com
CUS-0003546,Alex Yilmaz,retail_consumer,bronze,ZN-000449,Stockholm,SE,EMEA,72 Grove Ave,59.304993,18.067553,2024-12-22,9.0,539.31,3.89,morning,False,,0.531,alex.yilmaz568@example.com
CUS-0003547,Fatima Moreau,public_sector,silver,ZN-000435,Los Angeles,US,NA,432 Elm Sq,34.100305,-118.227044,2024-09-02,5.0,974.52,5.0,afternoon,True,48.0,0.393,fatima.moreau784@example.com
CUS-0003548,Ivan Petrov,retail_consumer,none,ZN-000275,London,GB,EMEA,462 Elm Blvd,51.609773,-0.073316,2023-01-21,41.0,8371.78,4.1,morning,False,,0.509,ivan.petrov281@example.com
CUS-0003549,Carlos Brown,retail_consumer,platinum,ZN-000277,Jakarta,ID,APAC,342 Oak Ave,-6.217338,106.754572,2018-07-05,39.0,3070.1,5.0,afternoon,False,,0.193,carlos.brown993@example.com
CUS-0003550,Anna Moreau,retail_consumer,none,ZN-000258,Jakarta,ID,APAC,415 Oak St,-6.13457,106.770883,2025-03-23,3.0,100.29,4.7,afternoon,False,,0.328,anna.moreau465@example.com
CUS-0003551,Diego Moreau,retail_consumer,bronze,ZN-000113,Amsterdam,NL,EMEA,198 Station St,52.323189,4.821764,2021-09-30,4.0,125.11,4.56,any,False,,0.0,diego.moreau579@example.com
CUS-0003552,Nikolai Muller,retail_consumer,none,ZN-000061,Los Angeles,US,NA,54 Harbour Ln,34.344953,-118.101882,2023-01-12,47.0,6675.95,3.14,afternoon,False,,0.058,nikolai.muller718@example.com
CUS-0003553,Carlos Bakker,retail_consumer,none,ZN-000341,Sao Paulo,BR,LATAM,400 Elm Dr,-23.59415,-46.704502,2018-01-25,14.0,992.19,4.21,evening,False,,0.206,carlos.bakker807@example.com
CUS-0003554,Mateo Garcia,marketplace_seller,bronze,ZN-000495,Krakow,PL,EMEA,435 Park Blvd,49.847762,19.98945,2023-10-01,4.0,402.04,3.45,morning,False,,0.123,mateo.garcia981@example.com
CUS-0003555,Carlos Dubois,retail_consumer,none,ZN-000008,Krakow,PL,EMEA,104 Cedar Way,50.122911,20.076453,2022-08-26,4.0,91.18,3.37,any,False,,0.386,carlos.dubois385@example.com
CUS-0003556,Carlos Dubois,retail_consumer,platinum,ZN-000184,London,GB,EMEA,291 Oak St,51.470446,-0.050105,2024-07-29,4.0,137.62,5.0,afternoon,False,,0.175,carlos.dubois543@example.com
CUS-0003557,Chen Silva,smb,none,ZN-000275,London,GB,EMEA,405 Union Ave,51.574779,-0.087547,2022-08-27,17.0,379.85,4.15,evening,True,,0.427,chen.silva452@example.com
CUS-0003558,Zara Smith,smb,bronze,ZN-000273,Rome,IT,EMEA,335 Maple Rd,41.963013,12.553008,2023-02-19,29.0,1081.26,4.22,any,True,,0.052,zara.smith31@example.com
CUS-0003559,Yuki Ali,retail_consumer,gold,ZN-000050,Sao Paulo,BR,LATAM,132 Riverside Blvd,-23.664259,-46.630111,2024-10-03,10.0,642.66,4.45,evening,False,,0.21,yuki.ali520@example.com
CUS-0003560,Peter Sharma,retail_consumer,none,ZN-000298,Bengaluru,IN,APAC,180 Station Rd,13.175384,77.715936,2020-03-09,4.0,273.74,4.15,afternoon,False,,0.357,peter.sharma946@example.com
CUS-0003561,Nadia Costa,enterprise,none,ZN-000418,Krakow,PL,EMEA,327 Maple St,49.813951,20.367528,2021-11-13,261.0,9111.94,3.48,evening,True,48.0,0.115,nadia.costa48@example.com
CUS-0003562,Carlos Nguyen,retail_consumer,none,ZN-000182,Manchester,GB,EMEA,229 Maple Way,53.466885,-2.53186,2021-05-25,74.0,3418.03,5.0,morning,False,,0.116,carlos.nguyen142@example.com
CUS-0003563,Grace Fernandez,retail_consumer,gold,ZN-000470,Shanghai,CN,APAC,402 Park Dr,31.227431,121.380587,2024-04-12,5.0,199.88,3.33,afternoon,False,,0.367,grace.fernandez315@example.com
CUS-0003564,Yuki Brown,retail_consumer,gold,ZN-000222,Bengaluru,IN,APAC,443 Industrial Dr,12.9599,77.519074,2025-08-19,57.0,1103.11,3.81,afternoon,False,,0.262,yuki.brown246@example.com
CUS-0003565,Lucas Silva,retail_consumer,platinum,ZN-000408,Osaka,JP,APAC,458 Warehouse Dr,34.677276,135.608192,2021-12-16,24.0,1188.99,4.95,morning,False,,0.464,lucas.silva449@example.com
CUS-0003566,Yuki Novak,smb,none,ZN-000394,Krakow,PL,EMEA,373 Pine Sq,50.031495,19.644426,2024-08-22,10.0,583.71,2.9,any,True,,0.45,yuki.novak277@example.com
CUS-0003567,Nadia Costa,enterprise,gold,ZN-000185,Delhi,IN,APAC,176 Victoria Rd,28.648703,77.039931,2022-06-23,209.0,5306.5,4.21,afternoon,True,48.0,0.13,nadia.costa41@example.com
CUS-0003568,Diego Hansen,smb,none,ZN-000388,Atlanta,US,NA,401 Pine Rd,33.599254,-84.444607,2025-09-29,17.0,4675.89,3.54,afternoon,True,,0.422,diego.hansen519@example.com
CUS-0003569,Omar Okafor,smb,bronze,ZN-000190,Jakarta,ID,APAC,326 Riverside Way,-6.276184,106.800782,2022-06-27,10.0,464.43,4.71,evening,True,,0.074,omar.okafor982@example.com
CUS-0003570,Yuki Nakamura,retail_consumer,bronze,ZN-000444,Osaka,JP,APAC,342 Depot Dr,34.62942,135.471014,2024-07-29,8.0,2007.77,4.56,any,False,,0.334,yuki.nakamura307@example.com
CUS-0003571,Jun Rahman,retail_consumer,silver,ZN-000452,Delhi,IN,APAC,426 Depot Ln,28.765407,77.11348,2020-07-18,23.0,659.85,3.51,afternoon,False,,0.482,jun.rahman502@example.com
CUS-0003572,Carlos Costa,enterprise,silver,ZN-000324,Rome,IT,EMEA,339 Kings Ln,41.935398,12.609823,2021-08-03,82.0,1266.55,2.05,morning,True,24.0,0.343,carlos.costa488@example.com
CUS-0003573,Ivan Ivanov,retail_consumer,none,ZN-000376,Rome,IT,EMEA,410 Central Way,41.821698,12.456409,2018-05-29,5.0,97.01,3.15,morning,False,,0.334,ivan.ivanov109@example.com
CUS-0003574,Ivan Costa,marketplace_seller,none,ZN-000047,Jakarta,ID,APAC,284 Pine Ln,-6.136759,106.841939,2023-01-02,7.0,188.8,4.1,evening,False,,0.0,ivan.costa324@example.com
CUS-0003575,Tomas Moreau,retail_consumer,silver,ZN-000440,Rome,IT,EMEA,319 Grove Ln,41.892725,12.361663,2019-02-04,81.0,10719.58,5.0,afternoon,False,,0.13,tomas.moreau225@example.com
CUS-0003576,Freya Ivanov,retail_consumer,none,ZN-000164,Krakow,PL,EMEA,405 Maple Dr,50.159122,18.99854,2020-02-11,10.0,274.43,3.71,evening,False,,0.337,freya.ivanov273@example.com
CUS-0003577,Fatima Bakker,retail_consumer,gold,ZN-000218,Sao Paulo,BR,LATAM,425 Market Ln,-23.324775,-46.636281,2023-01-10,8.0,878.29,4.13,morning,False,,0.111,fatima.bakker622@example.com
CUS-0003578,Fatima Smith,retail_consumer,none,ZN-000188,Manchester,GB,EMEA,42 Elm Blvd,53.458846,-2.589629,2022-12-11,30.0,1536.76,3.67,afternoon,False,,0.109,fatima.smith847@example.com
CUS-0003579,Omar Lindqvist,retail_consumer,none,ZN-000075,Krakow,PL,EMEA,110 Warehouse Ln,50.072502,19.851789,2024-03-31,9.0,700.85,4.06,evening,False,,0.472,omar.lindqvist648@example.com
CUS-0003580,Tomas Petrov,retail_consumer,none,ZN-000201,Amsterdam,NL,EMEA,337 Central St,52.453881,4.8907,2023-04-19,23.0,1121.73,4.52,afternoon,False,,0.313,tomas.petrov510@example.com
CUS-0003581,Omar Torres,retail_consumer,silver,ZN-000277,Jakarta,ID,APAC,9 Bridge St,-6.213064,106.730825,2020-06-08,122.0,3563.04,4.94,morning,False,,0.017,omar.torres692@example.com
CUS-0003582,Omar Petrov,retail_consumer,none,ZN-000191,Bengaluru,IN,APAC,98 Kings Way,12.916336,77.524642,2020-01-14,9.0,352.17,5.0,evening,False,,0.108,omar.petrov503@example.com
CUS-0003583,Isabella Kim,enterprise,silver,ZN-000231,Berlin,DE,EMEA,341 Station Ave,52.529222,13.533668,2019-09-27,228.0,13492.24,3.84,afternoon,True,12.0,0.281,isabella.kim217@example.com
CUS-0003584,Diego Kim,enterprise,bronze,ZN-000155,Berlin,DE,EMEA,186 Pine Blvd,52.539273,13.442638,2024-06-26,237.0,45954.15,4.85,morning,True,48.0,0.245,diego.kim510@example.com
CUS-0003585,Priya Costa,marketplace_seller,silver,ZN-000203,London,GB,EMEA,311 Park Blvd,51.741695,-0.238258,2025-02-05,5.0,931.38,3.89,any,False,,0.601,priya.costa851@example.com
CUS-0003586,Yuki Lindqvist,enterprise,platinum,ZN-000310,Osaka,JP,APAC,112 Union Ln,34.705365,135.566274,2023-07-12,1061.0,25222.6,3.59,afternoon,True,24.0,0.351,yuki.lindqvist905@example.com
CUS-0003587,Nadia Zhang,enterprise,bronze,ZN-000056,London,GB,EMEA,328 Oak St,51.556982,-0.048711,2023-05-29,426.0,11292.66,4.53,evening,True,24.0,0.262,nadia.zhang898@example.com
CUS-0003588,Chen Muller,smb,none,ZN-000429,Stockholm,SE,EMEA,345 Church St,59.304098,17.965918,2018-12-24,10.0,653.02,4.11,morning,True,,0.389,chen.muller780@example.com
CUS-0003589,Freya Yilmaz,marketplace_seller,gold,ZN-000406,Manchester,GB,EMEA,398 Station St,53.531249,-2.268538,2018-10-05,23.0,879.22,3.51,evening,False,,0.38,freya.yilmaz56@example.com
CUS-0003590,Chen Ali,retail_consumer,silver,ZN-000157,Rome,IT,EMEA,12 Station Ln,41.890193,12.361372,2019-06-13,6.0,105.94,3.65,morning,False,,0.0,chen.ali620@example.com
CUS-0003591,Marcus Nakamura,retail_consumer,bronze,ZN-000490,London,GB,EMEA,59 Cedar Rd,51.475636,0.034644,2018-08-15,12.0,547.17,4.21,afternoon,False,,0.413,marcus.nakamura535@example.com
CUS-0003592,Hugo Ali,retail_consumer,none,ZN-000170,Atlanta,US,NA,116 Elm Sq,33.683256,-84.300907,2022-07-02,12.0,982.66,3.37,evening,False,,0.42,hugo.ali101@example.com
CUS-0003593,Diego Costa,retail_consumer,none,ZN-000177,Shanghai,CN,APAC,387 Elm Way,31.193242,121.443697,2021-03-24,20.0,1006.98,3.82,morning,False,,0.49,diego.costa16@example.com
CUS-0003594,Peter Ali,retail_consumer,silver,ZN-000040,Stockholm,SE,EMEA,264 Bridge Dr,59.323044,18.058827,2018-07-24,2.0,195.8,3.92,evening,False,,0.0,peter.ali288@example.com
CUS-0003595,Alex Rahman,retail_consumer,silver,ZN-000003,London,GB,EMEA,306 Industrial Way,51.53234,-0.031954,2019-11-19,8.0,990.78,3.72,evening,False,,0.096,alex.rahman53@example.com
CUS-0003596,Nadia Fernandez,retail_consumer,none,ZN-000125,London,GB,EMEA,134 Bridge Way,51.433028,-0.181431,2019-11-22,76.0,4444.04,3.27,any,False,,0.011,nadia.fernandez536@example.com
CUS-0003597,Chen Kowalski,retail_consumer,silver,ZN-000329,Jakarta,ID,APAC,395 Bridge Blvd,-6.196319,106.82781,2018-04-04,12.0,938.62,4.68,evening,False,,0.586,chen.kowalski976@example.com
CUS-0003598,Mateo Sharma,public_sector,silver,ZN-000339,Rome,IT,EMEA,358 Riverside Dr,41.968146,12.429643,2022-12-09,29.0,1056.14,5.0,evening,True,48.0,0.45,mateo.sharma829@example.com
CUS-0003599,Zara Hansen,smb,none,ZN-000406,Manchester,GB,EMEA,100 Bridge Dr,53.535454,-2.281206,2019-08-10,21.0,1561.0,4.91,morning,True,,0.346,zara.hansen785@example.com
CUS-0003600,Fatima Costa,retail_consumer,silver,ZN-000478,Los Angeles,US,NA,132 Harbour Dr,33.917307,-118.006144,2023-05-29,24.0,1231.11,2.47,afternoon,False,,0.196,fatima.costa619@example.com
CUS-0003601,Fatima Yilmaz,enterprise,silver,ZN-000025,Jakarta,ID,APAC,255 Depot Dr,-6.166079,106.781993,2022-04-29,65.0,7653.93,5.0,evening,True,12.0,0.516,fatima.yilmaz799@example.com
CUS-0003602,Grace Ali,retail_consumer,none,ZN-000242,Atlanta,US,NA,223 Cedar Ln,33.772276,-84.468594,2021-12-26,6.0,528.27,3.67,evening,False,,0.274,grace.ali18@example.com
CUS-0003603,Omar Muller,retail_consumer,bronze,ZN-000014,Delhi,IN,APAC,190 Maple Ave,28.766699,77.105467,2024-07-14,8.0,2274.95,4.19,afternoon,False,,0.415,omar.muller546@example.com
CUS-0003604,Hugo Nguyen,retail_consumer,none,ZN-000423,London,GB,EMEA,162 Park Rd,51.570758,-0.235682,2018-12-15,16.0,493.08,4.34,evening,False,,0.116,hugo.nguyen388@example.com
CUS-0003605,Viktor Torres,smb,none,ZN-000208,London,GB,EMEA,5 Elm Rd,51.432513,-0.075703,2018-05-05,45.0,1337.48,3.5,evening,True,,0.0,viktor.torres148@example.com
CUS-0003606,Diego Silva,smb,gold,ZN-000351,London,GB,EMEA,157 Maple Rd,51.433679,-0.109906,2020-07-30,36.0,6359.32,3.2,morning,True,,0.514,diego.silva704@example.com
CUS-0003607,Yuki Lindqvist,retail_consumer,none,ZN-000046,Manchester,GB,EMEA,78 Industrial Dr,53.530096,-2.269146,2019-09-28,6.0,628.51,5.0,morning,False,,0.551,yuki.lindqvist160@example.com
CUS-0003608,Jun Rahman,enterprise,gold,ZN-000175,Los Angeles,US,NA,85 Station Blvd,34.109448,-118.008244,2021-02-15,85.0,10520.18,4.46,evening,True,48.0,0.047,jun.rahman38@example.com
CUS-0003609,Nadia Novak,retail_consumer,none,ZN-000017,Krakow,PL,EMEA,296 Harbour Sq,50.103644,19.838399,2023-12-13,51.0,5007.44,3.8,any,False,,0.312,nadia.novak753@example.com
CUS-0003610,Zara Muller,marketplace_seller,none,ZN-000317,Manchester,GB,EMEA,4 Harbour Way,53.449534,-2.338488,2022-01-15,42.0,5578.11,4.62,any,False,,0.17,zara.muller687@example.com
CUS-0003611,Yuki Yilmaz,retail_consumer,silver,ZN-000282,Manchester,GB,EMEA,434 Central Ln,53.497752,-2.39632,2022-12-24,33.0,1576.98,3.88,any,False,,0.326,yuki.yilmaz161@example.com
CUS-0003612,Sofia Moreau,retail_consumer,none,ZN-000159,London,GB,EMEA,431 Kings Sq,51.447468,-0.072779,2022-03-21,8.0,307.09,4.36,morning,False,,0.276,sofia.moreau114@example.com
CUS-0003613,Carlos Okafor,marketplace_seller,none,ZN-000017,Krakow,PL,EMEA,459 Church Way,50.12038,19.882773,2018-03-25,4.0,197.68,3.28,evening,False,,0.544,carlos.okafor628@example.com
CUS-0003614,Jun Smith,smb,none,ZN-000229,Rome,IT,EMEA,239 Depot Blvd,41.863877,12.548639,2022-03-21,12.0,597.03,3.93,morning,True,,0.116,jun.smith589@example.com
CUS-0003615,Elena Muller,retail_consumer,silver,ZN-000213,Osaka,JP,APAC,353 Union Ln,34.749554,135.523107,2019-05-18,14.0,211.75,4.09,morning,False,,0.13,elena.muller180@example.com
CUS-0003616,Priya Nakamura,smb,silver,ZN-000427,Rome,IT,EMEA,414 Central Ave,41.983956,12.473312,2019-04-03,13.0,439.89,3.3,any,True,,0.433,priya.nakamura916@example.com
CUS-0003617,Jun Garcia,smb,platinum,ZN-000499,Delhi,IN,APAC,401 Warehouse St,28.755289,77.103753,2019-04-12,10.0,372.78,4.05,evening,True,,0.176,jun.garcia898@example.com
CUS-0003618,Sofia Rahman,retail_consumer,none,ZN-000247,Berlin,DE,EMEA,123 Park Sq,52.556926,13.567525,2023-04-18,17.0,570.15,2.64,any,False,,0.432,sofia.rahman739@example.com
CUS-0003619,Leila Smith,marketplace_seller,none,ZN-000438,Bengaluru,IN,APAC,141 Market Dr,12.970648,77.598854,2021-09-18,12.0,573.1,3.63,any,False,,0.423,leila.smith997@example.com
CUS-0003620,Omar Nguyen,marketplace_seller,gold,ZN-000486,Bengaluru,IN,APAC,93 Maple Sq,13.037906,77.592436,2021-04-10,33.0,2537.01,4.84,morning,False,,0.336,omar.nguyen120@example.com
CUS-0003621,Diego Petrov,smb,platinum,ZN-000231,Berlin,DE,EMEA,367 Pine Way,52.528674,13.538357,2019-11-03,15.0,803.42,4.15,morning,True,,0.34,diego.petrov805@example.com
CUS-0003622,Daniel Weber,marketplace_seller,none,ZN-000464,Osaka,JP,APAC,151 Industrial Dr,34.237253,135.016171,2020-05-04,15.0,704.07,3.76,morning,False,,0.605,daniel.weber217@example.com
CUS-0003623,Fatima Lindqvist,smb,none,ZN-000154,Rome,IT,EMEA,128 Maple Ln,41.969139,12.483176,2019-07-13,14.0,1574.47,4.03,any,True,,0.323,fatima.lindqvist582@example.com
CUS-0003624,Isabella Torres,retail_consumer,silver,ZN-000485,Stockholm,SE,EMEA,236 Grove Rd,59.229132,18.347948,2025-01-30,16.0,913.14,4.28,evening,False,,0.342,isabella.torres701@example.com
CUS-0003625,Elena Kowalski,smb,none,ZN-000055,Rome,IT,EMEA,231 Cedar Rd,42.229475,11.817917,2021-04-30,15.0,779.54,4.2,morning,True,,0.298,elena.kowalski490@example.com
CUS-0003626,Alex Silva,retail_consumer,platinum,ZN-000046,Manchester,GB,EMEA,304 Union Ln,53.563616,-2.266131,2025-01-12,8.0,416.11,4.56,afternoon,False,,0.389,alex.silva624@example.com
CUS-0003627,Ivan Rossi,smb,silver,ZN-000477,Shanghai,CN,APAC,476 Oak Blvd,31.159207,121.524215,2019-05-04,8.0,1478.14,3.76,any,True,,0.437,ivan.rossi594@example.com
CUS-0003628,Hugo Dubois,enterprise,bronze,ZN-000314,Bengaluru,IN,APAC,457 Central Blvd,13.007545,77.43983,2019-10-21,62.0,9776.51,5.0,any,True,12.0,0.351,hugo.dubois413@example.com
CUS-0003629,Omar Novak,retail_consumer,platinum,ZN-000397,Krakow,PL,EMEA,414 Harbour Ave,50.122415,19.859345,2019-05-10,11.0,398.1,4.02,afternoon,False,,0.201,omar.novak922@example.com
CUS-0003630,Elena Hansen,retail_consumer,none,ZN-000108,Krakow,PL,EMEA,50 Pine Way,50.034512,20.036423,2024-09-04,7.0,666.01,3.75,morning,False,,0.257,elena.hansen839@example.com
CUS-0003631,Marcus Nakamura,retail_consumer,platinum,ZN-000013,Delhi,IN,APAC,451 Riverside Way,28.846509,77.347655,2023-07-02,8.0,299.91,4.48,any,False,,0.416,marcus.nakamura558@example.com
CUS-0003632,Aisha Silva,enterprise,none,ZN-000014,Delhi,IN,APAC,318 Maple Rd,28.7885,77.087726,2019-10-06,424.0,6513.2,3.74,afternoon,True,48.0,0.401,aisha.silva849@example.com
CUS-0003633,Yuki Kowalski,retail_consumer,bronze,ZN-000203,London,GB,EMEA,161 Maple Ln,51.763099,-0.215907,2021-09-20,9.0,431.48,5.0,any,False,,0.34,yuki.kowalski272@example.com
CUS-0003634,Zara Yilmaz,retail_consumer,gold,ZN-000130,Mexico City,MX,LATAM,329 Park Rd,19.447284,-99.052441,2018-01-12,3.0,194.22,3.71,evening,False,,0.457,zara.yilmaz388@example.com
CUS-0003635,Amara Petrov,retail_consumer,bronze,ZN-000466,Los Angeles,US,NA,200 Bridge Blvd,33.977226,-118.249877,2018-12-07,3.0,71.07,4.96,morning,False,,0.299,amara.petrov277@example.com
CUS-0003636,Isabella Silva,smb,silver,ZN-000389,Sao Paulo,BR,LATAM,95 Market Dr,-23.547822,-46.713841,2019-09-25,25.0,1481.55,3.12,morning,True,,0.431,isabella.silva314@example.com
CUS-0003637,Carlos Ali,retail_consumer,bronze,ZN-000235,Manchester,GB,EMEA,259 Church Rd,53.419258,-2.20997,2025-05-11,4.0,201.28,4.61,afternoon,False,,0.384,carlos.ali961@example.com
CUS-0003638,Daniel Ali,marketplace_seller,bronze,ZN-000261,Shanghai,CN,APAC,411 Park St,31.256287,121.395116,2025-09-19,24.0,797.76,3.58,afternoon,False,,0.337,daniel.ali644@example.com
CUS-0003639,Hugo Costa,retail_consumer,none,ZN-000470,Shanghai,CN,APAC,7 Warehouse Sq,31.196033,121.37942,2022-01-06,31.0,1092.36,3.43,morning,False,,0.014,hugo.costa842@example.com
CUS-0003640,Daniel Moreau,retail_consumer,none,ZN-000082,Mexico City,MX,LATAM,239 Station Blvd,19.390536,-99.093659,2021-09-09,12.0,816.57,4.63,morning,False,,0.403,daniel.moreau107@example.com
CUS-0003641,Priya Garcia,retail_consumer,none,ZN-000460,Krakow,PL,EMEA,234 Oak Sq,50.094207,19.896624,2024-06-01,4.0,131.75,4.93,any,False,,0.141,priya.garcia771@example.com
CUS-0003642,Grace Bakker,retail_consumer,none,ZN-000078,Berlin,DE,EMEA,51 Park Ave,52.559134,13.345491,2025-11-29,4.0,103.64,4.39,morning,False,,0.479,grace.bakker976@example.com
CUS-0003643,Peter Rossi,smb,platinum,ZN-000335,Krakow,PL,EMEA,216 Maple Rd,50.063115,20.027913,2023-04-19,40.0,2272.36,4.1,evening,True,,0.125,peter.rossi276@example.com
CUS-0003644,Elena Petrov,enterprise,none,ZN-000227,Delhi,IN,APAC,272 Depot Rd,28.742357,77.064707,2023-05-16,67.0,1670.99,3.92,evening,True,48.0,0.299,elena.petrov988@example.com
CUS-0003645,Carlos Brown,smb,none,ZN-000326,Shanghai,CN,APAC,438 Church Ln,31.144758,121.438767,2018-01-30,27.0,461.56,4.35,afternoon,True,,0.303,carlos.brown303@example.com
CUS-0003646,Fatima Lindqvist,retail_consumer,bronze,ZN-000223,London,GB,EMEA,207 Kings Rd,51.416907,-0.218059,2021-09-24,6.0,410.57,5.0,afternoon,False,,0.0,fatima.lindqvist905@example.com
CUS-0003647,Zara Moreau,retail_consumer,gold,ZN-000128,Shanghai,CN,APAC,308 Industrial Way,31.311251,121.470406,2023-10-18,9.0,699.97,4.34,evening,False,,0.328,zara.moreau927@example.com
CUS-0003648,Chen Ivanov,smb,gold,ZN-000359,Jakarta,ID,APAC,240 Pine Way,-6.144171,106.913322,2021-04-09,11.0,1617.35,5.0,evening,True,,0.402,chen.ivanov22@example.com
CUS-0003649,Sofia Moreau,retail_consumer,none,ZN-000132,Krakow,PL,EMEA,417 Cedar Blvd,49.91469,19.705058,2020-04-14,64.0,4307.09,3.18,morning,False,,0.052,sofia.moreau531@example.com
CUS-0003650,Priya Yilmaz,smb,silver,ZN-000367,Shanghai,CN,APAC,163 Kings Way,31.246679,121.560067,2024-02-01,39.0,1160.1,3.97,any,True,,0.25,priya.yilmaz756@example.com
CUS-0003651,Omar Nakamura,enterprise,bronze,ZN-000213,Osaka,JP,APAC,381 Grove Ln,34.742636,135.485257,2023-04-23,484.0,17837.36,4.4,morning,True,12.0,0.153,omar.nakamura405@example.com
CUS-0003652,Isabella Muller,retail_consumer,gold,ZN-000260,Atlanta,US,NA,51 Elm Ave,33.712933,-84.419605,2020-06-18,9.0,519.37,4.47,evening,False,,0.324,isabella.muller151@example.com
CUS-0003653,Carlos Weber,retail_consumer,none,ZN-000037,Sao Paulo,BR,LATAM,79 Oak Dr,-23.602278,-46.573856,2024-01-29,10.0,169.04,3.07,any,False,,0.195,carlos.weber109@example.com
CUS-0003654,Sofia Sharma,retail_consumer,silver,ZN-000233,Atlanta,US,NA,338 Church St,33.730015,-84.401843,2023-06-26,6.0,507.19,4.59,afternoon,False,,0.593,sofia.sharma759@example.com
CUS-0003655,Amara Rossi,retail_consumer,silver,ZN-000069,Berlin,DE,EMEA,426 Oak Sq,52.542417,13.557329,2022-08-19,8.0,243.59,3.25,afternoon,False,,0.222,amara.rossi433@example.com
CUS-0003656,Chen Fernandez,retail_consumer,bronze,ZN-000459,Mexico City,MX,LATAM,251 Victoria Dr,19.49363,-99.05107,2018-08-12,16.0,968.5,3.46,evening,False,,0.593,chen.fernandez865@example.com
CUS-0003657,Fatima Novak,retail_consumer,bronze,ZN-000307,Manchester,GB,EMEA,262 Church Ln,53.528705,-2.23654,2024-09-11,10.0,511.78,4.45,any,False,,0.566,fatima.novak812@example.com
CUS-0003658,Diego Fernandez,marketplace_seller,none,ZN-000423,London,GB,EMEA,235 Depot Sq,51.585122,-0.168239,2025-03-08,8.0,347.84,4.4,morning,False,,0.251,diego.fernandez456@example.com
CUS-0003659,Zara Garcia,retail_consumer,silver,ZN-000499,Delhi,IN,APAC,51 Grove Rd,28.760239,77.104202,2019-06-18,22.0,342.23,3.29,evening,False,,0.502,zara.garcia316@example.com
CUS-0003660,Alex Kim,retail_consumer,gold,ZN-000400,Amsterdam,NL,EMEA,383 Union Blvd,52.408008,4.782405,2018-02-09,2.0,153.17,4.54,evening,False,,0.208,alex.kim155@example.com
CUS-0003661,Hugo Ivanov,enterprise,none,ZN-000337,Shanghai,CN,APAC,182 Grove St,31.195579,121.458844,2023-03-21,755.0,36293.61,4.52,any,True,12.0,0.172,hugo.ivanov943@example.com
CUS-0003662,Peter Ivanov,smb,bronze,ZN-000126,London,GB,EMEA,468 Warehouse Way,51.439557,-0.247396,2025-07-27,45.0,3682.3,4.76,any,True,,0.108,peter.ivanov165@example.com
CUS-0003663,Jun Bakker,retail_consumer,bronze,ZN-000158,Shanghai,CN,APAC,290 Maple St,31.212441,121.578992,2023-02-21,5.0,469.52,5.0,evening,False,,0.241,jun.bakker952@example.com
CUS-0003664,Chen Moreau,smb,silver,ZN-000002,Krakow,PL,EMEA,443 Church Dr,50.085895,19.892839,2025-02-17,28.0,2194.82,3.3,evening,True,,0.0,chen.moreau732@example.com
CUS-0003665,Chen Torres,retail_consumer,silver,ZN-000132,Krakow,PL,EMEA,90 Depot Dr,49.909114,19.705835,2025-10-30,5.0,674.36,4.45,afternoon,False,,0.105,chen.torres615@example.com
CUS-0003666,Zara Moreau,smb,none,ZN-000351,London,GB,EMEA,410 Kings Ln,51.432541,-0.125638,2025-07-05,19.0,794.05,3.59,afternoon,True,,0.302,zara.moreau754@example.com
CUS-0003667,Rahul Fernandez,retail_consumer,none,ZN-000163,Delhi,IN,APAC,205 Central Rd,28.681907,77.0286,2025-10-12,3.0,151.48,4.73,any,False,,0.453,rahul.fernandez851@example.com
CUS-0003668,Carlos Rossi,retail_consumer,none,ZN-000468,Krakow,PL,EMEA,291 Harbour Ln,50.016428,19.903596,2025-05-10,4.0,409.28,3.07,evening,False,,0.206,carlos.rossi705@example.com
CUS-0003669,Freya Novak,retail_consumer,bronze,ZN-000368,Delhi,IN,APAC,334 Depot Rd,28.697206,77.169923,2022-03-28,5.0,636.14,3.82,morning,False,,0.29,freya.novak209@example.com
CUS-0003670,Viktor Yilmaz,retail_consumer,none,ZN-000280,Manchester,GB,EMEA,168 Depot Ave,54.080548,-2.068702,2019-08-26,10.0,517.94,3.83,any,False,,0.527,viktor.yilmaz46@example.com
CUS-0003671,Zara Petrov,smb,none,ZN-000431,Delhi,IN,APAC,294 Warehouse Sq,28.628536,77.029392,2025-03-08,34.0,1467.45,4.37,any,True,,0.542,zara.petrov360@example.com
CUS-0003672,Fatima Sharma,smb,silver,ZN-000126,London,GB,EMEA,34 Bridge Sq,51.428383,-0.260373,2021-12-14,11.0,953.8,3.2,afternoon,True,,0.276,fatima.sharma927@example.com
CUS-0003673,Marcus Rossi,retail_consumer,none,ZN-000207,Berlin,DE,EMEA,362 Cedar Dr,52.625503,13.391427,2025-10-25,8.0,474.45,4.04,any,False,,0.042,marcus.rossi340@example.com
CUS-0003674,Lucas Muller,retail_consumer,none,ZN-000362,London,GB,EMEA,161 Victoria Blvd,51.458522,-0.044689,2025-11-23,10.0,359.85,4.92,afternoon,False,,0.174,lucas.muller671@example.com
CUS-0003675,Jun Fernandez,marketplace_seller,bronze,ZN-000216,Stockholm,SE,EMEA,238 Maple Dr,59.24034,17.935131,2018-05-10,10.0,480.36,4.21,morning,False,,0.263,jun.fernandez895@example.com
CUS-0003676,Nadia Moreau,smb,none,ZN-000394,Krakow,PL,EMEA,275 Elm Ave,50.013126,19.630357,2022-01-16,11.0,602.55,3.82,evening,True,,0.546,nadia.moreau68@example.com
CUS-0003677,Priya Dubois,smb,none,ZN-000380,Shanghai,CN,APAC,325 Park Rd,31.223795,121.389866,2020-10-05,31.0,1902.23,4.27,evening,True,,0.295,priya.dubois605@example.com
CUS-0003678,Alex Smith,marketplace_seller,none,ZN-000152,Atlanta,US,NA,152 Riverside Rd,34.320771,-84.118929,2021-04-04,4.0,73.49,2.54,evening,False,,0.346,alex.smith106@example.com
CUS-0003679,Lucas Nakamura,retail_consumer,none,ZN-000146,London,GB,EMEA,29 Central Blvd,51.603744,-0.190543,2021-05-03,28.0,1907.86,4.71,morning,False,,0.338,lucas.nakamura84@example.com
CUS-0003680,Omar Fernandez,retail_consumer,none,ZN-000133,Delhi,IN,APAC,363 Warehouse Ave,28.573654,77.14138,2025-10-10,19.0,5071.61,4.56,evening,False,,0.19,omar.fernandez731@example.com
CUS-0003681,Lucas Zhang,smb,silver,ZN-000316,Mexico City,MX,LATAM,462 Park Rd,19.385144,-99.228317,2023-11-12,16.0,582.47,4.25,afternoon,True,,0.435,lucas.zhang287@example.com
CUS-0003682,Maria Zhang,retail_consumer,none,ZN-000309,Krakow,PL,EMEA,454 Central Blvd,49.975701,19.626741,2019-09-22,7.0,512.55,4.98,evening,False,,0.243,maria.zhang451@example.com
CUS-0003683,Alex Ali,smb,gold,ZN-000037,Sao Paulo,BR,LATAM,319 Victoria St,-23.600569,-46.621342,2022-08-25,24.0,1912.25,3.4,afternoon,True,,0.176,alex.ali949@example.com
CUS-0003684,Amara Ivanov,retail_consumer,none,ZN-000103,Shanghai,CN,APAC,34 Union Sq,31.216921,121.499276,2023-04-27,9.0,534.77,3.61,evening,False,,0.267,amara.ivanov858@example.com
CUS-0003685,Diego Kim,enterprise,silver,ZN-000206,Rome,IT,EMEA,76 Cedar St,41.950529,12.562099,2020-04-01,972.0,17667.58,3.79,evening,True,48.0,0.379,diego.kim691@example.com
CUS-0003686,Fatima Ivanov,public_sector,none,ZN-000015,Osaka,JP,APAC,131 Harbour Ave,34.668162,135.534064,2025-11-08,28.0,1033.64,5.0,evening,True,12.0,0.193,fatima.ivanov253@example.com
CUS-0003687,Freya Torres,retail_consumer,silver,ZN-000124,London,GB,EMEA,274 Warehouse Blvd,51.480857,-0.001842,2019-05-18,3.0,263.38,4.4,afternoon,False,,0.274,freya.torres129@example.com
CUS-0003688,Zara Lindqvist,retail_consumer,none,ZN-000426,Krakow,PL,EMEA,58 Bridge Sq,49.869879,19.701877,2020-01-27,14.0,5520.6,4.82,evening,False,,0.458,zara.lindqvist257@example.com
CUS-0003689,Leila Novak,retail_consumer,bronze,ZN-000486,Bengaluru,IN,APAC,233 Kings Ave,13.009221,77.556593,2021-06-19,8.0,463.72,4.28,any,False,,0.343,leila.novak203@example.com
CUS-0003690,Grace Brown,smb,silver,ZN-000483,Krakow,PL,EMEA,357 Maple Sq,50.02054,19.847127,2019-03-05,15.0,209.85,3.14,any,True,,0.008,grace.brown724@example.com
CUS-0003691,Rahul Brown,retail_consumer,bronze,ZN-000068,Delhi,IN,APAC,203 Kings Dr,28.713765,77.104239,2025-07-04,9.0,308.22,5.0,afternoon,False,,0.254,rahul.brown389@example.com
CUS-0003692,Jun Weber,enterprise,platinum,ZN-000310,Osaka,JP,APAC,29 Pine Sq,34.717429,135.581466,2018-03-21,149.0,35791.1,5.0,morning,True,24.0,0.536,jun.weber540@example.com
CUS-0003693,Freya Garcia,smb,silver,ZN-000119,Manchester,GB,EMEA,59 Depot Ave,53.512572,-2.421897,2021-07-16,16.0,3523.56,5.0,any,True,,0.197,freya.garcia609@example.com
CUS-0003694,Ivan Kowalski,smb,bronze,ZN-000108,Krakow,PL,EMEA,7 Church Sq,50.028666,20.013607,2020-09-08,10.0,346.08,3.9,evening,True,,0.372,ivan.kowalski358@example.com
CUS-0003695,Zara Smith,enterprise,bronze,ZN-000085,Osaka,JP,APAC,42 Harbour Blvd,34.641538,135.592241,2025-04-10,181.0,3788.72,4.02,morning,True,12.0,0.254,zara.smith238@example.com
CUS-0003696,Viktor Torres,retail_consumer,silver,ZN-000449,Stockholm,SE,EMEA,246 Kings St,59.304633,17.999712,2021-10-16,22.0,426.93,4.39,any,False,,0.027,viktor.torres71@example.com
CUS-0003697,Rahul Rossi,enterprise,none,ZN-000414,Manchester,GB,EMEA,270 Union Blvd,53.496609,-1.979338,2022-04-11,109.0,22254.16,3.63,evening,True,48.0,0.373,rahul.rossi345@example.com
CUS-0003698,Lucas Novak,retail_consumer,silver,ZN-000420,Krakow,PL,EMEA,350 Cedar Ln,50.074395,20.026133,2019-07-09,7.0,191.77,4.73,morning,False,,0.179,lucas.novak1@example.com
CUS-0003699,Amara Rahman,retail_consumer,bronze,ZN-000285,London,GB,EMEA,477 Depot Blvd,51.489342,-0.001365,2021-03-23,16.0,975.96,4.84,afternoon,False,,0.314,amara.rahman814@example.com
CUS-0003700,Carlos Lindqvist,retail_consumer,bronze,ZN-000491,Delhi,IN,APAC,27 Grove Sq,28.620793,77.093365,2024-01-09,9.0,621.82,3.75,any,False,,0.322,carlos.lindqvist882@example.com
CUS-0003701,Chen Nakamura,retail_consumer,platinum,ZN-000273,Rome,IT,EMEA,224 Cedar Dr,41.939775,12.538031,2022-08-13,3.0,87.28,4.54,evening,False,,0.564,chen.nakamura125@example.com
CUS-0003702,Chen Kim,public_sector,bronze,ZN-000227,Delhi,IN,APAC,24 Central Ave,28.730245,77.046609,2021-11-09,16.0,882.1,4.95,evening,True,48.0,0.157,chen.kim46@example.com
CUS-0003703,Maria Sharma,retail_consumer,none,ZN-000456,Berlin,DE,EMEA,235 Park Rd,52.574492,13.421455,2023-10-13,10.0,264.36,3.76,any,False,,0.303,maria.sharma130@example.com
CUS-0003704,Yuki Rossi,retail_consumer,silver,ZN-000211,Osaka,JP,APAC,297 Depot Ave,34.634287,135.470634,2018-08-05,24.0,1462.07,5.0,evening,False,,0.347,yuki.rossi402@example.com
CUS-0003705,Peter Brown,smb,none,ZN-000117,London,GB,EMEA,237 Kings Blvd,51.416041,-0.048308,2020-03-31,16.0,658.99,5.0,afternoon,True,,0.234,peter.brown870@example.com
CUS-0003706,Viktor Nakamura,enterprise,bronze,ZN-000242,Atlanta,US,NA,6 Central Ave,33.747959,-84.463263,2024-12-19,196.0,2827.41,2.35,morning,True,48.0,0.59,viktor.nakamura663@example.com
CUS-0003707,Amara Smith,retail_consumer,silver,ZN-000199,Mexico City,MX,LATAM,461 Market Way,18.951117,-98.931992,2018-11-16,10.0,676.82,4.28,afternoon,False,,0.491,amara.smith681@example.com
CUS-0003708,Anna Torres,smb,bronze,ZN-000347,Rome,IT,EMEA,64 Oak Rd,41.885347,12.495237,2024-05-22,50.0,5912.31,3.56,afternoon,True,,0.362,anna.torres593@example.com
CUS-0003709,Omar Ali,smb,silver,ZN-000259,Amsterdam,NL,EMEA,19 Pine Blvd,52.445962,4.856268,2025-06-09,9.0,1377.36,3.69,evening,True,,0.248,omar.ali627@example.com
CUS-0003710,Yuki Petrov,public_sector,bronze,ZN-000407,Bengaluru,IN,APAC,409 Park Ln,12.951206,77.226215,2018-07-19,5.0,217.01,4.05,any,True,48.0,0.175,yuki.petrov971@example.com
CUS-0003711,Mateo Novak,enterprise,bronze,ZN-000286,Mexico City,MX,LATAM,225 Central Dr,19.426103,-99.049827,2022-06-07,972.0,14394.3,4.05,any,True,48.0,0.02,mateo.novak603@example.com
CUS-0003712,Jun Zhang,retail_consumer,bronze,ZN-000289,Sao Paulo,BR,LATAM,331 Elm Rd,-23.582804,-46.550661,2025-03-31,11.0,799.32,3.94,any,False,,0.243,jun.zhang279@example.com
CUS-0003713,Jun Kowalski,smb,silver,ZN-000211,Osaka,JP,APAC,349 Pine Way,34.621217,135.448366,2024-11-07,9.0,837.1,5.0,morning,True,,0.331,jun.kowalski347@example.com
CUS-0003714,Mateo Kim,retail_consumer,gold,ZN-000318,Shanghai,CN,APAC,55 Depot Rd,31.132327,121.463885,2020-01-14,11.0,210.06,3.08,any,False,,0.259,mateo.kim676@example.com
CUS-0003715,Isabella Novak,enterprise,none,ZN-000243,Bengaluru,IN,APAC,364 Victoria Ln,12.896939,77.6321,2019-12-24,418.0,14228.62,3.22,morning,True,12.0,0.25,isabella.novak456@example.com
CUS-0003716,Jun Kowalski,retail_consumer,gold,ZN-000245,Osaka,JP,APAC,10 Pine Ln,34.699053,135.406093,2022-08-03,13.0,494.62,4.62,any,False,,0.07,jun.kowalski473@example.com
CUS-0003717,Nikolai Silva,retail_consumer,none,ZN-000301,Atlanta,US,NA,352 Victoria Dr,33.711418,-84.38299,2018-08-17,39.0,3891.18,3.1,evening,False,,0.398,nikolai.silva791@example.com
CUS-0003718,Sofia Torres,retail_consumer,silver,ZN-000229,Rome,IT,EMEA,419 Kings Ln,41.84934,12.524565,2021-06-25,14.0,1317.89,3.8,morning,False,,0.142,sofia.torres871@example.com
CUS-0003719,Sofia Zhang,retail_consumer,none,ZN-000213,Osaka,JP,APAC,74 Cedar Ln,34.761948,135.524608,2023-01-15,4.0,116.21,3.73,morning,False,,0.401,sofia.zhang174@example.com
CUS-0003720,Grace Novak,public_sector,gold,ZN-000180,Manchester,GB,EMEA,300 Elm Sq,53.500493,-2.087369,2020-08-17,34.0,2313.24,4.28,morning,True,24.0,0.347,grace.novak948@example.com
CUS-0003721,Chen Fernandez,enterprise,gold,ZN-000088,Shanghai,CN,APAC,295 Bridge Rd,31.227079,121.531946,2022-12-04,209.0,31248.51,4.36,any,True,48.0,0.338,chen.fernandez795@example.com
CUS-0003722,Freya Petrov,marketplace_seller,silver,ZN-000259,Amsterdam,NL,EMEA,157 Riverside Dr,52.443287,4.919209,2018-11-07,5.0,242.94,3.73,afternoon,False,,0.0,freya.petrov399@example.com
CUS-0003723,Rahul Moreau,retail_consumer,none,ZN-000216,Stockholm,SE,EMEA,283 Bridge Ave,59.23472,17.860757,2024-11-26,5.0,184.85,2.95,any,False,,0.266,rahul.moreau34@example.com
CUS-0003724,Priya Novak,retail_consumer,silver,ZN-000276,Delhi,IN,APAC,479 Union St,28.695825,77.081347,2025-01-10,8.0,1137.93,3.75,afternoon,False,,0.203,priya.novak251@example.com
CUS-0003725,Chen Nguyen,enterprise,none,ZN-000122,Berlin,DE,EMEA,264 Church Dr,52.461914,13.273381,2018-11-05,226.0,16529.96,5.0,afternoon,True,12.0,0.386,chen.nguyen968@example.com
CUS-0003726,Priya Brown,retail_consumer,none,ZN-000190,Jakarta,ID,APAC,73 Elm Blvd,-6.254814,106.823658,2024-04-11,30.0,2713.99,4.68,morning,False,,0.135,priya.brown493@example.com
CUS-0003727,Anna Sharma,public_sector,bronze,ZN-000016,Rome,IT,EMEA,169 Harbour Ave,41.873149,12.472347,2022-11-01,6.0,347.16,5.0,afternoon,True,48.0,0.394,anna.sharma741@example.com
CUS-0003728,Alex Novak,enterprise,none,ZN-000072,Shanghai,CN,APAC,352 Park Way,31.239528,121.550644,2019-03-11,213.0,13175.46,4.46,evening,True,48.0,0.374,alex.novak987@example.com
CUS-0003729,Sofia Ivanov,enterprise,gold,ZN-000290,Rome,IT,EMEA,164 Church Ln,41.914335,12.374759,2021-03-19,225.0,11044.08,4.0,afternoon,True,24.0,0.55,sofia.ivanov143@example.com
CUS-0003730,Peter Weber,retail_consumer,bronze,ZN-000005,Krakow,PL,EMEA,67 Depot Rd,50.186301,20.034441,2025-02-07,6.0,248.29,4.95,evening,False,,0.342,peter.weber407@example.com
CUS-0003731,Ivan Zhang,smb,none,ZN-000187,Atlanta,US,NA,405 Bridge Dr,33.78505,-84.049184,2024-12-07,10.0,194.21,4.62,evening,True,,0.431,ivan.zhang803@example.com
CUS-0003732,Lucas Novak,retail_consumer,none,ZN-000166,Rome,IT,EMEA,302 Pine Way,41.823029,12.509275,2020-07-20,62.0,1608.42,3.46,afternoon,False,,0.533,lucas.novak618@example.com
CUS-0003733,Aisha Petrov,smb,silver,ZN-000066,Jakarta,ID,APAC,304 Central Blvd,-6.197088,106.85557,2019-01-19,47.0,2120.84,4.71,evening,True,,0.327,aisha.petrov329@example.com
CUS-0003734,Priya Ali,retail_consumer,none,ZN-000012,Shanghai,CN,APAC,451 Oak Ln,31.155014,121.462921,2025-08-29,7.0,519.81,3.23,afternoon,False,,0.471,priya.ali898@example.com
CUS-0003735,Alex Dubois,smb,platinum,ZN-000223,London,GB,EMEA,161 Industrial St,51.415226,-0.21802,2022-04-10,46.0,1365.23,3.52,morning,True,,0.407,alex.dubois684@example.com
CUS-0003736,Ivan Hansen,enterprise,none,ZN-000086,Rome,IT,EMEA,21 Depot Dr,41.903411,12.439341,2022-07-19,384.0,15728.99,3.89,evening,True,48.0,0.18,ivan.hansen466@example.com
CUS-0003737,Daniel Rahman,smb,silver,ZN-000114,London,GB,EMEA,129 Harbour St,51.843543,-0.659518,2022-06-16,20.0,1838.29,4.02,morning,True,,0.234,daniel.rahman460@example.com
CUS-0003738,Leila Smith,retail_consumer,none,ZN-000350,Stockholm,SE,EMEA,332 Industrial Ln,59.116529,17.867107,2025-07-05,5.0,590.58,4.55,morning,False,,0.432,leila.smith387@example.com
CUS-0003739,Grace Okafor,retail_consumer,gold,ZN-000362,London,GB,EMEA,341 Kings St,51.460451,-0.048391,2024-11-22,21.0,1167.59,4.0,any,False,,0.471,grace.okafor524@example.com
CUS-0003740,Marcus Ali,retail_consumer,none,ZN-000274,Sao Paulo,BR,LATAM,159 Riverside Blvd,-23.638865,-46.700306,2019-03-20,12.0,246.38,4.55,evening,False,,0.482,marcus.ali828@example.com
CUS-0003741,Isabella Lindqvist,smb,platinum,ZN-000054,Osaka,JP,APAC,123 Bridge Rd,34.654051,135.418618,2018-10-24,21.0,2282.83,4.81,any,True,,0.129,isabella.lindqvist392@example.com
CUS-0003742,Zara Kowalski,retail_consumer,platinum,ZN-000107,London,GB,EMEA,374 Grove Sq,51.507359,-0.129208,2025-08-01,7.0,252.2,4.49,evening,False,,0.244,zara.kowalski421@example.com
CUS-0003743,Freya Moreau,smb,none,ZN-000106,Atlanta,US,NA,124 Harbour St,33.755075,-84.481353,2023-01-08,15.0,523.17,3.75,evening,True,,0.24,freya.moreau932@example.com
CUS-0003744,Daniel Rahman,smb,none,ZN-000186,Mexico City,MX,LATAM,264 Oak Ave,19.442707,-99.235396,2019-08-23,105.0,3881.96,3.62,evening,True,,0.467,daniel.rahman115@example.com
CUS-0003745,Yuki Muller,smb,none,ZN-000426,Krakow,PL,EMEA,96 Maple Rd,49.886873,19.703078,2023-11-22,22.0,1162.76,4.54,any,True,,0.316,yuki.muller238@example.com
CUS-0003746,Zara Moreau,smb,none,ZN-000379,Shanghai,CN,APAC,171 Park Sq,31.301529,121.43721,2024-05-13,30.0,3459.65,2.66,afternoon,True,,0.0,zara.moreau996@example.com
CUS-0003747,Priya Smith,marketplace_seller,none,ZN-000092,London,GB,EMEA,377 Union Way,51.537698,-0.13883,2021-07-15,11.0,639.21,3.31,evening,False,,0.215,priya.smith607@example.com
CUS-0003748,Viktor Zhang,smb,none,ZN-000434,Rome,IT,EMEA,330 Grove Sq,41.950154,12.536136,2020-03-01,16.0,1585.23,3.7,afternoon,True,,0.274,viktor.zhang941@example.com
CUS-0003749,Nikolai Novak,smb,gold,ZN-000415,Manchester,GB,EMEA,31 Market Sq,53.441994,-2.202566,2021-09-06,24.0,2107.03,4.44,evening,True,,0.457,nikolai.novak161@example.com
CUS-0003750,Yuki Bakker,retail_consumer,none,ZN-000206,Rome,IT,EMEA,17 Grove Dr,41.949071,12.550033,2018-02-12,8.0,241.3,4.62,morning,False,,0.418,yuki.bakker592@example.com
CUS-0003751,Alex Garcia,retail_consumer,none,ZN-000202,Krakow,PL,EMEA,183 Cedar Rd,50.08022,19.96143,2021-06-24,23.0,471.88,3.86,evening,False,,0.141,alex.garcia267@example.com
CUS-0003752,Anna Moreau,enterprise,bronze,ZN-000280,Manchester,GB,EMEA,285 Station Sq,54.0562,-2.111847,2019-08-20,169.0,23730.24,4.77,morning,True,12.0,0.374,anna.moreau614@example.com
CUS-0003753,Zara Kim,retail_consumer,bronze,ZN-000281,Mexico City,MX,LATAM,341 Industrial Way,19.460156,-99.217225,2019-07-11,9.0,599.45,3.37,any,False,,0.292,zara.kim271@example.com
CUS-0003754,Fatima Hansen,enterprise,gold,ZN-000356,Bengaluru,IN,APAC,34 Riverside Blvd,12.51324,77.442999,2024-10-12,195.0,5737.58,4.61,afternoon,True,24.0,0.471,fatima.hansen81@example.com
CUS-0003755,Anna Lindqvist,marketplace_seller,none,ZN-000149,Osaka,JP,APAC,137 Central Sq,34.613332,135.573148,2018-02-15,3.0,56.55,4.07,morning,False,,0.132,anna.lindqvist544@example.com
CUS-0003756,Nadia Bakker,retail_consumer,bronze,ZN-000463,Berlin,DE,EMEA,42 Industrial Rd,52.573811,13.478192,2020-12-30,7.0,266.5,3.94,any,False,,0.223,nadia.bakker436@example.com
CUS-0003757,Carlos Nakamura,retail_consumer,none,ZN-000192,Mexico City,MX,LATAM,380 Industrial Sq,19.450862,-99.164856,2019-01-06,7.0,931.12,3.62,morning,False,,0.0,carlos.nakamura569@example.com
CUS-0003758,Chen Muller,smb,bronze,ZN-000077,Krakow,PL,EMEA,36 Kings St,50.066752,19.900668,2024-01-23,12.0,903.02,4.87,morning,True,,0.425,chen.muller155@example.com
CUS-0003759,Aisha Moreau,retail_consumer,none,ZN-000257,London,GB,EMEA,3 Station Ln,51.587399,-0.14845,2018-09-01,31.0,14325.36,4.12,morning,False,,0.262,aisha.moreau80@example.com
CUS-0003760,Aisha Hansen,retail_consumer,silver,ZN-000255,Los Angeles,US,NA,142 Church Ave,34.060619,-118.208104,2020-04-08,8.0,110.69,5.0,evening,False,,0.113,aisha.hansen573@example.com
CUS-0003761,Jun Hansen,marketplace_seller,none,ZN-000466,Los Angeles,US,NA,384 Depot Sq,33.999137,-118.229698,2018-03-17,7.0,125.04,4.11,any,False,,0.229,jun.hansen554@example.com
CUS-0003762,Daniel Lindqvist,retail_consumer,bronze,ZN-000459,Mexico City,MX,LATAM,235 Bridge Ave,19.48161,-99.097254,2019-06-17,38.0,2221.84,4.86,evening,False,,0.152,daniel.lindqvist195@example.com
CUS-0003763,Anna Petrov,smb,none,ZN-000048,Krakow,PL,EMEA,253 Market Sq,49.944841,20.225529,2019-05-28,22.0,13698.92,5.0,evening,True,,0.388,anna.petrov818@example.com
CUS-0003764,Ivan Ivanov,smb,gold,ZN-000134,Berlin,DE,EMEA,256 Central Sq,52.874804,13.935044,2019-05-13,39.0,2346.48,3.88,any,True,,0.53,ivan.ivanov534@example.com
CUS-0003765,Lucas Yilmaz,retail_consumer,none,ZN-000381,Manchester,GB,EMEA,385 Grove Sq,53.539092,-2.163583,2022-02-23,9.0,346.45,3.62,any,False,,0.0,lucas.yilmaz130@example.com
CUS-0003766,Zara Okafor,retail_consumer,none,ZN-000252,Rome,IT,EMEA,298 Market Rd,41.888623,12.450779,2022-04-08,4.0,186.05,4.26,morning,False,,0.128,zara.okafor435@example.com
CUS-0003767,Carlos Sharma,retail_consumer,silver,ZN-000346,Amsterdam,NL,EMEA,65 Bridge Sq,52.335335,4.952582,2018-04-05,10.0,513.57,4.89,any,False,,0.534,carlos.sharma539@example.com
CUS-0003768,Jun Nguyen,smb,bronze,ZN-000283,Los Angeles,US,NA,283 Park Sq,34.09637,-118.30584,2019-10-09,41.0,1553.37,4.32,any,True,,0.538,jun.nguyen797@example.com
CUS-0003769,Nikolai Rahman,enterprise,none,ZN-000148,Shanghai,CN,APAC,109 Station Sq,31.194112,121.394833,2019-06-18,265.0,20005.0,4.28,any,True,48.0,0.211,nikolai.rahman722@example.com
CUS-0003770,Amara Weber,enterprise,none,ZN-000382,Shanghai,CN,APAC,351 Central Ln,31.215697,121.455712,2025-11-07,1050.0,90308.51,4.96,morning,True,48.0,0.0,amara.weber92@example.com
CUS-0003771,Yuki Garcia,retail_consumer,silver,ZN-000481,Rome,IT,EMEA,382 Pine Blvd,41.900021,12.446052,2019-03-13,6.0,246.76,4.71,evening,False,,0.605,yuki.garcia734@example.com
CUS-0003772,Fatima Dubois,public_sector,silver,ZN-000044,Krakow,PL,EMEA,60 Union Blvd,50.11805,19.844134,2022-12-27,8.0,578.64,3.78,afternoon,True,48.0,0.274,fatima.dubois622@example.com
CUS-0003773,Freya Kowalski,retail_consumer,bronze,ZN-000486,Bengaluru,IN,APAC,312 Pine Way,13.003213,77.556749,2023-02-02,4.0,116.38,4.61,any,False,,0.448,freya.kowalski346@example.com
CUS-0003774,Yuki Moreau,retail_consumer,none,ZN-000201,Amsterdam,NL,EMEA,433 Grove St,52.452959,4.878472,2022-09-05,7.0,2092.2,3.97,afternoon,False,,0.301,yuki.moreau29@example.com
CUS-0003775,Daniel Yilmaz,smb,none,ZN-000073,Amsterdam,NL,EMEA,96 Maple Blvd,52.284802,4.768667,2022-03-21,17.0,481.32,4.97,any,True,,0.321,daniel.yilmaz353@example.com
CUS-0003776,Nadia Hansen,marketplace_seller,gold,ZN-000261,Shanghai,CN,APAC,56 Grove Sq,31.240996,121.391134,2023-03-01,12.0,472.34,4.26,any,False,,0.107,nadia.hansen180@example.com
CUS-0003777,Diego Kowalski,enterprise,none,ZN-000294,Berlin,DE,EMEA,262 Pine Sq,52.001015,12.82439,2022-01-06,543.0,19943.47,4.59,afternoon,True,12.0,0.367,diego.kowalski623@example.com
CUS-0003778,Amara Garcia,smb,none,ZN-000046,Manchester,GB,EMEA,151 Pine Blvd,53.542713,-2.23249,2022-08-21,112.0,1980.0,4.21,afternoon,True,,0.305,amara.garcia376@example.com
CUS-0003779,Chen Bakker,retail_consumer,none,ZN-000360,Delhi,IN,APAC,5 Riverside Way,28.65208,77.073193,2018-05-05,3.0,116.28,4.02,evening,False,,0.13,chen.bakker107@example.com
CUS-0003780,Daniel Lindqvist,smb,platinum,ZN-000229,Rome,IT,EMEA,333 Central Blvd,41.831153,12.572558,2022-12-06,77.0,1987.14,3.18,morning,True,,0.298,daniel.lindqvist189@example.com
CUS-0003781,Jun Yilmaz,retail_consumer,bronze,ZN-000226,Delhi,IN,APAC,4 Market Ln,28.111779,77.090777,2023-04-07,5.0,265.71,2.87,any,False,,0.371,jun.yilmaz857@example.com
CUS-0003782,Viktor Zhang,retail_consumer,bronze,ZN-000068,Delhi,IN,APAC,226 Market St,28.688568,77.122872,2023-07-07,20.0,1126.26,4.67,any,False,,0.399,viktor.zhang114@example.com
CUS-0003783,Alex Ivanov,smb,silver,ZN-000266,London,GB,EMEA,89 Oak Rd,51.471669,-0.258923,2023-04-19,16.0,2071.83,5.0,evening,True,,0.42,alex.ivanov258@example.com
CUS-0003784,Aisha Brown,retail_consumer,gold,ZN-000436,Mexico City,MX,LATAM,23 Grove Dr,19.78185,-98.733622,2018-11-06,19.0,2162.29,3.33,evening,False,,0.27,aisha.brown890@example.com
CUS-0003785,Ivan Kim,retail_consumer,gold,ZN-000377,Bengaluru,IN,APAC,344 Bridge Dr,12.994237,77.62478,2021-08-22,9.0,512.14,3.84,morning,False,,0.363,ivan.kim930@example.com
CUS-0003786,Tomas Ali,public_sector,bronze,ZN-000241,London,GB,EMEA,178 Park Rd,51.442129,-0.034236,2023-07-13,7.0,644.41,4.21,any,True,12.0,0.342,tomas.ali281@example.com
CUS-0003787,Isabella Garcia,marketplace_seller,bronze,ZN-000346,Amsterdam,NL,EMEA,173 Cedar Dr,52.302519,4.942024,2024-02-05,12.0,2105.03,3.11,any,False,,0.184,isabella.garcia586@example.com
CUS-0003788,Marcus Nguyen,smb,gold,ZN-000029,Mexico City,MX,LATAM,29 Oak St,19.339228,-99.098085,2023-02-27,18.0,2562.03,5.0,afternoon,True,,0.543,marcus.nguyen48@example.com
CUS-0003789,Omar Garcia,smb,none,ZN-000080,Bengaluru,IN,APAC,178 Warehouse Ave,12.993808,77.635007,2024-04-19,13.0,1183.72,4.52,morning,True,,0.176,omar.garcia256@example.com
CUS-0003790,Carlos Muller,retail_consumer,silver,ZN-000047,Jakarta,ID,APAC,216 Riverside Dr,-6.111436,106.844337,2023-05-28,29.0,3833.17,4.4,evening,False,,0.133,carlos.muller428@example.com
CUS-0003791,Zara Ali,enterprise,bronze,ZN-000292,Krakow,PL,EMEA,254 Grove Ln,50.343907,19.202156,2022-10-07,314.0,7770.16,2.13,any,True,12.0,0.209,zara.ali666@example.com
CUS-0003792,Diego Brown,smb,bronze,ZN-000385,Krakow,PL,EMEA,86 Harbour Blvd,50.188775,20.016302,2018-07-21,15.0,1388.86,3.12,morning,True,,0.167,diego.brown420@example.com
CUS-0003793,Ivan Muller,retail_consumer,none,ZN-000092,London,GB,EMEA,272 Kings Way,51.541093,-0.178073,2024-05-18,21.0,897.98,4.48,afternoon,False,,0.435,ivan.muller963@example.com
CUS-0003794,Aisha Rahman,retail_consumer,none,ZN-000368,Delhi,IN,APAC,303 Park Dr,28.654383,77.161025,2023-07-13,7.0,284.02,4.24,afternoon,False,,0.398,aisha.rahman61@example.com
CUS-0003795,Alex Sharma,retail_consumer,bronze,ZN-000420,Krakow,PL,EMEA,300 Harbour Dr,50.088186,20.016937,2020-12-03,10.0,984.74,3.88,afternoon,False,,0.175,alex.sharma951@example.com
CUS-0003796,Hugo Rahman,retail_consumer,none,ZN-000421,Shanghai,CN,APAC,221 Elm Ln,31.166632,121.423722,2019-05-22,4.0,73.77,4.24,morning,False,,0.436,hugo.rahman21@example.com
CUS-0003797,Isabella Lindqvist,enterprise,silver,ZN-000359,Jakarta,ID,APAC,272 Harbour St,-6.166135,106.930936,2021-09-24,149.0,4947.82,3.52,afternoon,True,24.0,0.297,isabella.lindqvist822@example.com
CUS-0003798,Hugo Rossi,marketplace_seller,gold,ZN-000475,London,GB,EMEA,218 Church Ln,51.534087,-0.067051,2021-09-15,9.0,239.26,3.37,evening,False,,0.0,hugo.rossi29@example.com
CUS-0003799,Peter Hansen,smb,none,ZN-000281,Mexico City,MX,LATAM,225 Harbour Ln,19.455888,-99.230621,2023-11-15,8.0,380.38,5.0,evening,True,,0.511,peter.hansen668@example.com
CUS-0003800,Nadia Yilmaz,retail_consumer,none,ZN-000353,London,GB,EMEA,179 Harbour St,51.49245,-0.152147,2025-08-14,18.0,769.14,4.19,morning,False,,0.392,nadia.yilmaz675@example.com
CUS-0003801,Carlos Rossi,retail_consumer,none,ZN-000311,Krakow,PL,EMEA,439 Harbour Ave,50.413824,20.060015,2023-04-04,10.0,449.3,4.43,evening,False,,0.579,carlos.rossi531@example.com
CUS-0003802,Elena Dubois,smb,gold,ZN-000480,Rome,IT,EMEA,314 Kings St,41.829728,12.515067,2023-09-20,16.0,629.54,3.48,afternoon,True,,0.485,elena.dubois906@example.com
CUS-0003803,Hugo Okafor,smb,silver,ZN-000483,Krakow,PL,EMEA,290 Union Rd,50.027559,19.789594,2019-10-24,14.0,673.45,3.96,afternoon,True,,0.429,hugo.okafor838@example.com
CUS-0003804,Sofia Kowalski,marketplace_seller,bronze,ZN-000126,London,GB,EMEA,182 Depot Blvd,51.440361,-0.183357,2022-07-20,11.0,629.72,4.88,morning,False,,0.608,sofia.kowalski219@example.com
CUS-0003805,Lucas Lindqvist,retail_consumer,bronze,ZN-000362,London,GB,EMEA,475 Union Way,51.47887,-0.006715,2023-11-15,6.0,206.25,4.02,afternoon,False,,0.124,lucas.lindqvist902@example.com
CUS-0003806,Carlos Silva,smb,bronze,ZN-000371,Amsterdam,NL,EMEA,52 Maple Ln,52.31914,4.922041,2018-05-21,37.0,3771.25,3.81,morning,True,,0.5,carlos.silva800@example.com
CUS-0003807,Nadia Kowalski,retail_consumer,bronze,ZN-000446,London,GB,EMEA,216 Riverside St,51.545168,-0.086415,2025-08-07,4.0,242.17,5.0,evening,False,,0.23,nadia.kowalski879@example.com
CUS-0003808,Omar Garcia,retail_consumer,none,ZN-000330,Rome,IT,EMEA,229 Union Ave,41.911051,12.364136,2019-11-10,2.0,67.77,4.4,evening,False,,0.0,omar.garcia702@example.com
CUS-0003809,Marcus Zhang,retail_consumer,none,ZN-000462,London,GB,EMEA,32 Victoria Ln,51.398052,-0.181517,2021-09-01,36.0,716.29,2.94,afternoon,False,,0.202,marcus.zhang46@example.com
CUS-0003810,Rahul Kowalski,retail_consumer,none,ZN-000374,Delhi,IN,APAC,164 Bridge Way,28.681404,77.090797,2022-07-31,56.0,5846.32,4.23,morning,False,,0.265,rahul.kowalski246@example.com
CUS-0003811,Chen Ivanov,retail_consumer,gold,ZN-000259,Amsterdam,NL,EMEA,348 Grove Ave,52.441642,4.862841,2021-01-27,26.0,1073.87,4.2,any,False,,0.139,chen.ivanov654@example.com
CUS-0003812,Grace Hansen,enterprise,bronze,ZN-000191,Bengaluru,IN,APAC,237 Oak Sq,12.93215,77.540746,2024-05-08,380.0,25252.84,4.5,afternoon,True,12.0,0.515,grace.hansen711@example.com
CUS-0003813,Fatima Rahman,marketplace_seller,none,ZN-000457,London,GB,EMEA,437 Central Ave,51.474523,-0.116112,2020-02-13,6.0,163.65,3.12,evening,False,,0.149,fatima.rahman827@example.com
CUS-0003814,Omar Lindqvist,retail_consumer,none,ZN-000269,Mexico City,MX,LATAM,246 Oak Dr,19.466388,-99.090606,2023-10-11,7.0,418.36,3.1,afternoon,False,,0.585,omar.lindqvist392@example.com
CUS-0003815,Yuki Nakamura,marketplace_seller,gold,ZN-000065,Jakarta,ID,APAC,356 Victoria Ln,-6.212716,106.828719,2024-10-06,14.0,735.09,4.28,any,False,,0.0,yuki.nakamura341@example.com
CUS-0003816,Omar Petrov,retail_consumer,none,ZN-000203,London,GB,EMEA,113 Church Rd,51.755908,-0.206981,2021-10-06,19.0,875.14,3.57,morning,False,,0.147,omar.petrov77@example.com
CUS-0003817,Rahul Lindqvist,retail_consumer,bronze,ZN-000117,London,GB,EMEA,292 Pine Blvd,51.439713,-0.057905,2018-09-10,45.0,1474.33,4.56,morning,False,,0.41,rahul.lindqvist764@example.com
CUS-0003818,Zara Torres,enterprise,none,ZN-000207,Berlin,DE,EMEA,457 Central Ave,52.622984,13.437251,2023-04-24,1970.0,44960.55,4.23,evening,True,48.0,0.132,zara.torres712@example.com
CUS-0003819,Grace Rahman,retail_consumer,silver,ZN-000407,Bengaluru,IN,APAC,10 Bridge Way,12.970217,77.226196,2024-08-09,8.0,636.48,3.54,any,False,,0.367,grace.rahman536@example.com
CUS-0003820,Leila Garcia,retail_consumer,gold,ZN-000493,Krakow,PL,EMEA,437 Church St,49.984773,19.854148,2021-11-20,6.0,1611.29,4.69,any,False,,0.277,leila.garcia425@example.com
CUS-0003821,Maria Nakamura,marketplace_seller,none,ZN-000489,Manchester,GB,EMEA,463 Pine Way,53.557391,-2.25809,2022-05-19,5.0,559.58,3.88,any,False,,0.255,maria.nakamura570@example.com
CUS-0003822,Jun Silva,retail_consumer,none,ZN-000041,Berlin,DE,EMEA,322 Park Rd,52.51272,13.262803,2024-10-18,2.0,83.38,2.98,evening,False,,0.388,jun.silva39@example.com
CUS-0003823,Amara Ali,public_sector,none,ZN-000232,Manchester,GB,EMEA,65 Oak St,53.441156,-2.379488,2019-05-19,4.0,107.85,3.89,any,True,48.0,0.399,amara.ali96@example.com
CUS-0003824,Lucas Yilmaz,smb,silver,ZN-000418,Krakow,PL,EMEA,235 Elm Way,49.769351,20.379444,2019-10-18,51.0,1198.02,4.31,any,True,,0.108,lucas.yilmaz343@example.com
CUS-0003825,Chen Fernandez,retail_consumer,bronze,ZN-000116,Delhi,IN,APAC,214 Central Ln,28.666057,77.142493,2021-04-21,22.0,1080.46,2.95,any,False,,0.577,chen.fernandez607@example.com
CUS-0003826,Lucas Silva,smb,bronze,ZN-000453,Krakow,PL,EMEA,476 Bridge St,50.108238,19.970104,2021-05-11,18.0,425.78,2.84,any,True,,0.32,lucas.silva987@example.com
CUS-0003827,Ivan Smith,retail_consumer,none,ZN-000490,London,GB,EMEA,5 Harbour Way,51.475754,0.003623,2023-07-13,31.0,661.97,3.83,evening,False,,0.423,ivan.smith753@example.com
CUS-0003828,Ivan Yilmaz,smb,bronze,ZN-000020,Bengaluru,IN,APAC,222 Industrial Dr,12.99622,77.538468,2018-06-09,22.0,1684.49,2.42,morning,True,,0.202,ivan.yilmaz192@example.com
CUS-0003829,Zara Novak,retail_consumer,none,ZN-000462,London,GB,EMEA,286 Bridge Blvd,51.402247,-0.172514,2018-05-10,9.0,432.98,4.41,any,False,,0.409,zara.novak651@example.com
CUS-0003830,Marcus Bakker,smb,bronze,ZN-000314,Bengaluru,IN,APAC,152 Oak Ln,13.0241,77.443682,2021-03-28,14.0,547.62,4.92,afternoon,True,,0.228,marcus.bakker350@example.com
CUS-0003831,Mateo Fernandez,enterprise,none,ZN-000376,Rome,IT,EMEA,137 Oak Sq,41.803732,12.486791,2019-07-30,448.0,7827.78,4.1,any,True,12.0,0.155,mateo.fernandez567@example.com
CUS-0003832,Rahul Weber,enterprise,none,ZN-000471,Shanghai,CN,APAC,81 Church Way,31.167313,121.405624,2024-01-24,286.0,25322.96,4.52,morning,True,48.0,0.214,rahul.weber5@example.com
CUS-0003833,Elena Kowalski,retail_consumer,bronze,ZN-000375,Manchester,GB,EMEA,205 Maple St,53.509736,-2.242773,2024-06-12,7.0,287.33,4.36,evening,False,,0.411,elena.kowalski524@example.com
CUS-0003834,Leila Hansen,enterprise,none,ZN-000226,Delhi,IN,APAC,83 Church Rd,28.145367,77.076045,2024-05-19,78.0,2966.51,5.0,morning,True,48.0,0.514,leila.hansen458@example.com
CUS-0003835,Zara Petrov,enterprise,bronze,ZN-000029,Mexico City,MX,LATAM,276 Industrial Ave,19.358177,-99.128055,2024-01-01,820.0,43196.86,3.24,evening,True,48.0,0.37,zara.petrov894@example.com
CUS-0003836,Yuki Nakamura,enterprise,none,ZN-000418,Krakow,PL,EMEA,316 Union Dr,49.772914,20.327808,2024-11-04,274.0,23012.91,4.84,morning,True,48.0,0.474,yuki.nakamura543@example.com
CUS-0003837,Peter Zhang,retail_consumer,none,ZN-000154,Rome,IT,EMEA,378 Victoria Rd,41.980497,12.463659,2022-09-15,7.0,626.18,3.05,any,False,,0.301,peter.zhang967@example.com
CUS-0003838,Marcus Kim,retail_consumer,none,ZN-000176,Los Angeles,US,NA,228 Oak Blvd,34.082566,-118.149488,2021-06-01,3.0,60.84,4.8,afternoon,False,,0.527,marcus.kim525@example.com
CUS-0003839,Chen Fernandez,retail_consumer,bronze,ZN-000488,Rome,IT,EMEA,225 Warehouse Sq,41.652355,12.575292,2023-06-27,6.0,175.32,3.77,morning,False,,0.136,chen.fernandez978@example.com
CUS-0003840,Zara Costa,retail_consumer,none,ZN-000132,Krakow,PL,EMEA,427 Central Way,49.949452,19.733173,2021-07-30,14.0,251.65,4.36,evening,False,,0.362,zara.costa313@example.com
CUS-0003841,Chen Fernandez,retail_consumer,silver,ZN-000439,Stockholm,SE,EMEA,133 Cedar Dr,59.251323,18.162034,2019-11-22,120.0,6012.34,3.76,morning,False,,0.073,chen.fernandez220@example.com
CUS-0003842,Aisha Muller,smb,silver,ZN-000030,Krakow,PL,EMEA,76 Pine Ln,49.991308,20.039891,2022-09-11,35.0,1750.69,4.2,afternoon,True,,0.23,aisha.muller966@example.com
CUS-0003843,Alex Smith,retail_consumer,silver,ZN-000476,Shanghai,CN,APAC,243 Riverside Ln,31.246505,121.41727,2018-11-02,11.0,967.31,3.95,evening,False,,0.286,alex.smith794@example.com
CUS-0003844,Ivan Brown,retail_consumer,gold,ZN-000441,Mexico City,MX,LATAM,478 Industrial Dr,19.502965,-99.143449,2023-02-10,14.0,3101.08,3.6,afternoon,False,,0.122,ivan.brown50@example.com
CUS-0003845,Nadia Bakker,smb,none,ZN-000443,Rome,IT,EMEA,64 Oak Sq,41.668006,12.338216,2018-08-29,7.0,1009.59,3.68,any,True,,0.104,nadia.bakker648@example.com
CUS-0003846,Alex Muller,public_sector,silver,ZN-000119,Manchester,GB,EMEA,310 Victoria Rd,53.537838,-2.391626,2023-02-28,6.0,301.27,2.77,evening,True,48.0,0.522,alex.muller550@example.com
CUS-0003847,Chen Novak,marketplace_seller,none,ZN-000240,Delhi,IN,APAC,230 Elm St,28.735396,77.010362,2025-04-01,4.0,106.09,4.7,any,False,,0.76,chen.novak625@example.com
CUS-0003848,Yuki Dubois,marketplace_seller,none,ZN-000228,Krakow,PL,EMEA,33 Market St,50.18385,20.158319,2024-07-28,20.0,1475.94,3.87,any,False,,0.0,yuki.dubois417@example.com
CUS-0003849,Amara Hansen,retail_consumer,gold,ZN-000144,Stockholm,SE,EMEA,222 Harbour Ln,59.402996,18.019951,2018-12-10,4.0,194.11,5.0,afternoon,False,,0.531,amara.hansen430@example.com
CUS-0003850,Omar Yilmaz,retail_consumer,bronze,ZN-000066,Jakarta,ID,APAC,475 Cedar Rd,-6.208756,106.872851,2019-11-26,12.0,335.62,3.56,any,False,,0.0,omar.yilmaz68@example.com
CUS-0003851,Mateo Nguyen,retail_consumer,none,ZN-000296,Sao Paulo,BR,LATAM,168 Church Sq,-23.564813,-46.563292,2020-12-03,17.0,1700.4,3.78,afternoon,False,,0.119,mateo.nguyen453@example.com
CUS-0003852,Viktor Rahman,enterprise,gold,ZN-000132,Krakow,PL,EMEA,435 Central Rd,49.930657,19.748747,2022-09-11,139.0,7378.62,4.19,morning,True,12.0,0.184,viktor.rahman362@example.com
CUS-0003853,Lucas Torres,enterprise,none,ZN-000442,Amsterdam,NL,EMEA,383 Park Ln,52.439266,4.893738,2020-03-14,332.0,16540.33,5.0,any,True,24.0,0.285,lucas.torres379@example.com
CUS-0003854,Elena Torres,smb,bronze,ZN-000020,Bengaluru,IN,APAC,287 Victoria Ave,12.973882,77.511489,2018-05-29,24.0,3260.24,5.0,evening,True,,0.323,elena.torres639@example.com
CUS-0003855,Freya Kowalski,smb,silver,ZN-000388,Atlanta,US,NA,134 Warehouse St,33.606077,-84.449363,2025-05-14,59.0,16945.93,3.43,morning,True,,0.092,freya.kowalski332@example.com
CUS-0003856,Carlos Zhang,retail_consumer,bronze,ZN-000476,Shanghai,CN,APAC,266 Grove Ln,31.219214,121.387616,2020-10-13,6.0,882.48,3.02,morning,False,,0.115,carlos.zhang614@example.com
CUS-0003857,Hugo Ivanov,smb,bronze,ZN-000141,Osaka,JP,APAC,267 Union Dr,34.715682,135.575664,2018-12-20,37.0,861.57,4.22,evening,True,,0.288,hugo.ivanov469@example.com
CUS-0003858,Anna Novak,marketplace_seller,gold,ZN-000004,London,GB,EMEA,72 Station Ln,51.447326,0.048373,2021-03-02,13.0,645.62,3.62,any,False,,0.263,anna.novak334@example.com
CUS-0003859,Alex Okafor,smb,silver,ZN-000402,London,GB,EMEA,366 Elm Way,51.559614,-0.185204,2023-05-08,15.0,254.01,5.0,afternoon,True,,0.286,alex.okafor928@example.com
CUS-0003860,Chen Ali,smb,silver,ZN-000246,London,GB,EMEA,317 Bridge St,51.438638,-0.103278,2020-06-06,48.0,1363.99,5.0,any,True,,0.273,chen.ali623@example.com
CUS-0003861,Nadia Garcia,smb,none,ZN-000373,Amsterdam,NL,EMEA,471 Victoria Sq,52.311413,4.836371,2025-04-19,26.0,608.23,4.55,evening,True,,0.235,nadia.garcia125@example.com
CUS-0003862,Yuki Novak,smb,silver,ZN-000317,Manchester,GB,EMEA,61 Station Rd,53.467432,-2.362249,2024-05-11,14.0,420.97,4.8,afternoon,True,,0.325,yuki.novak52@example.com
CUS-0003863,Viktor Torres,retail_consumer,none,ZN-000117,London,GB,EMEA,444 Riverside Ave,51.424235,-0.039437,2023-12-16,3.0,98.06,3.56,afternoon,False,,0.027,viktor.torres778@example.com
CUS-0003864,Mateo Moreau,retail_consumer,none,ZN-000478,Los Angeles,US,NA,213 Warehouse St,33.912924,-118.023954,2024-09-23,37.0,802.16,4.05,afternoon,False,,0.255,mateo.moreau697@example.com
CUS-0003865,Omar Novak,smb,none,ZN-000367,Shanghai,CN,APAC,374 Warehouse Way,31.233669,121.55003,2022-01-05,18.0,534.13,4.7,afternoon,True,,0.147,omar.novak673@example.com
CUS-0003866,Rahul Muller,enterprise,none,ZN-000385,Krakow,PL,EMEA,168 Maple Ave,50.151151,20.028487,2021-09-02,238.0,10277.54,3.28,morning,True,48.0,0.191,rahul.muller751@example.com
CUS-0003867,Anna Smith,public_sector,none,ZN-000233,Atlanta,US,NA,460 Church Way,33.708892,-84.418717,2024-12-24,29.0,3833.01,3.7,afternoon,True,48.0,0.296,anna.smith915@example.com
CUS-0003868,Grace Rossi,retail_consumer,gold,ZN-000460,Krakow,PL,EMEA,450 Central Dr,50.097396,19.888237,2021-04-17,5.0,773.93,4.2,any,False,,0.632,grace.rossi83@example.com
CUS-0003869,Nadia Kim,retail_consumer,none,ZN-000424,Mexico City,MX,LATAM,89 Elm Sq,19.470153,-99.121836,2025-09-19,4.0,85.69,5.0,afternoon,False,,0.0,nadia.kim897@example.com
CUS-0003870,Viktor Rossi,retail_consumer,bronze,ZN-000056,London,GB,EMEA,260 Central Dr,51.577109,-0.022462,2023-12-11,13.0,297.82,4.29,any,False,,0.072,viktor.rossi539@example.com
CUS-0003871,Anna Dubois,retail_consumer,bronze,ZN-000362,London,GB,EMEA,144 Station St,51.476096,-0.03704,2022-01-09,24.0,3010.43,4.77,evening,False,,0.163,anna.dubois705@example.com
CUS-0003872,Hugo Moreau,retail_consumer,none,ZN-000388,Atlanta,US,NA,475 Harbour Blvd,33.6061,-84.472508,2021-07-15,6.0,129.36,4.69,afternoon,False,,0.48,hugo.moreau313@example.com
CUS-0003873,Leila Smith,retail_consumer,platinum,ZN-000100,Shanghai,CN,APAC,37 Grove Blvd,31.207387,121.405358,2025-10-25,13.0,949.75,4.59,evening,False,,0.275,leila.smith917@example.com
CUS-0003874,Aisha Lindqvist,marketplace_seller,platinum,ZN-000188,Manchester,GB,EMEA,78 Oak Way,53.463533,-2.587527,2022-07-24,39.0,1927.11,4.66,morning,False,,0.073,aisha.lindqvist226@example.com
CUS-0003875,Chen Okafor,retail_consumer,gold,ZN-000190,Jakarta,ID,APAC,255 Warehouse Ave,-6.244313,106.810999,2023-12-16,20.0,490.48,3.72,any,False,,0.305,chen.okafor97@example.com
CUS-0003876,Ivan Okafor,smb,none,ZN-000019,Krakow,PL,EMEA,430 Harbour Sq,50.049055,19.94704,2023-02-10,19.0,1086.97,4.36,any,True,,0.366,ivan.okafor834@example.com
CUS-0003877,Alex Sharma,smb,bronze,ZN-000272,Los Angeles,US,NA,334 Station Rd,34.050779,-118.112407,2022-11-27,26.0,860.83,3.06,afternoon,True,,0.075,alex.sharma571@example.com
CUS-0003878,Yuki Kim,smb,silver,ZN-000097,Atlanta,US,NA,210 Bridge Ln,33.803379,-84.475697,2021-12-27,36.0,5016.03,4.18,any,True,,0.158,yuki.kim431@example.com
CUS-0003879,Viktor Sharma,retail_consumer,platinum,ZN-000008,Krakow,PL,EMEA,314 Maple Ave,50.092674,20.063715,2024-03-19,20.0,736.01,3.02,afternoon,False,,0.538,viktor.sharma1@example.com
CUS-0003880,Chen Yilmaz,smb,none,ZN-000330,Rome,IT,EMEA,381 Church Sq,41.910325,12.411226,2020-01-20,109.0,4943.92,4.1,morning,True,,0.352,chen.yilmaz185@example.com
CUS-0003881,Tomas Rossi,smb,silver,ZN-000334,Atlanta,US,NA,346 Maple Way,33.68405,-84.441527,2025-01-27,30.0,1989.85,3.28,evening,True,,0.636,tomas.rossi343@example.com
CUS-0003882,Amara Novak,retail_consumer,none,ZN-000261,Shanghai,CN,APAC,60 Central Ave,31.263233,121.397029,2022-07-31,45.0,1134.97,5.0,afternoon,False,,0.475,amara.novak712@example.com
CUS-0003883,Leila Moreau,enterprise,none,ZN-000391,Stockholm,SE,EMEA,455 Harbour Sq,59.350518,17.780574,2023-12-28,688.0,22974.07,4.61,evening,True,24.0,0.448,leila.moreau325@example.com
CUS-0003884,Ivan Lindqvist,public_sector,silver,ZN-000380,Shanghai,CN,APAC,440 Maple Ave,31.2265,121.341819,2018-12-12,7.0,215.46,3.55,morning,True,12.0,0.184,ivan.lindqvist53@example.com
CUS-0003885,Freya Fernandez,retail_consumer,silver,ZN-000012,Shanghai,CN,APAC,454 Harbour Dr,31.199872,121.485159,2024-01-30,36.0,1826.77,4.0,morning,False,,0.0,freya.fernandez963@example.com
CUS-0003886,Peter Garcia,public_sector,bronze,ZN-000312,Delhi,IN,APAC,173 Cedar Blvd,28.738211,77.061532,2020-04-23,16.0,1122.48,4.94,evening,True,48.0,0.406,peter.garcia138@example.com
CUS-0003887,Maria Nakamura,retail_consumer,none,ZN-000298,Bengaluru,IN,APAC,274 Market Dr,13.154078,77.729579,2025-08-13,2.0,84.48,3.44,afternoon,False,,0.424,maria.nakamura237@example.com
CUS-0003888,Isabella Torres,retail_consumer,none,ZN-000090,Bengaluru,IN,APAC,218 Park Blvd,13.062993,77.554837,2023-04-13,2.0,128.03,2.29,evening,False,,0.454,isabella.torres645@example.com
CUS-0003889,Isabella Novak,enterprise,bronze,ZN-000369,London,GB,EMEA,288 Depot Ave,51.459812,-0.225839,2025-07-16,179.0,4472.1,4.59,any,True,12.0,0.0,isabella.novak961@example.com
CUS-0003890,Daniel Nakamura,enterprise,bronze,ZN-000306,Berlin,DE,EMEA,183 Union Ln,52.520001,13.452442,2022-05-01,225.0,8022.15,4.87,any,True,12.0,0.304,daniel.nakamura930@example.com
CUS-0003891,Maria Novak,smb,none,ZN-000451,London,GB,EMEA,129 Oak Way,51.570326,-0.143965,2025-11-14,75.0,2529.54,4.26,evening,True,,0.5,maria.novak494@example.com
CUS-0003892,Maria Brown,retail_consumer,none,ZN-000109,Atlanta,US,NA,396 Harbour Sq,33.959142,-84.326775,2019-05-24,4.0,590.64,4.62,evening,False,,0.134,maria.brown310@example.com
CUS-0003893,Daniel Kim,smb,silver,ZN-000283,Los Angeles,US,NA,233 Victoria Blvd,34.103485,-118.305184,2022-12-16,74.0,2304.1,4.16,evening,True,,0.254,daniel.kim901@example.com
CUS-0003894,Mateo Bakker,retail_consumer,none,ZN-000246,London,GB,EMEA,249 Church Rd,51.424205,-0.13935,2019-10-30,9.0,594.12,3.33,any,False,,0.415,mateo.bakker982@example.com
CUS-0003895,Sofia Kim,retail_consumer,bronze,ZN-000317,Manchester,GB,EMEA,145 Elm Blvd,53.456586,-2.364375,2020-09-30,5.0,144.06,4.0,any,False,,0.309,sofia.kim722@example.com
CUS-0003896,Diego Kim,public_sector,none,ZN-000442,Amsterdam,NL,EMEA,285 Victoria Way,52.414953,4.945775,2024-03-06,7.0,675.51,4.85,morning,True,24.0,0.023,diego.kim496@example.com
CUS-0003897,Fatima Kowalski,retail_consumer,bronze,ZN-000393,Rome,IT,EMEA,133 Grove St,41.953382,12.564278,2022-04-21,6.0,198.83,3.36,morning,False,,0.231,fatima.kowalski449@example.com
CUS-0003898,Isabella Smith,marketplace_seller,bronze,ZN-000222,Bengaluru,IN,APAC,169 Pine Way,13.000794,77.509246,2022-08-21,53.0,9238.52,3.47,afternoon,False,,0.432,isabella.smith667@example.com
CUS-0003899,Lucas Muller,public_sector,none,ZN-000258,Jakarta,ID,APAC,105 Depot Sq,-6.168985,106.790298,2018-01-03,8.0,220.29,3.79,morning,True,12.0,0.38,lucas.muller118@example.com
CUS-0003900,Viktor Dubois,retail_consumer,gold,ZN-000417,London,GB,EMEA,341 Cedar St,51.545732,-0.102368,2021-09-30,23.0,2432.95,4.28,any,False,,0.238,viktor.dubois570@example.com
CUS-0003901,Nadia Ivanov,smb,silver,ZN-000458,Shanghai,CN,APAC,370 Park Ln,31.206683,121.504956,2025-09-01,16.0,2236.14,3.41,morning,True,,0.328,nadia.ivanov163@example.com
CUS-0003902,Chen Silva,enterprise,silver,ZN-000368,Delhi,IN,APAC,346 Church Rd,28.680929,77.150975,2023-01-02,298.0,31234.82,3.59,morning,True,48.0,0.228,chen.silva470@example.com
CUS-0003903,Leila Lindqvist,retail_consumer,none,ZN-000398,Rome,IT,EMEA,106 Church Ave,41.998753,12.439297,2019-01-19,28.0,2327.09,4.75,afternoon,False,,0.348,leila.lindqvist511@example.com
CUS-0003904,Maria Silva,retail_consumer,none,ZN-000437,Rome,IT,EMEA,462 Industrial Rd,41.879918,12.552772,2020-04-28,25.0,3148.97,3.86,evening,False,,0.23,maria.silva492@example.com
CUS-0003905,Nadia Smith,retail_consumer,bronze,ZN-000361,Delhi,IN,APAC,163 Industrial Dr,28.709998,77.025447,2021-05-11,14.0,505.89,5.0,afternoon,False,,0.199,nadia.smith805@example.com
CUS-0003906,Aisha Kowalski,retail_consumer,gold,ZN-000255,Los Angeles,US,NA,244 Victoria Sq,34.042469,-118.1698,2025-06-25,6.0,229.18,3.43,any,False,,0.346,aisha.kowalski294@example.com
CUS-0003907,Amara Petrov,retail_consumer,none,ZN-000411,Berlin,DE,EMEA,53 Victoria Dr,52.566957,13.409833,2018-09-11,9.0,448.98,4.79,morning,False,,0.294,amara.petrov969@example.com
CUS-0003908,Carlos Kowalski,enterprise,bronze,ZN-000321,Amsterdam,NL,EMEA,428 Kings Blvd,52.362088,4.932709,2021-12-02,77.0,2744.16,3.62,evening,True,48.0,0.155,carlos.kowalski719@example.com
CUS-0003909,Peter Torres,smb,none,ZN-000346,Amsterdam,NL,EMEA,162 Grove Blvd,52.306486,4.982995,2020-11-11,14.0,626.56,4.4,afternoon,True,,0.01,peter.torres432@example.com
CUS-0003910,Diego Sharma,marketplace_seller,bronze,ZN-000193,London,GB,EMEA,208 Riverside St,51.492118,-0.013447,2022-09-16,39.0,1025.99,3.48,evening,False,,0.425,diego.sharma63@example.com
CUS-0003911,Chen Zhang,enterprise,platinum,ZN-000059,Rome,IT,EMEA,376 Station St,41.941437,12.496844,2019-11-18,125.0,4574.37,3.8,evening,True,24.0,0.194,chen.zhang91@example.com
CUS-0003912,Maria Smith,retail_consumer,none,ZN-000044,Krakow,PL,EMEA,140 Kings Way,50.137646,19.832125,2018-11-01,119.0,3111.62,4.07,afternoon,False,,0.016,maria.smith216@example.com
CUS-0003913,Yuki Nguyen,smb,none,ZN-000320,Stockholm,SE,EMEA,288 Church St,59.296959,18.261277,2023-02-03,22.0,511.61,4.53,afternoon,True,,0.262,yuki.nguyen892@example.com
CUS-0003914,Yuki Kim,smb,bronze,ZN-000073,Amsterdam,NL,EMEA,336 Church Sq,52.29714,4.782239,2022-01-29,46.0,3544.04,3.89,afternoon,True,,0.165,yuki.kim766@example.com
CUS-0003915,Maria Weber,smb,none,ZN-000311,Krakow,PL,EMEA,458 Elm Ave,50.401893,20.090859,2018-11-08,22.0,3750.45,4.09,morning,True,,0.508,maria.weber280@example.com
CUS-0003916,Isabella Kowalski,retail_consumer,silver,ZN-000465,Krakow,PL,EMEA,107 Kings Blvd,49.891282,19.589404,2023-03-10,26.0,741.63,4.01,any,False,,0.384,isabella.kowalski752@example.com
CUS-0003917,Nadia Costa,retail_consumer,none,ZN-000480,Rome,IT,EMEA,346 Station Ave,41.808011,12.504836,2023-10-21,61.0,2014.72,3.31,evening,False,,0.0,nadia.costa488@example.com
CUS-0003918,Amara Costa,retail_consumer,gold,ZN-000320,Stockholm,SE,EMEA,182 Pine Sq,59.272602,18.228216,2025-02-23,3.0,233.94,4.44,evening,False,,0.23,amara.costa975@example.com
CUS-0003919,Hugo Hansen,smb,bronze,ZN-000189,Jakarta,ID,APAC,372 Union Dr,-6.338062,106.966821,2021-05-31,43.0,2966.1,4.22,morning,True,,0.13,hugo.hansen729@example.com
CUS-0003920,Fatima Sharma,smb,none,ZN-000046,Manchester,GB,EMEA,228 Station Blvd,53.534612,-2.270169,2020-06-01,20.0,1887.01,3.76,evening,True,,0.234,fatima.sharma64@example.com
CUS-0003921,Mateo Lindqvist,smb,silver,ZN-000162,Los Angeles,US,NA,214 Grove Dr,34.062302,-118.293929,2023-11-27,8.0,798.05,2.89,any,True,,0.093,mateo.lindqvist59@example.com
CUS-0003922,Maria Lindqvist,retail_consumer,none,ZN-000427,Rome,IT,EMEA,348 Pine Ave,41.974315,12.48215,2024-12-04,5.0,788.73,3.55,any,False,,0.262,maria.lindqvist770@example.com
CUS-0003923,Grace Petrov,retail_consumer,none,ZN-000223,London,GB,EMEA,25 Cedar Dr,51.420816,-0.161856,2018-03-14,3.0,188.9,3.48,morning,False,,0.398,grace.petrov266@example.com
CUS-0003924,Sofia Kowalski,retail_consumer,none,ZN-000152,Atlanta,US,NA,116 Depot Ave,34.321068,-84.117757,2019-03-14,11.0,464.08,3.23,afternoon,False,,0.271,sofia.kowalski333@example.com
CUS-0003925,Viktor Fernandez,retail_consumer,bronze,ZN-000119,Manchester,GB,EMEA,426 Depot St,53.511767,-2.410414,2020-01-02,16.0,848.49,4.34,evening,False,,0.348,viktor.fernandez237@example.com
CUS-0003926,Rahul Smith,retail_consumer,bronze,ZN-000174,Jakarta,ID,APAC,137 Bridge Ave,-6.162829,106.78913,2020-02-07,7.0,240.17,3.34,evening,False,,0.376,rahul.smith134@example.com
CUS-0003927,Fatima Kowalski,enterprise,none,ZN-000087,Osaka,JP,APAC,365 Cedar Dr,34.653657,135.43614,2018-09-21,60.0,5562.28,4.19,afternoon,True,24.0,0.021,fatima.kowalski158@example.com
CUS-0003928,Marcus Costa,retail_consumer,gold,ZN-000004,London,GB,EMEA,216 Church Way,51.438793,0.061641,2022-08-26,8.0,800.59,4.54,morning,False,,0.604,marcus.costa553@example.com
CUS-0003929,Tomas Costa,marketplace_seller,none,ZN-000129,Amsterdam,NL,EMEA,392 Bridge Blvd,52.393424,4.987177,2025-10-04,15.0,590.59,4.42,morning,False,,0.323,tomas.costa736@example.com
CUS-0003930,Zara Silva,retail_consumer,bronze,ZN-000229,Rome,IT,EMEA,58 Kings Way,41.837338,12.560177,2020-04-03,11.0,530.13,3.84,afternoon,False,,0.277,zara.silva630@example.com
CUS-0003931,Lucas Rahman,retail_consumer,none,ZN-000020,Bengaluru,IN,APAC,372 Warehouse Sq,12.980679,77.519129,2021-01-25,38.0,686.45,5.0,morning,False,,0.237,lucas.rahman192@example.com
CUS-0003932,Mateo Muller,retail_consumer,silver,ZN-000065,Jakarta,ID,APAC,407 Maple St,-6.205808,106.846332,2021-10-20,21.0,1973.02,2.93,evening,False,,0.258,mateo.muller643@example.com
CUS-0003933,Lucas Nakamura,enterprise,gold,ZN-000301,Atlanta,US,NA,45 Market Way,33.696054,-84.369003,2020-04-14,283.0,11579.93,4.35,evening,True,12.0,0.263,lucas.nakamura525@example.com
CUS-0003934,Daniel Sharma,smb,gold,ZN-000132,Krakow,PL,EMEA,444 Station St,49.9549,19.701069,2019-09-10,25.0,1395.29,3.65,afternoon,True,,0.306,daniel.sharma133@example.com
CUS-0003935,Chen Moreau,retail_consumer,platinum,ZN-000221,Atlanta,US,NA,140 Union Dr,33.727689,-84.448069,2018-01-27,10.0,1135.29,4.13,evening,False,,0.191,chen.moreau251@example.com
CUS-0003936,Maria Weber,enterprise,gold,ZN-000378,Manchester,GB,EMEA,41 Market Rd,52.922087,-1.944395,2024-06-21,91.0,7508.62,3.86,any,True,24.0,0.388,maria.weber332@example.com
CUS-0003937,Jun Weber,smb,none,ZN-000297,Krakow,PL,EMEA,110 Bridge Rd,50.090743,19.990746,2021-08-05,24.0,689.21,4.81,afternoon,True,,0.37,jun.weber564@example.com
CUS-0003938,Nikolai Nguyen,marketplace_seller,silver,ZN-000126,London,GB,EMEA,364 Kings Ln,51.413391,-0.22789,2022-07-08,27.0,693.2,4.35,any,False,,0.347,nikolai.nguyen426@example.com
CUS-0003939,Priya Smith,enterprise,bronze,ZN-000497,Berlin,DE,EMEA,416 Maple St,52.438338,13.450557,2022-12-13,366.0,28241.15,3.38,evening,True,12.0,0.273,priya.smith123@example.com
CUS-0003940,Elena Sharma,retail_consumer,bronze,ZN-000135,Manchester,GB,EMEA,18 Harbour St,53.446678,-2.095453,2021-03-02,5.0,765.47,4.8,afternoon,False,,0.16,elena.sharma800@example.com
CUS-0003941,Ivan Silva,enterprise,none,ZN-000449,Stockholm,SE,EMEA,122 Park Dr,59.315411,17.988096,2025-03-02,2875.0,197080.85,4.81,morning,True,24.0,0.445,ivan.silva468@example.com
CUS-0003942,Maria Hansen,smb,silver,ZN-000120,Rome,IT,EMEA,374 Warehouse Way,41.794081,12.455347,2019-01-07,29.0,744.96,4.1,any,True,,0.306,maria.hansen314@example.com
CUS-0003943,Grace Ali,retail_consumer,none,ZN-000381,Manchester,GB,EMEA,228 Depot Rd,53.560576,-2.102443,2025-07-15,9.0,166.84,3.73,evening,False,,0.393,grace.ali723@example.com
CUS-0003944,Anna Zhang,retail_consumer,platinum,ZN-000096,Krakow,PL,EMEA,309 Bridge Ln,49.631082,20.132393,2018-12-03,8.0,405.67,4.15,afternoon,False,,0.293,anna.zhang566@example.com
CUS-0003945,Peter Costa,retail_consumer,bronze,ZN-000142,Manchester,GB,EMEA,137 Depot Blvd,53.257193,-2.290211,2021-06-21,3.0,83.31,3.29,any,False,,0.059,peter.costa659@example.com
CUS-0003946,Omar Bakker,smb,none,ZN-000247,Berlin,DE,EMEA,425 Warehouse Dr,52.525221,13.51339,2021-08-25,27.0,1168.94,4.64,evening,True,,0.895,omar.bakker516@example.com
CUS-0003947,Marcus Hansen,smb,none,ZN-000351,London,GB,EMEA,354 Grove Dr,51.453789,-0.097388,2018-04-17,61.0,1771.6,4.2,morning,True,,0.0,marcus.hansen390@example.com
CUS-0003948,Chen Sharma,smb,bronze,ZN-000034,Rome,IT,EMEA,430 Park Ln,42.067273,12.7312,2019-01-01,10.0,488.0,5.0,afternoon,True,,0.247,chen.sharma116@example.com
CUS-0003949,Leila Moreau,smb,none,ZN-000065,Jakarta,ID,APAC,228 Oak Blvd,-6.203832,106.807734,2019-11-14,160.0,24041.82,4.81,any,True,,0.074,leila.moreau861@example.com
CUS-0003950,Marcus Okafor,marketplace_seller,none,ZN-000496,Osaka,JP,APAC,350 Park Rd,34.61355,135.462298,2022-11-08,6.0,292.24,3.96,any,False,,0.164,marcus.okafor488@example.com
CUS-0003951,Fatima Novak,retail_consumer,platinum,ZN-000150,Rome,IT,EMEA,312 Elm Ave,41.988692,12.542172,2019-03-14,4.0,532.28,4.99,morning,False,,0.393,fatima.novak813@example.com
CUS-0003952,Lucas Fernandez,retail_consumer,none,ZN-000070,Delhi,IN,APAC,142 Bridge Sq,28.665942,77.135695,2019-09-14,14.0,394.2,2.76,evening,False,,0.352,lucas.fernandez936@example.com
CUS-0003953,Freya Yilmaz,marketplace_seller,bronze,ZN-000416,Atlanta,US,NA,356 Cedar St,33.755115,-84.505792,2018-06-29,14.0,280.79,3.08,any,False,,0.335,freya.yilmaz186@example.com
CUS-0003954,Maria Nakamura,enterprise,none,ZN-000150,Rome,IT,EMEA,226 Industrial Way,41.989558,12.580987,2021-01-09,243.0,33745.33,5.0,afternoon,True,24.0,0.5,maria.nakamura138@example.com
CUS-0003955,Tomas Kim,smb,silver,ZN-000386,Mexico City,MX,LATAM,449 Depot Ln,19.451544,-99.204697,2020-08-15,45.0,21173.22,4.16,afternoon,True,,0.515,tomas.kim380@example.com
CUS-0003956,Tomas Costa,smb,silver,ZN-000179,Osaka,JP,APAC,407 Park St,34.695617,135.576185,2024-05-25,17.0,1606.25,3.41,morning,True,,0.101,tomas.costa750@example.com
CUS-0003957,Alex Moreau,retail_consumer,bronze,ZN-000071,Shanghai,CN,APAC,187 Kings Blvd,31.169909,121.427562,2020-05-20,3.0,194.37,4.11,any,False,,0.365,alex.moreau664@example.com
CUS-0003958,Freya Nakamura,retail_consumer,bronze,ZN-000416,Atlanta,US,NA,238 Grove Ave,33.728308,-84.518774,2021-09-20,12.0,339.48,3.8,afternoon,False,,0.078,freya.nakamura181@example.com
CUS-0003959,Daniel Hansen,public_sector,none,ZN-000210,Mexico City,MX,LATAM,144 Harbour Ln,19.491782,-99.080012,2025-04-14,8.0,1704.45,3.96,evening,True,24.0,0.0,daniel.hansen225@example.com
CUS-0003960,Elena Hansen,marketplace_seller,none,ZN-000261,Shanghai,CN,APAC,179 Central Rd,31.269171,121.393395,2020-08-22,24.0,946.8,4.05,evening,False,,0.37,elena.hansen450@example.com
CUS-0003961,Marcus Kowalski,public_sector,none,ZN-000070,Delhi,IN,APAC,200 Riverside Sq,28.681907,77.111367,2022-02-21,40.0,1661.64,3.45,any,True,12.0,0.0,marcus.kowalski151@example.com
CUS-0003962,Yuki Yilmaz,retail_consumer,bronze,ZN-000141,Osaka,JP,APAC,41 Victoria Way,34.747065,135.554659,2018-12-08,4.0,230.6,4.61,morning,False,,0.268,yuki.yilmaz594@example.com
CUS-0003963,Mateo Muller,smb,none,ZN-000213,Osaka,JP,APAC,425 Central St,34.745562,135.533093,2019-10-24,57.0,4433.12,4.77,any,True,,0.358,mateo.muller957@example.com
CUS-0003964,Priya Fernandez,smb,none,ZN-000232,Manchester,GB,EMEA,166 Riverside Blvd,53.410546,-2.329071,2023-11-17,42.0,4997.98,5.0,evening,True,,0.068,priya.fernandez399@example.com
CUS-0003965,Rahul Garcia,retail_consumer,bronze,ZN-000405,Shanghai,CN,APAC,184 Bridge Blvd,31.216594,121.527993,2021-07-25,10.0,309.19,4.2,afternoon,False,,0.194,rahul.garcia98@example.com
CUS-0003966,Marcus Zhang,smb,silver,ZN-000192,Mexico City,MX,LATAM,359 Bridge Dr,19.440358,-99.158783,2019-10-13,15.0,668.69,3.88,any,True,,0.268,marcus.zhang958@example.com
CUS-0003967,Priya Rossi,retail_consumer,none,ZN-000494,Amsterdam,NL,EMEA,188 Harbour Rd,52.316055,5.079332,2024-11-23,5.0,307.34,4.9,afternoon,False,,0.532,priya.rossi520@example.com
CUS-0003968,Tomas Nakamura,retail_consumer,none,ZN-000209,Sao Paulo,BR,LATAM,46 Victoria Way,-23.375045,-46.97656,2018-07-11,8.0,205.36,3.49,any,False,,0.599,tomas.nakamura198@example.com
CUS-0003969,Anna Novak,enterprise,none,ZN-000101,Krakow,PL,EMEA,189 Maple Ln,50.001325,19.852169,2024-01-21,259.0,7693.15,3.35,any,True,12.0,0.154,anna.novak4@example.com
CUS-0003970,Zara Bakker,enterprise,silver,ZN-000100,Shanghai,CN,APAC,323 Victoria Ln,31.193009,121.379229,2023-09-22,633.0,69123.67,4.87,morning,True,24.0,0.507,zara.bakker884@example.com
CUS-0003971,Ivan Brown,smb,none,ZN-000034,Rome,IT,EMEA,291 Central Way,42.067813,12.721602,2021-04-30,27.0,2223.86,5.0,morning,True,,0.628,ivan.brown949@example.com
CUS-0003972,Peter Garcia,marketplace_seller,bronze,ZN-000305,Jakarta,ID,APAC,297 Pine Way,-6.293176,106.843173,2023-01-29,4.0,555.5,4.24,any,False,,0.533,peter.garcia343@example.com
CUS-0003973,Leila Bakker,smb,none,ZN-000176,Los Angeles,US,NA,106 Bridge Ln,34.058981,-118.164689,2023-10-10,34.0,1879.94,2.72,any,True,,0.239,leila.bakker434@example.com
CUS-0003974,Carlos Kim,retail_consumer,silver,ZN-000439,Stockholm,SE,EMEA,376 Union Blvd,59.264766,18.219095,2022-04-28,4.0,269.96,4.12,any,False,,0.483,carlos.kim909@example.com
CUS-0003975,Freya Okafor,retail_consumer,none,ZN-000231,Berlin,DE,EMEA,57 Grove Dr,52.524014,13.531234,2021-06-05,4.0,176.97,2.51,any,False,,0.407,freya.okafor98@example.com
CUS-0003976,Freya Nakamura,retail_consumer,none,ZN-000458,Shanghai,CN,APAC,432 Central Sq,31.205823,121.556709,2020-06-12,12.0,945.39,5.0,any,False,,0.349,freya.nakamura876@example.com
CUS-0003977,Viktor Smith,retail_consumer,silver,ZN-000031,Rome,IT,EMEA,413 Harbour St,41.788947,11.995608,2024-05-16,9.0,359.88,3.73,afternoon,False,,0.0,viktor.smith264@example.com
CUS-0003978,Leila Ali,enterprise,bronze,ZN-000368,Delhi,IN,APAC,310 Market St,28.674333,77.152153,2020-05-15,145.0,3147.43,4.42,morning,True,48.0,0.205,leila.ali827@example.com
CUS-0003979,Fatima Dubois,marketplace_seller,platinum,ZN-000063,London,GB,EMEA,320 Harbour St,51.63021,-0.111096,2024-02-07,3.0,70.04,4.34,any,False,,0.11,fatima.dubois508@example.com
CUS-0003980,Omar Yilmaz,retail_consumer,bronze,ZN-000446,London,GB,EMEA,31 Harbour Blvd,51.548051,-0.096663,2023-07-07,7.0,97.12,4.93,evening,False,,0.347,omar.yilmaz738@example.com
CUS-0003981,Yuki Rahman,retail_consumer,bronze,ZN-000075,Krakow,PL,EMEA,21 Bridge Blvd,50.071706,19.811859,2023-06-06,21.0,482.88,4.58,evening,False,,0.201,yuki.rahman636@example.com
CUS-0003982,Carlos Torres,retail_consumer,none,ZN-000363,Bengaluru,IN,APAC,440 Maple Blvd,13.039191,77.583244,2020-08-16,10.0,358.58,2.26,evening,False,,0.405,carlos.torres750@example.com
CUS-0003983,Elena Costa,smb,silver,ZN-000371,Amsterdam,NL,EMEA,410 Pine Sq,52.306341,4.959693,2024-05-14,8.0,680.91,4.74,afternoon,True,,0.472,elena.costa820@example.com
CUS-0003984,Jun Brown,retail_consumer,platinum,ZN-000443,Rome,IT,EMEA,142 Station St,41.658363,12.343292,2020-08-21,11.0,560.94,5.0,afternoon,False,,0.217,jun.brown378@example.com
CUS-0003985,Peter Rossi,retail_consumer,gold,ZN-000189,Jakarta,ID,APAC,374 Union Way,-6.323679,106.964871,2025-11-22,19.0,484.93,4.7,morning,False,,0.172,peter.rossi494@example.com
CUS-0003986,Chen Kim,retail_consumer,none,ZN-000162,Los Angeles,US,NA,278 Harbour Ln,34.064486,-118.306779,2022-01-23,7.0,168.0,3.28,any,False,,0.403,chen.kim19@example.com
CUS-0003987,Lucas Ali,retail_consumer,gold,ZN-000438,Bengaluru,IN,APAC,252 Kings Rd,13.010704,77.568861,2019-12-19,6.0,456.05,3.6,morning,False,,0.283,lucas.ali581@example.com
CUS-0003988,Leila Nakamura,retail_consumer,bronze,ZN-000482,Sao Paulo,BR,LATAM,452 Warehouse Dr,-23.613012,-46.717396,2021-03-19,11.0,907.8,4.43,evening,False,,0.379,leila.nakamura961@example.com
CUS-0003989,Mateo Bakker,retail_consumer,silver,ZN-000185,Delhi,IN,APAC,223 Cedar Way,28.653136,77.056611,2021-03-13,19.0,407.39,5.0,morning,False,,0.109,mateo.bakker630@example.com
CUS-0003990,Daniel Muller,retail_consumer,platinum,ZN-000136,Rome,IT,EMEA,30 Harbour St,42.051129,12.662221,2019-03-13,28.0,678.44,3.97,morning,False,,0.365,daniel.muller797@example.com
CUS-0003991,Peter Smith,retail_consumer,silver,ZN-000400,Amsterdam,NL,EMEA,167 Victoria Dr,52.437951,4.842332,2025-10-27,21.0,2523.43,3.74,afternoon,False,,0.418,peter.smith133@example.com
CUS-0003992,Rahul Ali,retail_consumer,none,ZN-000118,London,GB,EMEA,25 Church Ln,51.577348,-0.048135,2021-11-18,16.0,454.99,5.0,afternoon,False,,0.367,rahul.ali883@example.com
CUS-0003993,Elena Lindqvist,enterprise,bronze,ZN-000438,Bengaluru,IN,APAC,233 Cedar Ave,12.998467,77.568973,2025-01-18,31.0,586.34,4.2,afternoon,True,24.0,0.359,elena.lindqvist250@example.com
CUS-0003994,Daniel Brown,retail_consumer,platinum,ZN-000233,Atlanta,US,NA,312 Grove Ave,33.731182,-84.392365,2022-04-05,12.0,877.58,4.34,evening,False,,0.257,daniel.brown112@example.com
CUS-0003995,Marcus Weber,retail_consumer,bronze,ZN-000004,London,GB,EMEA,339 Industrial Blvd,51.464892,0.078011,2022-09-25,16.0,815.13,4.77,any,False,,0.414,marcus.weber666@example.com
CUS-0003996,Chen Nakamura,retail_consumer,none,ZN-000094,Mexico City,MX,LATAM,236 Depot Sq,19.527815,-99.147832,2020-09-02,12.0,432.75,3.96,evening,False,,0.165,chen.nakamura608@example.com
CUS-0003997,Rahul Nakamura,smb,none,ZN-000341,Sao Paulo,BR,LATAM,350 Depot Ln,-23.596287,-46.675733,2022-03-15,84.0,21155.41,4.24,evening,True,,0.523,rahul.nakamura800@example.com
CUS-0003998,Freya Silva,smb,none,ZN-000215,Krakow,PL,EMEA,247 Oak Blvd,49.992776,19.889686,2022-12-09,20.0,2114.72,4.88,evening,True,,0.245,freya.silva222@example.com
CUS-0003999,Anna Novak,smb,none,ZN-000303,Rome,IT,EMEA,174 Riverside St,41.987794,12.519693,2025-02-23,25.0,1007.57,2.09,afternoon,True,,0.5,anna.novak280@example.com
CUS-0004000,Maria Zhang,retail_consumer,gold,ZN-000375,Manchester,GB,EMEA,151 Elm Ln,53.52983,-2.281597,2021-10-23,2.0,192.11,3.4,evening,False,,0.12,maria.zhang802@example.com
CUS-0004001,Anna Torres,retail_consumer,gold,ZN-000421,Shanghai,CN,APAC,463 Park Dr,31.14142,121.425625,2024-11-07,9.0,195.96,3.59,afternoon,False,,0.181,anna.torres682@example.com
CUS-0004002,Anna Weber,smb,bronze,ZN-000267,Rome,IT,EMEA,442 Park Rd,41.846852,12.198261,2020-03-22,13.0,878.35,4.16,afternoon,True,,0.285,anna.weber639@example.com
CUS-0004003,Sofia Sharma,smb,bronze,ZN-000217,Rome,IT,EMEA,100 Victoria Sq,41.974526,12.552713,2018-05-25,20.0,729.1,3.65,evening,True,,0.217,sofia.sharma178@example.com
CUS-0004004,Leila Garcia,enterprise,bronze,ZN-000377,Bengaluru,IN,APAC,248 Station Dr,12.993702,77.632013,2019-06-10,68.0,6399.74,4.43,morning,True,12.0,0.184,leila.garcia887@example.com
CUS-0004005,Aisha Rahman,retail_consumer,none,ZN-000274,Sao Paulo,BR,LATAM,346 Riverside Rd,-23.615688,-46.667627,2021-05-29,3.0,362.22,3.93,afternoon,False,,0.126,aisha.rahman766@example.com
CUS-0004006,Yuki Muller,enterprise,silver,ZN-000171,London,GB,EMEA,178 Market Blvd,51.926107,-0.308971,2025-09-03,183.0,9747.69,3.53,morning,True,24.0,0.191,yuki.muller190@example.com
CUS-0004007,Diego Fernandez,smb,gold,ZN-000151,Delhi,IN,APAC,36 Victoria Dr,28.735946,77.045115,2024-08-23,17.0,552.79,5.0,afternoon,True,,0.429,diego.fernandez717@example.com
CUS-0004008,Priya Fernandez,enterprise,bronze,ZN-000414,Manchester,GB,EMEA,457 Kings Sq,53.484324,-1.942381,2023-05-16,390.0,27333.11,2.96,afternoon,True,24.0,0.083,priya.fernandez92@example.com
CUS-0004009,Viktor Silva,retail_consumer,none,ZN-000177,Shanghai,CN,APAC,351 Oak Dr,31.201461,121.473196,2018-02-13,16.0,860.06,4.66,afternoon,False,,0.047,viktor.silva428@example.com
CUS-0004010,Tomas Novak,retail_consumer,gold,ZN-000379,Shanghai,CN,APAC,168 Union Way,31.323652,121.416261,2023-09-08,4.0,139.55,3.96,any,False,,0.41,tomas.novak116@example.com
CUS-0004011,Isabella Lindqvist,retail_consumer,bronze,ZN-000120,Rome,IT,EMEA,205 Victoria Way,41.819149,12.477961,2021-07-02,6.0,381.65,2.98,evening,False,,0.333,isabella.lindqvist314@example.com
CUS-0004012,Lucas Rossi,retail_consumer,none,ZN-000046,Manchester,GB,EMEA,331 Central Way,53.558437,-2.25359,2021-02-13,13.0,511.3,4.51,afternoon,False,,0.11,lucas.rossi740@example.com
CUS-0004013,Daniel Bakker,retail_consumer,gold,ZN-000287,Stockholm,SE,EMEA,146 Central Sq,59.360796,17.892192,2021-11-13,29.0,812.16,3.3,morning,False,,0.171,daniel.bakker777@example.com
CUS-0004014,Rahul Okafor,marketplace_seller,none,ZN-000367,Shanghai,CN,APAC,1 Industrial Way,31.257245,121.566196,2018-08-07,11.0,2358.6,4.53,evening,False,,0.352,rahul.okafor822@example.com
CUS-0004015,Amara Yilmaz,smb,bronze,ZN-000352,Los Angeles,US,NA,105 Maple Ave,34.058184,-118.299618,2024-07-16,11.0,420.19,3.82,evening,True,,0.347,amara.yilmaz179@example.com
CUS-0004016,Peter Muller,public_sector,none,ZN-000046,Manchester,GB,EMEA,452 Pine St,53.553269,-2.254283,2021-04-24,4.0,211.31,4.81,any,True,12.0,0.107,peter.muller263@example.com
CUS-0004017,Alex Nakamura,retail_consumer,silver,ZN-000418,Krakow,PL,EMEA,473 Park Sq,49.797705,20.35333,2023-11-05,4.0,71.86,4.05,evening,False,,0.418,alex.nakamura376@example.com
CUS-0004018,Tomas Weber,retail_consumer,none,ZN-000352,Los Angeles,US,NA,192 Oak Blvd,34.08753,-118.323896,2023-10-01,5.0,200.5,2.98,any,False,,0.512,tomas.weber597@example.com
CUS-0004019,Leila Ali,marketplace_seller,none,ZN-000420,Krakow,PL,EMEA,264 Oak Ln,50.109656,19.979362,2024-08-24,15.0,1041.18,3.86,afternoon,False,,0.358,leila.ali634@example.com
CUS-0004020,Lucas Kim,retail_consumer,none,ZN-000369,London,GB,EMEA,220 Riverside Rd,51.453168,-0.254743,2022-08-14,10.0,301.76,4.43,afternoon,False,,0.486,lucas.kim217@example.com
CUS-0004021,Priya Nakamura,retail_consumer,silver,ZN-000242,Atlanta,US,NA,317 Grove Way,33.759431,-84.487576,2024-02-22,7.0,189.93,4.9,morning,False,,0.236,priya.nakamura268@example.com
CUS-0004022,Leila Smith,smb,none,ZN-000294,Berlin,DE,EMEA,344 Park Blvd,52.013287,12.821905,2021-07-28,12.0,282.56,4.57,any,True,,0.272,leila.smith721@example.com
CUS-0004023,Sofia Kim,enterprise,none,ZN-000446,London,GB,EMEA,124 Central St,51.58864,-0.081916,2018-05-14,163.0,20013.18,4.75,any,True,12.0,0.325,sofia.kim451@example.com
CUS-0004024,Maria Okafor,retail_consumer,gold,ZN-000238,Rome,IT,EMEA,221 Cedar Way,41.917509,12.526285,2018-05-26,31.0,3571.95,4.86,morning,False,,0.133,maria.okafor645@example.com
CUS-0004025,Grace Muller,enterprise,none,ZN-000281,Mexico City,MX,LATAM,100 Grove Blvd,19.440172,-99.239235,2023-12-01,334.0,12863.84,3.86,evening,True,12.0,0.202,grace.muller546@example.com
CUS-0004026,Sofia Yilmaz,retail_consumer,silver,ZN-000039,Osaka,JP,APAC,65 Warehouse Ave,34.773297,135.584623,2023-07-02,34.0,946.19,4.18,afternoon,False,,0.337,sofia.yilmaz395@example.com
CUS-0004027,Omar Rahman,smb,none,ZN-000273,Rome,IT,EMEA,85 Victoria Dr,41.956121,12.562866,2025-02-15,21.0,773.59,4.04,evening,True,,0.229,omar.rahman854@example.com
CUS-0004028,Tomas Nakamura,retail_consumer,none,ZN-000156,Atlanta,US,NA,397 Bridge Dr,33.849499,-84.321981,2019-05-17,11.0,237.21,4.86,afternoon,False,,0.0,tomas.nakamura425@example.com
CUS-0004029,Lucas Rossi,enterprise,none,ZN-000352,Los Angeles,US,NA,267 Industrial Dr,34.059481,-118.317461,2023-12-10,262.0,15187.72,4.55,morning,True,48.0,0.296,lucas.rossi10@example.com
CUS-0004030,Alex Ivanov,smb,none,ZN-000289,Sao Paulo,BR,LATAM,70 Harbour Ln,-23.581566,-46.518211,2024-02-25,13.0,984.39,5.0,evening,True,,0.173,alex.ivanov827@example.com
CUS-0004031,Carlos Brown,smb,silver,ZN-000338,Manchester,GB,EMEA,435 Maple Blvd,53.560879,-2.359397,2024-11-14,11.0,950.95,4.31,any,True,,0.0,carlos.brown208@example.com
CUS-0004032,Alex Kim,enterprise,bronze,ZN-000007,Los Angeles,US,NA,249 Kings St,34.080304,-118.176571,2020-08-12,153.0,5877.07,4.6,morning,True,24.0,0.184,alex.kim539@example.com
CUS-0004033,Nikolai Nakamura,retail_consumer,none,ZN-000379,Shanghai,CN,APAC,452 Bridge Sq,31.305143,121.411269,2022-09-03,2.0,93.02,3.94,evening,False,,0.438,nikolai.nakamura560@example.com
CUS-0004034,Fatima Ivanov,smb,none,ZN-000340,London,GB,EMEA,249 Union Blvd,51.501573,-0.086906,2021-12-05,27.0,1812.92,4.31,evening,True,,0.455,fatima.ivanov437@example.com
CUS-0004035,Elena Weber,retail_consumer,none,ZN-000306,Berlin,DE,EMEA,210 Market St,52.502821,13.465064,2022-08-11,12.0,1461.97,3.58,afternoon,False,,0.409,elena.weber238@example.com
CUS-0004036,Jun Silva,retail_consumer,gold,ZN-000041,Berlin,DE,EMEA,29 Warehouse St,52.503892,13.264081,2020-10-02,44.0,762.3,5.0,any,False,,0.0,jun.silva333@example.com
CUS-0004037,Carlos Lindqvist,retail_consumer,bronze,ZN-000486,Bengaluru,IN,APAC,271 Maple Sq,13.012908,77.584105,2020-04-07,17.0,470.06,4.58,morning,False,,0.572,carlos.lindqvist767@example.com
CUS-0004038,Anna Silva,smb,none,ZN-000172,Jakarta,ID,APAC,384 Kings Sq,-6.131439,106.818587,2022-10-27,131.0,4239.07,4.37,any,True,,0.247,anna.silva572@example.com
CUS-0004039,Isabella Rahman,retail_consumer,bronze,ZN-000107,London,GB,EMEA,414 Oak Ave,51.522996,-0.090424,2021-07-17,9.0,787.66,2.83,any,False,,0.297,isabella.rahman835@example.com
CUS-0004040,Ivan Brown,retail_consumer,none,ZN-000336,London,GB,EMEA,54 Pine Blvd,51.573087,-0.036456,2025-06-03,9.0,262.6,4.26,evening,False,,0.673,ivan.brown504@example.com
CUS-0004041,Yuki Rossi,smb,silver,ZN-000187,Atlanta,US,NA,394 Elm Ln,33.749171,-84.076192,2018-07-18,26.0,3700.61,5.0,morning,True,,0.247,yuki.rossi891@example.com
CUS-0004042,Amara Muller,smb,none,ZN-000222,Bengaluru,IN,APAC,86 Bridge St,13.008393,77.509844,2022-02-21,53.0,2885.76,3.8,afternoon,True,,0.078,amara.muller372@example.com
CUS-0004043,Yuki Okafor,retail_consumer,none,ZN-000004,London,GB,EMEA,31 Riverside Ave,51.431028,0.086883,2020-11-17,9.0,2161.48,2.97,afternoon,False,,0.0,yuki.okafor269@example.com
CUS-0004044,Alex Fernandez,retail_consumer,none,ZN-000001,Manchester,GB,EMEA,410 Depot Dr,53.385871,-2.311374,2024-12-08,8.0,1191.34,3.21,afternoon,False,,0.0,alex.fernandez722@example.com
CUS-0004045,Alex Petrov,marketplace_seller,none,ZN-000216,Stockholm,SE,EMEA,109 Grove Ave,59.22328,17.916389,2022-10-07,9.0,411.86,3.46,any,False,,0.245,alex.petrov655@example.com
CUS-0004046,Elena Novak,retail_consumer,platinum,ZN-000213,Osaka,JP,APAC,353 Market Sq,34.75613,135.505297,2018-06-13,9.0,262.72,5.0,afternoon,False,,0.352,elena.novak626@example.com
CUS-0004047,Amara Petrov,enterprise,silver,ZN-000079,Delhi,IN,APAC,247 Riverside Ln,28.753095,77.101509,2018-01-25,99.0,11881.65,3.11,evening,True,24.0,0.358,amara.petrov290@example.com
CUS-0004048,Diego Torres,marketplace_seller,none,ZN-000449,Stockholm,SE,EMEA,97 Church St,59.31363,17.979701,2020-12-07,19.0,7366.6,4.49,any,False,,0.294,diego.torres147@example.com
CUS-0004049,Priya Novak,marketplace_seller,none,ZN-000498,Bengaluru,IN,APAC,462 Industrial Ln,12.991053,77.6469,2018-11-11,24.0,696.25,4.24,evening,False,,0.107,priya.novak12@example.com
CUS-0004050,Alex Garcia,retail_consumer,bronze,ZN-000379,Shanghai,CN,APAC,158 Elm Ln,31.329198,121.417258,2019-12-14,11.0,392.96,4.07,morning,False,,0.062,alex.garcia561@example.com
CUS-0004051,Grace Silva,retail_consumer,bronze,ZN-000182,Manchester,GB,EMEA,203 Kings Dr,53.462774,-2.588594,2018-09-06,17.0,439.15,3.84,morning,False,,0.0,grace.silva477@example.com
CUS-0004052,Sofia Moreau,public_sector,gold,ZN-000169,Rome,IT,EMEA,38 Industrial Dr,41.964128,12.518564,2019-05-08,4.0,112.19,4.88,evening,True,12.0,0.157,sofia.moreau967@example.com
CUS-0004053,Carlos Novak,retail_consumer,bronze,ZN-000030,Krakow,PL,EMEA,339 Depot Ln,49.969424,20.004888,2020-12-21,7.0,467.59,4.49,morning,False,,0.163,carlos.novak255@example.com
CUS-0004054,Amara Smith,retail_consumer,bronze,ZN-000258,Jakarta,ID,APAC,473 Industrial St,-6.123535,106.78733,2022-06-28,6.0,466.57,4.04,evening,False,,0.258,amara.smith623@example.com
CUS-0004055,Alex Lindqvist,marketplace_seller,none,ZN-000066,Jakarta,ID,APAC,8 Union Dr,-6.169034,106.886041,2021-01-11,10.0,265.7,3.94,any,False,,0.376,alex.lindqvist962@example.com
CUS-0004056,Daniel Garcia,enterprise,none,ZN-000239,Sao Paulo,BR,LATAM,433 Union Blvd,-23.636508,-46.552555,2022-07-20,110.0,6022.8,4.83,evening,True,48.0,0.296,daniel.garcia864@example.com
CUS-0004057,Omar Hansen,marketplace_seller,silver,ZN-000374,Delhi,IN,APAC,269 Union Ln,28.705916,77.087846,2023-05-04,11.0,1298.68,3.33,any,False,,0.527,omar.hansen149@example.com
CUS-0004058,Yuki Lindqvist,marketplace_seller,gold,ZN-000332,Delhi,IN,APAC,206 Maple Ave,28.749281,77.05958,2020-07-14,6.0,457.31,2.87,any,False,,0.277,yuki.lindqvist862@example.com
CUS-0004059,Nikolai Bakker,retail_consumer,silver,ZN-000144,Stockholm,SE,EMEA,133 Warehouse Blvd,59.444426,18.020935,2022-05-06,5.0,528.09,4.43,afternoon,False,,0.275,nikolai.bakker149@example.com
CUS-0004060,Isabella Kim,retail_consumer,silver,ZN-000417,London,GB,EMEA,264 Industrial Ave,51.518257,-0.096667,2023-12-19,10.0,708.29,3.8,evening,False,,0.461,isabella.kim794@example.com
CUS-0004061,Omar Brown,retail_consumer,none,ZN-000113,Amsterdam,NL,EMEA,300 Market St,52.303421,4.840815,2018-12-23,18.0,514.24,4.31,afternoon,False,,0.043,omar.brown69@example.com
CUS-0004062,Priya Moreau,smb,none,ZN-000310,Osaka,JP,APAC,403 Central Way,34.738654,135.593053,2023-05-16,48.0,1364.1,4.38,afternoon,True,,0.458,priya.moreau644@example.com
CUS-0004063,Jun Moreau,smb,gold,ZN-000450,Krakow,PL,EMEA,403 Church Rd,50.104287,19.982118,2018-06-08,34.0,825.01,5.0,morning,True,,0.212,jun.moreau185@example.com
CUS-0004064,Jun Kim,smb,none,ZN-000480,Rome,IT,EMEA,325 Park St,41.81491,12.492262,2018-05-11,27.0,2805.36,4.67,afternoon,True,,0.549,jun.kim453@example.com
CUS-0004065,Lucas Silva,smb,platinum,ZN-000115,Krakow,PL,EMEA,353 Bridge St,50.00911,19.927503,2019-01-16,22.0,1272.83,4.38,evening,True,,0.476,lucas.silva589@example.com
CUS-0004066,Leila Lindqvist,retail_consumer,gold,ZN-000413,Osaka,JP,APAC,158 Station St,34.610715,135.480215,2018-09-01,24.0,2971.18,3.87,evening,False,,0.311,leila.lindqvist767@example.com
CUS-0004067,Chen Weber,smb,silver,ZN-000401,Krakow,PL,EMEA,31 Maple Way,50.12037,20.168145,2024-10-08,15.0,508.61,3.76,morning,True,,0.051,chen.weber207@example.com
CUS-0004068,Tomas Dubois,enterprise,silver,ZN-000447,Amsterdam,NL,EMEA,52 Kings Rd,52.432396,4.948976,2022-12-04,2204.0,72781.91,5.0,morning,True,24.0,0.109,tomas.dubois285@example.com
CUS-0004069,Fatima Rossi,enterprise,none,ZN-000399,Atlanta,US,NA,69 Elm Blvd,33.462873,-84.21446,2018-04-07,402.0,13591.83,4.17,any,True,12.0,0.341,fatima.rossi787@example.com
CUS-0004070,Carlos Moreau,retail_consumer,none,ZN-000336,London,GB,EMEA,39 Market Rd,51.550758,-0.003293,2022-08-13,9.0,1774.05,3.35,afternoon,False,,0.513,carlos.moreau954@example.com
CUS-0004071,Amara Yilmaz,retail_consumer,none,ZN-000088,Shanghai,CN,APAC,9 Kings Sq,31.210029,121.522016,2024-11-04,19.0,436.9,5.0,afternoon,False,,0.171,amara.yilmaz888@example.com
CUS-0004072,Grace Rossi,smb,gold,ZN-000297,Krakow,PL,EMEA,207 Cedar Ln,50.089779,20.025157,2020-01-11,11.0,770.54,5.0,any,True,,0.333,grace.rossi615@example.com
CUS-0004073,Tomas Ali,retail_consumer,none,ZN-000398,Rome,IT,EMEA,404 Riverside Ave,41.98821,12.440502,2019-11-16,13.0,2092.81,4.09,morning,False,,0.398,tomas.ali709@example.com
CUS-0004074,Omar Bakker,marketplace_seller,bronze,ZN-000151,Delhi,IN,APAC,447 Depot Rd,28.707096,77.037694,2019-09-11,4.0,150.28,4.01,morning,False,,0.602,omar.bakker370@example.com
CUS-0004075,Zara Nakamura,retail_consumer,bronze,ZN-000426,Krakow,PL,EMEA,55 Market St,49.881956,19.712117,2021-07-29,27.0,528.94,3.91,any,False,,0.294,zara.nakamura8@example.com
CUS-0004076,Alex Novak,smb,none,ZN-000067,Los Angeles,US,NA,426 Harbour Rd,33.841092,-118.214094,2020-02-11,32.0,677.2,3.61,evening,True,,0.344,alex.novak239@example.com
CUS-0004077,Freya Brown,smb,bronze,ZN-000182,Manchester,GB,EMEA,106 Central Ln,53.477123,-2.546825,2022-01-07,15.0,817.58,4.2,evening,True,,0.209,freya.brown569@example.com
CUS-0004078,Lucas Lindqvist,retail_consumer,none,ZN-000397,Krakow,PL,EMEA,372 Kings Way,50.134063,19.856784,2021-06-08,22.0,1031.63,3.14,morning,False,,0.127,lucas.lindqvist58@example.com
CUS-0004079,Daniel Brown,retail_consumer,gold,ZN-000041,Berlin,DE,EMEA,100 Station Way,52.494022,13.21752,2019-06-21,8.0,377.52,4.02,evening,False,,0.43,daniel.brown696@example.com
CUS-0004080,Priya Brown,retail_consumer,platinum,ZN-000449,Stockholm,SE,EMEA,453 Central Ave,59.291974,18.021915,2024-09-26,23.0,589.79,5.0,evening,False,,0.261,priya.brown972@example.com
CUS-0004081,Freya Petrov,retail_consumer,none,ZN-000130,Mexico City,MX,LATAM,399 Station St,19.483462,-99.032831,2022-12-29,7.0,732.33,4.54,afternoon,False,,0.273,freya.petrov958@example.com
CUS-0004082,Fatima Garcia,retail_consumer,bronze,ZN-000312,Delhi,IN,APAC,255 Church Dr,28.740557,77.088361,2025-08-06,16.0,437.68,4.16,morning,False,,0.199,fatima.garcia826@example.com
CUS-0004083,Nadia Smith,retail_consumer,none,ZN-000164,Krakow,PL,EMEA,191 Oak Dr,50.141762,18.970534,2025-07-15,112.0,7655.76,4.62,afternoon,False,,0.652,nadia.smith876@example.com
CUS-0004084,Hugo Ivanov,smb,none,ZN-000328,Manchester,GB,EMEA,387 Pine Way,53.563813,-2.258673,2021-04-19,18.0,8017.73,4.43,afternoon,True,,0.181,hugo.ivanov222@example.com
CUS-0004085,Maria Yilmaz,retail_consumer,none,ZN-000293,Shanghai,CN,APAC,454 Grove St,31.129711,121.49732,2022-02-01,23.0,549.15,5.0,morning,False,,0.151,maria.yilmaz934@example.com
CUS-0004086,Aisha Nguyen,marketplace_seller,platinum,ZN-000463,Berlin,DE,EMEA,442 Market Way,52.611672,13.458216,2020-12-09,9.0,940.58,3.5,evening,False,,0.085,aisha.nguyen771@example.com
CUS-0004087,Anna Zhang,retail_consumer,none,ZN-000440,Rome,IT,EMEA,115 Depot Ave,41.886193,12.370638,2019-07-11,2.0,30.21,4.34,afternoon,False,,0.306,anna.zhang706@example.com
CUS-0004088,Anna Costa,enterprise,gold,ZN-000263,Manchester,GB,EMEA,71 Park St,53.43726,-2.265219,2023-12-16,696.0,18932.35,4.35,morning,True,48.0,0.422,anna.costa371@example.com
CUS-0004089,Nikolai Kim,enterprise,gold,ZN-000126,London,GB,EMEA,296 Harbour St,51.422513,-0.217486,2019-07-11,254.0,14339.37,3.68,morning,True,12.0,0.192,nikolai.kim977@example.com
CUS-0004090,Lucas Muller,retail_consumer,none,ZN-000390,Stockholm,SE,EMEA,252 Central Sq,59.296719,17.990785,2023-06-06,13.0,156.0,3.45,evening,False,,0.345,lucas.muller643@example.com
CUS-0004091,Peter Torres,retail_consumer,none,ZN-000362,London,GB,EMEA,61 Grove Ave,51.471147,-0.016426,2025-10-25,11.0,469.28,4.81,any,False,,0.201,peter.torres938@example.com
CUS-0004092,Jun Hansen,enterprise,bronze,ZN-000353,London,GB,EMEA,62 Church Way,51.449991,-0.137493,2021-10-17,309.0,26571.54,4.69,morning,True,24.0,0.548,jun.hansen143@example.com
CUS-0004093,Freya Ali,retail_consumer,silver,ZN-000464,Osaka,JP,APAC,405 Riverside Rd,34.261795,135.022436,2024-06-20,4.0,141.15,4.61,any,False,,0.081,freya.ali42@example.com
CUS-0004094,Freya Muller,retail_consumer,bronze,ZN-000125,London,GB,EMEA,59 Warehouse Rd,51.460239,-0.168209,2022-04-30,4.0,1115.8,4.02,afternoon,False,,0.395,freya.muller712@example.com
CUS-0004095,Nikolai Fernandez,retail_consumer,platinum,ZN-000183,Sao Paulo,BR,LATAM,419 Station St,-23.619754,-46.672182,2020-03-31,11.0,1295.56,4.34,afternoon,False,,0.193,nikolai.fernandez365@example.com
CUS-0004096,Freya Kowalski,marketplace_seller,silver,ZN-000073,Amsterdam,NL,EMEA,453 Depot Sq,52.298389,4.833371,2019-02-11,8.0,507.71,2.94,evening,False,,0.386,freya.kowalski302@example.com
CUS-0004097,Jun Bakker,enterprise,gold,ZN-000300,Mexico City,MX,LATAM,376 Central Rd,19.494913,-99.066915,2025-09-05,751.0,29784.98,4.29,any,True,24.0,0.172,jun.bakker771@example.com
CUS-0004098,Aisha Hansen,smb,silver,ZN-000094,Mexico City,MX,LATAM,426 Harbour St,19.495736,-99.122517,2018-04-02,13.0,179.64,4.41,morning,True,,0.087,aisha.hansen204@example.com
CUS-0004099,Ivan Smith,retail_consumer,none,ZN-000324,Rome,IT,EMEA,379 Oak Dr,41.960491,12.570487,2021-12-11,4.0,292.99,3.59,afternoon,False,,0.105,ivan.smith602@example.com
CUS-0004100,Rahul Ali,retail_consumer,silver,ZN-000021,Krakow,PL,EMEA,310 Elm Ln,50.024929,19.81466,2018-07-27,9.0,439.74,4.85,any,False,,0.254,rahul.ali620@example.com
CUS-0004101,Leila Moreau,retail_consumer,none,ZN-000268,Delhi,IN,APAC,277 Pine Blvd,28.649057,77.126835,2025-07-31,11.0,280.68,3.04,evening,False,,0.376,leila.moreau977@example.com
CUS-0004102,Peter Garcia,smb,gold,ZN-000249,London,GB,EMEA,164 Elm Rd,51.483879,0.020596,2018-02-15,12.0,259.05,4.92,any,True,,0.375,peter.garcia295@example.com
CUS-0004103,Jun Nakamura,retail_consumer,silver,ZN-000418,Krakow,PL,EMEA,305 Maple Sq,49.769935,20.38707,2022-04-30,12.0,917.07,3.33,afternoon,False,,0.0,jun.nakamura85@example.com
CUS-0004104,Ivan Moreau,smb,gold,ZN-000309,Krakow,PL,EMEA,161 Victoria Dr,49.964054,19.620766,2021-05-04,8.0,542.97,5.0,morning,True,,0.525,ivan.moreau271@example.com
CUS-0004105,Rahul Torres,retail_consumer,none,ZN-000106,Atlanta,US,NA,338 Maple Ave,33.747477,-84.458861,2020-04-13,6.0,336.1,3.49,any,False,,0.462,rahul.torres893@example.com
CUS-0004106,Omar Silva,smb,gold,ZN-000439,Stockholm,SE,EMEA,200 Kings Dr,59.28934,18.17685,2023-08-08,12.0,1002.12,3.95,evening,True,,0.421,omar.silva696@example.com
CUS-0004107,Diego Sharma,retail_consumer,none,ZN-000185,Delhi,IN,APAC,128 Grove Ln,28.655618,77.044031,2018-04-06,18.0,1624.07,4.53,evening,False,,0.423,diego.sharma118@example.com
CUS-0004108,Yuki Petrov,smb,bronze,ZN-000294,Berlin,DE,EMEA,304 Kings Way,52.041809,12.844681,2024-11-30,20.0,834.0,4.82,any,True,,0.098,yuki.petrov843@example.com
CUS-0004109,Lucas Okafor,smb,bronze,ZN-000450,Krakow,PL,EMEA,12 Oak Sq,50.138904,19.976743,2025-03-08,74.0,5538.51,4.81,morning,True,,0.364,lucas.okafor899@example.com
CUS-0004110,Marcus Fernandez,retail_consumer,silver,ZN-000048,Krakow,PL,EMEA,98 Pine Dr,49.920834,20.185136,2018-02-05,7.0,818.91,3.84,afternoon,False,,0.361,marcus.fernandez559@example.com
CUS-0004111,Yuki Costa,retail_consumer,silver,ZN-000045,Rome,IT,EMEA,213 Victoria Blvd,41.985224,12.645299,2021-06-30,4.0,633.84,3.5,evening,False,,0.25,yuki.costa814@example.com
CUS-0004112,Nadia Bakker,retail_consumer,none,ZN-000144,Stockholm,SE,EMEA,376 Kings Blvd,59.407487,18.01159,2022-01-29,5.0,275.53,4.71,evening,False,,0.2,nadia.bakker264@example.com
CUS-0004113,Elena Garcia,retail_consumer,bronze,ZN-000436,Mexico City,MX,LATAM,143 Bridge St,19.781212,-98.737699,2021-10-29,23.0,6872.83,4.63,any,False,,0.117,elena.garcia291@example.com
CUS-0004114,Fatima Zhang,retail_consumer,platinum,ZN-000345,Stockholm,SE,EMEA,433 Station Dr,59.396338,18.045002,2020-06-20,5.0,124.72,3.38,afternoon,False,,0.264,fatima.zhang883@example.com
CUS-0004115,Tomas Torres,smb,none,ZN-000176,Los Angeles,US,NA,70 Industrial Ave,34.055088,-118.138455,2020-02-06,26.0,1366.24,5.0,afternoon,True,,0.285,tomas.torres257@example.com
CUS-0004116,Isabella Zhang,retail_consumer,gold,ZN-000352,Los Angeles,US,NA,306 Warehouse Dr,34.064172,-118.295349,2025-07-06,7.0,199.88,3.3,morning,False,,0.31,isabella.zhang350@example.com
CUS-0004117,Nikolai Nakamura,enterprise,none,ZN-000033,Delhi,IN,APAC,431 Riverside St,28.729396,77.193433,2024-01-13,101.0,29401.91,3.26,morning,True,24.0,0.45,nikolai.nakamura39@example.com
CUS-0004118,Sofia Moreau,marketplace_seller,gold,ZN-000216,Stockholm,SE,EMEA,24 Harbour Ave,59.213393,17.947788,2020-11-01,7.0,706.69,4.97,evening,False,,0.218,sofia.moreau972@example.com
CUS-0004119,Viktor Rahman,retail_consumer,bronze,ZN-000317,Manchester,GB,EMEA,201 Bridge Rd,53.477526,-2.378946,2022-02-11,4.0,143.12,3.54,any,False,,0.083,viktor.rahman583@example.com
CUS-0004120,Hugo Zhang,smb,bronze,ZN-000147,Osaka,JP,APAC,61 Victoria Way,34.679689,135.586551,2025-09-22,9.0,450.4,3.51,any,True,,0.418,hugo.zhang683@example.com
CUS-0004121,Anna Zhang,retail_consumer,none,ZN-000217,Rome,IT,EMEA,33 Oak Dr,41.956119,12.546769,2022-06-28,13.0,1606.05,4.8,evening,False,,0.367,anna.zhang877@example.com
CUS-0004122,Leila Novak,retail_consumer,none,ZN-000017,Krakow,PL,EMEA,475 Cedar Sq,50.093289,19.875898,2019-08-01,18.0,830.18,5.0,afternoon,False,,0.325,leila.novak182@example.com
CUS-0004123,Yuki Weber,enterprise,platinum,ZN-000420,Krakow,PL,EMEA,315 Depot Rd,50.101116,20.015227,2022-08-22,317.0,115095.85,4.93,any,True,24.0,0.0,yuki.weber214@example.com
CUS-0004124,Yuki Rahman,smb,gold,ZN-000121,Shanghai,CN,APAC,302 Church Blvd,31.192176,121.431765,2021-04-30,17.0,506.2,3.29,morning,True,,0.472,yuki.rahman328@example.com
CUS-0004125,Grace Garcia,enterprise,platinum,ZN-000375,Manchester,GB,EMEA,170 Industrial Sq,53.512899,-2.230037,2022-07-17,421.0,11921.23,4.67,morning,True,12.0,0.397,grace.garcia266@example.com
CUS-0004126,Amara Smith,smb,gold,ZN-000075,Krakow,PL,EMEA,201 Central Dr,50.058879,19.86102,2023-09-21,57.0,2215.59,4.06,evening,True,,0.211,amara.smith529@example.com
CUS-0004127,Ivan Rahman,retail_consumer,none,ZN-000071,Shanghai,CN,APAC,115 Union Rd,31.192262,121.43218,2022-10-04,9.0,611.48,3.87,afternoon,False,,0.23,ivan.rahman916@example.com
CUS-0004128,Aisha Bakker,enterprise,gold,ZN-000326,Shanghai,CN,APAC,311 Central St,31.134803,121.455999,2022-10-30,316.0,8188.37,2.99,any,True,12.0,0.004,aisha.bakker890@example.com
CUS-0004129,Freya Weber,retail_consumer,silver,ZN-000328,Manchester,GB,EMEA,451 Pine Way,53.583767,-2.27924,2018-04-23,4.0,188.43,5.0,morning,False,,0.106,freya.weber3@example.com
CUS-0004130,Fatima Yilmaz,retail_consumer,platinum,ZN-000183,Sao Paulo,BR,LATAM,479 Oak Way,-23.618792,-46.718288,2019-01-19,6.0,762.32,3.78,any,False,,0.465,fatima.yilmaz149@example.com
CUS-0004131,Elena Nakamura,marketplace_seller,silver,ZN-000186,Mexico City,MX,LATAM,342 Victoria Ln,19.41994,-99.198644,2020-07-29,5.0,173.77,4.69,afternoon,False,,0.388,elena.nakamura814@example.com
CUS-0004132,Isabella Sharma,retail_consumer,bronze,ZN-000363,Bengaluru,IN,APAC,290 Park Sq,13.039504,77.570831,2025-05-12,3.0,253.27,3.41,afternoon,False,,0.264,isabella.sharma552@example.com
CUS-0004133,Hugo Yilmaz,retail_consumer,none,ZN-000401,Krakow,PL,EMEA,24 Station Sq,50.104066,20.240904,2018-09-07,13.0,683.7,5.0,any,False,,0.532,hugo.yilmaz871@example.com
CUS-0004134,Freya Okafor,retail_consumer,silver,ZN-000493,Krakow,PL,EMEA,414 Elm Rd,49.964639,19.87376,2022-07-13,29.0,1735.52,4.0,evening,False,,0.161,freya.okafor566@example.com
CUS-0004135,Daniel Ali,enterprise,none,ZN-000432,Atlanta,US,NA,451 Pine Way,33.788492,-84.292279,2023-11-14,231.0,20113.4,4.72,any,True,48.0,0.136,daniel.ali250@example.com
CUS-0004136,Grace Hansen,retail_consumer,bronze,ZN-000371,Amsterdam,NL,EMEA,11 Church Blvd,52.322974,4.911402,2018-10-27,6.0,637.35,3.84,afternoon,False,,0.492,grace.hansen862@example.com
CUS-0004137,Jun Novak,smb,bronze,ZN-000079,Delhi,IN,APAC,41 Maple Way,28.719457,77.126213,2019-04-28,13.0,685.9,3.71,morning,True,,0.394,jun.novak428@example.com
CUS-0004138,Maria Brown,retail_consumer,silver,ZN-000060,Delhi,IN,APAC,353 Depot Way,28.640665,77.115707,2021-03-23,8.0,624.86,4.32,morning,False,,0.339,maria.brown806@example.com
CUS-0004139,Anna Muller,retail_consumer,none,ZN-000444,Osaka,JP,APAC,10 Maple Ave,34.612694,135.466,2025-07-27,19.0,439.2,4.67,morning,False,,0.262,anna.muller878@example.com
CUS-0004140,Fatima Zhang,retail_consumer,none,ZN-000228,Krakow,PL,EMEA,265 Riverside St,50.143813,20.209916,2024-01-27,47.0,1007.49,3.05,afternoon,False,,0.22,fatima.zhang123@example.com
CUS-0004141,Anna Torres,retail_consumer,bronze,ZN-000370,Rome,IT,EMEA,123 Union Rd,41.986355,12.552111,2019-11-11,8.0,1241.35,3.81,morning,False,,0.381,anna.torres223@example.com
CUS-0004142,Grace Zhang,retail_consumer,bronze,ZN-000459,Mexico City,MX,LATAM,348 Market Rd,19.502298,-99.076977,2018-10-22,20.0,550.96,4.95,afternoon,False,,0.487,grace.zhang374@example.com
CUS-0004143,Viktor Rossi,smb,bronze,ZN-000011,Berlin,DE,EMEA,72 Market Way,52.510977,13.518301,2019-04-18,41.0,3345.39,4.47,afternoon,True,,0.0,viktor.rossi26@example.com
CUS-0004144,Fatima Rossi,retail_consumer,silver,ZN-000290,Rome,IT,EMEA,69 Kings Dr,41.945622,12.390467,2025-09-25,14.0,435.77,3.19,morning,False,,0.452,fatima.rossi767@example.com
CUS-0004145,Elena Kowalski,enterprise,none,ZN-000475,London,GB,EMEA,229 Park St,51.546981,-0.046386,2023-11-30,180.0,11372.89,3.14,afternoon,True,48.0,0.394,elena.kowalski842@example.com
CUS-0004146,Zara Fernandez,marketplace_seller,bronze,ZN-000345,Stockholm,SE,EMEA,239 Union Way,59.388543,18.078557,2024-05-30,8.0,319.45,4.21,any,False,,0.211,zara.fernandez756@example.com
CUS-0004147,Lucas Hansen,public_sector,none,ZN-000191,Bengaluru,IN,APAC,444 Riverside St,12.9189,77.525166,2021-08-04,6.0,179.29,3.15,morning,True,48.0,0.372,lucas.hansen136@example.com
CUS-0004148,Ivan Rahman,public_sector,silver,ZN-000200,London,GB,EMEA,185 Union Ln,51.446491,-0.207194,2020-01-24,49.0,2892.98,5.0,afternoon,True,48.0,0.479,ivan.rahman406@example.com
CUS-0004149,Priya Smith,smb,none,ZN-000349,London,GB,EMEA,470 Bridge Ln,51.441655,-0.100686,2022-09-16,28.0,2400.85,4.7,evening,True,,0.255,priya.smith89@example.com
CUS-0004150,Leila Kim,retail_consumer,bronze,ZN-000021,Krakow,PL,EMEA,323 Pine Sq,50.053311,19.830791,2019-09-03,14.0,1390.16,3.33,afternoon,False,,0.363,leila.kim955@example.com
CUS-0004151,Chen Nakamura,marketplace_seller,bronze,ZN-000416,Atlanta,US,NA,430 Industrial Sq,33.736604,-84.472406,2025-09-21,5.0,246.52,3.88,morning,False,,0.643,chen.nakamura91@example.com
CUS-0004152,Omar Dubois,smb,none,ZN-000355,Los Angeles,US,NA,329 Industrial Rd,34.066209,-118.321671,2024-09-06,9.0,492.82,4.41,afternoon,True,,0.272,omar.dubois605@example.com
CUS-0004153,Grace Hansen,retail_consumer,gold,ZN-000489,Manchester,GB,EMEA,267 Pine Blvd,53.533027,-2.278611,2023-06-22,6.0,407.25,4.83,evening,False,,0.106,grace.hansen354@example.com
CUS-0004154,Viktor Sharma,public_sector,none,ZN-000029,Mexico City,MX,LATAM,186 Park Way,19.333717,-99.118467,2024-02-21,20.0,509.76,4.36,any,True,48.0,0.233,viktor.sharma403@example.com
CUS-0004155,Nikolai Torres,public_sector,silver,ZN-000047,Jakarta,ID,APAC,389 Elm Way,-6.12054,106.864696,2020-08-29,8.0,806.49,4.47,afternoon,True,24.0,0.385,nikolai.torres14@example.com
CUS-0004156,Diego Garcia,smb,gold,ZN-000091,Shanghai,CN,APAC,30 Central Sq,31.155031,121.425519,2018-01-22,53.0,3784.99,4.16,any,True,,0.551,diego.garcia359@example.com
CUS-0004157,Anna Fernandez,retail_consumer,bronze,ZN-000154,Rome,IT,EMEA,284 Cedar St,41.977114,12.502253,2020-08-12,8.0,1000.42,4.03,evening,False,,0.329,anna.fernandez864@example.com
CUS-0004158,Anna Dubois,retail_consumer,platinum,ZN-000151,Delhi,IN,APAC,204 Pine Ave,28.690031,77.056057,2020-02-03,16.0,288.98,3.72,any,False,,0.307,anna.dubois685@example.com
CUS-0004159,Yuki Rahman,enterprise,silver,ZN-000208,London,GB,EMEA,39 Elm Blvd,51.444144,-0.087253,2022-09-26,341.0,8776.35,4.09,morning,True,24.0,0.161,yuki.rahman791@example.com
CUS-0004160,Omar Okafor,retail_consumer,gold,ZN-000245,Osaka,JP,APAC,340 Bridge St,34.709996,135.391816,2025-09-05,2.0,67.38,3.94,any,False,,0.266,omar.okafor288@example.com
CUS-0004161,Aisha Costa,retail_consumer,gold,ZN-000215,Krakow,PL,EMEA,142 Central Ave,50.003439,19.861223,2018-09-29,27.0,1792.58,3.38,afternoon,False,,0.25,aisha.costa150@example.com
CUS-0004162,Lucas Yilmaz,retail_consumer,none,ZN-000439,Stockholm,SE,EMEA,108 Pine Blvd,59.267724,18.219366,2022-12-05,8.0,223.86,3.86,evening,False,,0.287,lucas.yilmaz784@example.com
CUS-0004163,Freya Hansen,retail_consumer,none,ZN-000038,Atlanta,US,NA,413 Market Rd,34.015924,-84.813153,2019-05-22,19.0,2887.97,4.18,morning,False,,0.441,freya.hansen917@example.com
CUS-0004164,Rahul Bakker,retail_consumer,none,ZN-000113,Amsterdam,NL,EMEA,39 Depot Way,52.326692,4.82893,2018-06-03,13.0,227.43,3.21,afternoon,False,,0.141,rahul.bakker877@example.com
CUS-0004165,Tomas Ivanov,smb,gold,ZN-000072,Shanghai,CN,APAC,266 Victoria Dr,31.262091,121.529621,2021-03-23,25.0,2708.73,4.59,any,True,,0.14,tomas.ivanov735@example.com
CUS-0004166,Amara Costa,retail_consumer,none,ZN-000393,Rome,IT,EMEA,185 Union Dr,41.958373,12.616569,2022-11-10,3.0,78.14,5.0,afternoon,False,,0.219,amara.costa16@example.com
CUS-0004167,Tomas Petrov,enterprise,bronze,ZN-000232,Manchester,GB,EMEA,142 Riverside Rd,53.435557,-2.363811,2022-07-30,379.0,47347.74,4.24,afternoon,True,12.0,0.452,tomas.petrov675@example.com
CUS-0004168,Elena Rahman,retail_consumer,none,ZN-000102,Delhi,IN,APAC,60 Grove Rd,28.762897,77.149891,2025-06-22,4.0,119.06,3.72,evening,False,,0.05,elena.rahman394@example.com
CUS-0004169,Carlos Torres,smb,bronze,ZN-000138,Jakarta,ID,APAC,349 Warehouse Dr,-6.214126,106.930378,2022-07-28,23.0,651.98,4.41,evening,True,,0.575,carlos.torres53@example.com
CUS-0004170,Hugo Brown,smb,platinum,ZN-000494,Amsterdam,NL,EMEA,318 Harbour Rd,52.344707,5.060319,2019-08-05,19.0,1048.6,4.02,any,True,,0.298,hugo.brown256@example.com
CUS-0004171,Elena Brown,marketplace_seller,none,ZN-000063,London,GB,EMEA,140 Cedar Rd,51.632177,-0.098751,2018-11-08,4.0,118.66,4.24,afternoon,False,,0.443,elena.brown47@example.com
CUS-0004172,Leila Petrov,retail_consumer,none,ZN-000207,Berlin,DE,EMEA,237 Maple Ln,52.615944,13.414736,2018-03-20,4.0,234.58,4.44,any,False,,0.423,leila.petrov893@example.com
CUS-0004173,Anna Okafor,smb,none,ZN-000485,Stockholm,SE,EMEA,452 Park Rd,59.239149,18.381477,2019-03-19,10.0,508.32,3.16,afternoon,True,,0.415,anna.okafor239@example.com
CUS-0004174,Amara Garcia,retail_consumer,none,ZN-000107,London,GB,EMEA,426 Depot Ln,51.506029,-0.067246,2020-02-08,33.0,1253.24,3.84,evening,False,,0.001,amara.garcia432@example.com
CUS-0004175,Priya Nakamura,public_sector,bronze,ZN-000009,Shanghai,CN,APAC,120 Park Rd,31.235199,121.585212,2020-05-27,12.0,1335.17,5.0,any,True,48.0,0.346,priya.nakamura788@example.com
CUS-0004176,Amara Hansen,public_sector,silver,ZN-000193,London,GB,EMEA,66 Pine St,51.511219,-0.039261,2024-06-19,29.0,2115.03,3.7,any,True,24.0,0.266,amara.hansen962@example.com
CUS-0004177,Peter Brown,smb,silver,ZN-000210,Mexico City,MX,LATAM,202 Maple Ave,19.486173,-99.112674,2022-08-23,182.0,9756.16,2.47,evening,True,,0.067,peter.brown432@example.com
CUS-0004178,Viktor Rossi,retail_consumer,silver,ZN-000347,Rome,IT,EMEA,181 Market Way,41.903533,12.489383,2021-09-07,11.0,796.89,2.69,evening,False,,0.383,viktor.rossi136@example.com
CUS-0004179,Daniel Bakker,smb,none,ZN-000025,Jakarta,ID,APAC,257 Elm Blvd,-6.150685,106.79667,2020-11-25,11.0,1006.56,3.29,afternoon,True,,0.258,daniel.bakker160@example.com
CUS-0004180,Leila Rahman,retail_consumer,none,ZN-000198,London,GB,EMEA,57 Elm Rd,51.288179,-0.107603,2018-06-14,19.0,1098.07,3.18,evening,False,,0.474,leila.rahman252@example.com
CUS-0004181,Priya Hansen,marketplace_seller,gold,ZN-000179,Osaka,JP,APAC,270 Harbour Rd,34.701221,135.601719,2018-10-27,22.0,591.61,3.51,evening,False,,0.4,priya.hansen823@example.com
CUS-0004182,Nadia Ivanov,retail_consumer,none,ZN-000296,Sao Paulo,BR,LATAM,123 Bridge Blvd,-23.553043,-46.568524,2020-04-07,2.0,81.88,3.38,afternoon,False,,0.645,nadia.ivanov362@example.com
CUS-0004183,Peter Kowalski,retail_consumer,silver,ZN-000208,London,GB,EMEA,219 Warehouse Blvd,51.443543,-0.041211,2022-01-29,24.0,573.53,2.53,any,False,,0.0,peter.kowalski86@example.com
CUS-0004184,Isabella Sharma,retail_consumer,none,ZN-000173,Atlanta,US,NA,322 Grove Sq,33.315308,-84.683883,2022-06-02,40.0,956.74,4.35,afternoon,False,,0.405,isabella.sharma125@example.com
CUS-0004185,Zara Lindqvist,smb,none,ZN-000274,Sao Paulo,BR,LATAM,125 Station Sq,-23.624169,-46.702837,2019-08-08,14.0,515.43,3.77,any,True,,0.149,zara.lindqvist612@example.com
CUS-0004186,Freya Costa,enterprise,silver,ZN-000025,Jakarta,ID,APAC,305 Warehouse Ave,-6.165541,106.791914,2022-01-24,161.0,9781.11,4.86,afternoon,True,24.0,0.214,freya.costa41@example.com
CUS-0004187,Freya Zhang,public_sector,gold,ZN-000143,Delhi,IN,APAC,333 Victoria Sq,28.697728,77.202516,2024-02-26,13.0,334.88,4.16,morning,True,48.0,0.124,freya.zhang232@example.com
CUS-0004188,Nadia Lindqvist,smb,gold,ZN-000205,Rome,IT,EMEA,400 Station Blvd,41.922791,12.381353,2022-09-16,40.0,2256.73,4.55,afternoon,True,,0.0,nadia.lindqvist860@example.com
CUS-0004189,Jun Okafor,smb,platinum,ZN-000382,Shanghai,CN,APAC,352 Industrial Ave,31.223382,121.44169,2025-09-13,32.0,435.95,4.2,any,True,,0.405,jun.okafor114@example.com
CUS-0004190,Leila Kim,retail_consumer,bronze,ZN-000032,Manchester,GB,EMEA,302 Maple St,53.318514,-2.010778,2019-08-16,12.0,665.97,3.43,evening,False,,0.581,leila.kim933@example.com
CUS-0004191,Alex Yilmaz,retail_consumer,none,ZN-000339,Rome,IT,EMEA,439 Station Blvd,41.967416,12.410991,2018-04-06,7.0,436.58,3.16,evening,False,,0.116,alex.yilmaz415@example.com
CUS-0004192,Aisha Ivanov,marketplace_seller,platinum,ZN-000251,Jakarta,ID,APAC,315 Depot Sq,-6.273798,106.821101,2021-11-09,32.0,5346.29,4.6,afternoon,False,,0.29,aisha.ivanov509@example.com
CUS-0004193,Diego Torres,smb,bronze,ZN-000411,Berlin,DE,EMEA,31 Maple Way,52.560433,13.442198,2020-03-06,41.0,1509.49,3.34,afternoon,True,,0.584,diego.torres146@example.com
CUS-0004194,Priya Weber,retail_consumer,gold,ZN-000198,London,GB,EMEA,470 Oak Ave,51.288122,-0.085773,2021-11-21,2.0,119.78,4.0,morning,False,,0.332,priya.weber907@example.com
CUS-0004195,Priya Hansen,retail_consumer,bronze,ZN-000154,Rome,IT,EMEA,293 Market Blvd,41.962392,12.497849,2023-01-02,12.0,249.5,4.88,any,False,,0.617,priya.hansen113@example.com
CUS-0004196,Priya Nakamura,smb,silver,ZN-000330,Rome,IT,EMEA,394 Union Way,41.893519,12.376827,2024-12-17,14.0,898.75,3.98,any,True,,0.292,priya.nakamura144@example.com
CUS-0004197,Viktor Nguyen,retail_consumer,gold,ZN-000303,Rome,IT,EMEA,13 Industrial Blvd,41.982329,12.486553,2024-11-08,5.0,252.63,5.0,any,False,,0.275,viktor.nguyen835@example.com
CUS-0004198,Ivan Costa,retail_consumer,none,ZN-000172,Jakarta,ID,APAC,334 Central Rd,-6.15138,106.853882,2022-01-26,22.0,541.97,3.77,evening,False,,0.232,ivan.costa204@example.com
CUS-0004199,Lucas Yilmaz,retail_consumer,none,ZN-000057,Jakarta,ID,APAC,190 Park Dr,-6.288859,106.619461,2025-09-01,12.0,407.58,4.49,morning,False,,0.0,lucas.yilmaz779@example.com
CUS-0004200,Yuki Nakamura,smb,silver,ZN-000460,Krakow,PL,EMEA,440 Warehouse Ave,50.108702,19.849277,2021-09-23,14.0,1050.54,4.83,evening,True,,0.178,yuki.nakamura731@example.com
CUS-0004201,Viktor Kim,retail_consumer,silver,ZN-000283,Los Angeles,US,NA,33 Park Sq,34.087931,-118.26994,2019-10-18,15.0,559.65,4.12,afternoon,False,,0.302,viktor.kim799@example.com
CUS-0004202,Nadia Moreau,retail_consumer,bronze,ZN-000363,Bengaluru,IN,APAC,265 Station Sq,13.026444,77.588569,2022-11-28,25.0,6557.17,3.21,afternoon,False,,0.275,nadia.moreau317@example.com
CUS-0004203,Diego Smith,retail_consumer,none,ZN-000254,Manchester,GB,EMEA,429 Industrial Dr,53.450916,-2.709429,2020-10-22,3.0,220.45,5.0,afternoon,False,,0.17,diego.smith456@example.com
CUS-0004204,Lucas Bakker,retail_consumer,silver,ZN-000031,Rome,IT,EMEA,199 Depot Rd,41.786321,11.948209,2018-08-11,4.0,131.94,5.0,evening,False,,0.001,lucas.bakker898@example.com
CUS-0004205,Daniel Okafor,enterprise,platinum,ZN-000201,Amsterdam,NL,EMEA,331 Pine Ln,52.469665,4.89387,2023-07-01,91.0,2514.13,3.37,evening,True,48.0,0.0,daniel.okafor855@example.com
CUS-0004206,Alex Zhang,retail_consumer,none,ZN-000038,Atlanta,US,NA,392 Depot Dr,34.007113,-84.827538,2022-06-09,6.0,335.09,4.87,afternoon,False,,0.176,alex.zhang14@example.com
CUS-0004207,Viktor Rossi,smb,bronze,ZN-000303,Rome,IT,EMEA,328 Elm Way,41.976608,12.518538,2018-12-09,10.0,341.98,3.75,any,True,,0.557,viktor.rossi827@example.com
CUS-0004208,Isabella Smith,smb,none,ZN-000214,Berlin,DE,EMEA,38 Park Rd,52.621201,13.421487,2018-01-11,9.0,603.94,4.13,any,True,,0.193,isabella.smith796@example.com
CUS-0004209,Maria Okafor,marketplace_seller,gold,ZN-000282,Manchester,GB,EMEA,211 Park Rd,53.52744,-2.372468,2019-09-10,16.0,2596.95,3.65,any,False,,0.0,maria.okafor412@example.com
CUS-0004210,Daniel Nakamura,smb,none,ZN-000143,Delhi,IN,APAC,338 Riverside Sq,28.726208,77.216719,2021-06-16,35.0,2449.52,4.09,afternoon,True,,0.286,daniel.nakamura831@example.com
CUS-0004211,Daniel Yilmaz,smb,none,ZN-000081,Berlin,DE,EMEA,2 Elm Dr,52.519706,13.540397,2020-12-04,32.0,2251.14,4.75,evening,True,,0.194,daniel.yilmaz216@example.com
CUS-0004212,Rahul Novak,retail_consumer,bronze,ZN-000186,Mexico City,MX,LATAM,228 Riverside Sq,19.443095,-99.237839,2022-02-04,18.0,373.26,4.48,evening,False,,0.326,rahul.novak690@example.com
CUS-0004213,Amara Okafor,smb,none,ZN-000391,Stockholm,SE,EMEA,94 Depot Way,59.329111,17.815268,2018-07-02,54.0,822.98,4.18,afternoon,True,,0.601,amara.okafor992@example.com
CUS-0004214,Fatima Garcia,enterprise,none,ZN-000085,Osaka,JP,APAC,346 Kings Dr,34.610304,135.572542,2024-01-17,403.0,53300.53,3.98,afternoon,True,12.0,0.166,fatima.garcia41@example.com
CUS-0004215,Alex Smith,smb,none,ZN-000327,Los Angeles,US,NA,466 Harbour St,34.043391,-118.13636,2018-04-08,15.0,1582.18,5.0,evening,True,,0.184,alex.smith838@example.com
CUS-0004216,Aisha Kowalski,retail_consumer,none,ZN-000030,Krakow,PL,EMEA,412 Station St,49.975688,20.024774,2018-11-19,19.0,412.53,4.01,morning,False,,0.55,aisha.kowalski256@example.com
CUS-0004217,Rahul Torres,retail_consumer,silver,ZN-000352,Los Angeles,US,NA,398 Warehouse Sq,34.065108,-118.325321,2018-01-18,5.0,172.21,5.0,any,False,,0.22,rahul.torres467@example.com
CUS-0004218,Ivan Lindqvist,marketplace_seller,bronze,ZN-000426,Krakow,PL,EMEA,240 Pine Sq,49.898442,19.679482,2023-10-13,4.0,569.62,4.7,any,False,,0.407,ivan.lindqvist347@example.com
CUS-0004219,Anna Nguyen,retail_consumer,platinum,ZN-000306,Berlin,DE,EMEA,465 Station Blvd,52.512527,13.519749,2025-07-22,19.0,767.51,3.24,morning,False,,0.358,anna.nguyen356@example.com
CUS-0004220,Tomas Torres,smb,none,ZN-000222,Bengaluru,IN,APAC,175 Harbour Ln,12.990891,77.527041,2018-11-14,33.0,1396.12,5.0,evening,True,,0.0,tomas.torres290@example.com
CUS-0004221,Leila Costa,retail_consumer,platinum,ZN-000292,Krakow,PL,EMEA,457 Warehouse St,50.371854,19.165626,2020-02-19,17.0,293.66,3.92,any,False,,0.298,leila.costa283@example.com
CUS-0004222,Nadia Weber,retail_consumer,silver,ZN-000479,Delhi,IN,APAC,19 Industrial St,28.697144,77.114832,2021-06-29,5.0,173.61,3.52,evening,False,,0.258,nadia.weber881@example.com
CUS-0004223,Maria Rossi,retail_consumer,none,ZN-000065,Jakarta,ID,APAC,119 Elm Ln,-6.190278,106.819691,2024-01-16,2.0,468.94,3.69,morning,False,,0.269,maria.rossi382@example.com
CUS-0004224,Alex Zhang,retail_consumer,none,ZN-000479,Delhi,IN,APAC,336 Oak St,28.692166,77.143372,2021-02-03,16.0,778.97,5.0,any,False,,0.443,alex.zhang215@example.com
CUS-0004225,Anna Costa,retail_consumer,none,ZN-000118,London,GB,EMEA,64 Bridge Way,51.57383,-0.006472,2021-04-17,7.0,328.74,2.69,morning,False,,0.144,anna.costa468@example.com
CUS-0004226,Lucas Dubois,retail_consumer,none,ZN-000364,Manchester,GB,EMEA,127 Harbour Ln,53.548026,-2.153095,2019-08-09,3.0,142.76,4.6,morning,False,,0.047,lucas.dubois41@example.com
CUS-0004227,Chen Kim,retail_consumer,bronze,ZN-000179,Osaka,JP,APAC,134 Kings St,34.680716,135.585534,2018-06-18,7.0,283.2,5.0,any,False,,0.649,chen.kim997@example.com
CUS-0004228,Maria Bakker,retail_consumer,gold,ZN-000482,Sao Paulo,BR,LATAM,436 Depot Dr,-23.618424,-46.671186,2024-01-20,17.0,947.71,3.97,afternoon,False,,0.454,maria.bakker794@example.com
CUS-0004229,Freya Silva,retail_consumer,silver,ZN-000477,Shanghai,CN,APAC,400 Church Blvd,31.172459,121.54739,2019-11-04,9.0,274.36,4.55,any,False,,0.337,freya.silva169@example.com
CUS-0004230,Jun Nguyen,retail_consumer,bronze,ZN-000121,Shanghai,CN,APAC,120 Station Ave,31.175942,121.452908,2022-08-20,3.0,104.71,4.34,evening,False,,0.246,jun.nguyen267@example.com
CUS-0004231,Daniel Nguyen,smb,gold,ZN-000225,London,GB,EMEA,45 Warehouse Sq,51.524172,-0.121946,2018-03-18,165.0,5006.55,3.6,morning,True,,0.52,daniel.nguyen952@example.com
CUS-0004232,Grace Kim,smb,none,ZN-000278,Atlanta,US,NA,426 Church Ln,33.780794,-84.274859,2023-05-21,68.0,1532.03,4.5,afternoon,True,,0.135,grace.kim133@example.com
CUS-0004233,Marcus Bakker,retail_consumer,platinum,ZN-000437,Rome,IT,EMEA,246 Harbour Rd,41.890882,12.500159,2018-07-09,5.0,429.5,4.4,afternoon,False,,0.006,marcus.bakker598@example.com
CUS-0004234,Carlos Okafor,retail_consumer,bronze,ZN-000018,Krakow,PL,EMEA,405 Kings Ave,50.095211,19.890623,2023-05-23,3.0,386.14,4.17,morning,False,,0.229,carlos.okafor487@example.com
CUS-0004235,Alex Muller,enterprise,bronze,ZN-000114,London,GB,EMEA,393 Central Way,51.829218,-0.678353,2025-04-29,89.0,2671.31,3.56,evening,True,48.0,0.302,alex.muller485@example.com
CUS-0004236,Viktor Kowalski,retail_consumer,none,ZN-000439,Stockholm,SE,EMEA,98 Oak Sq,59.280407,18.177138,2018-11-11,9.0,453.75,4.21,any,False,,0.049,viktor.kowalski15@example.com
CUS-0004237,Leila Moreau,retail_consumer,gold,ZN-000124,London,GB,EMEA,5 Industrial Ave,51.502535,-0.035469,2022-11-01,6.0,1938.5,3.22,evening,False,,0.237,leila.moreau451@example.com
CUS-0004238,Chen Kim,smb,none,ZN-000019,Krakow,PL,EMEA,238 Depot Ave,50.050543,19.966756,2025-04-30,48.0,893.97,4.44,evening,True,,0.282,chen.kim765@example.com
CUS-0004239,Rahul Kim,retail_consumer,gold,ZN-000259,Amsterdam,NL,EMEA,36 Maple Sq,52.475812,4.915869,2025-10-30,13.0,1130.23,4.55,morning,False,,0.271,rahul.kim342@example.com
CUS-0004240,Nikolai Torres,smb,silver,ZN-000255,Los Angeles,US,NA,454 Oak Blvd,34.046723,-118.165164,2025-07-14,27.0,1959.9,4.14,afternoon,True,,0.0,nikolai.torres441@example.com
CUS-0004241,Nikolai Silva,retail_consumer,silver,ZN-000238,Rome,IT,EMEA,235 Bridge Ln,41.927747,12.496423,2021-01-22,5.0,111.76,3.47,any,False,,0.397,nikolai.silva763@example.com
CUS-0004242,Chen Petrov,retail_consumer,none,ZN-000421,Shanghai,CN,APAC,110 Riverside Rd,31.142635,121.41618,2018-12-06,6.0,259.85,4.75,morning,False,,0.194,chen.petrov162@example.com
CUS-0004243,Jun Moreau,enterprise,none,ZN-000274,Sao Paulo,BR,LATAM,74 Bridge Ave,-23.646299,-46.681376,2020-07-22,502.0,32745.78,2.8,afternoon,True,12.0,0.154,jun.moreau349@example.com
CUS-0004244,Maria Torres,retail_consumer,bronze,ZN-000392,London,GB,EMEA,267 Park Way,51.49064,-0.013318,2022-06-11,22.0,1568.43,3.06,evening,False,,0.414,maria.torres350@example.com
CUS-0004245,Peter Petrov,enterprise,gold,ZN-000259,Amsterdam,NL,EMEA,454 Central Dr,52.453687,4.899868,2023-11-21,82.0,3172.18,5.0,any,True,24.0,0.0,peter.petrov310@example.com
CUS-0004246,Maria Silva,retail_consumer,platinum,ZN-000335,Krakow,PL,EMEA,445 Depot Rd,50.044562,20.018841,2020-03-18,5.0,345.81,3.69,morning,False,,0.12,maria.silva57@example.com
CUS-0004247,Yuki Muller,retail_consumer,gold,ZN-000346,Amsterdam,NL,EMEA,258 Warehouse Dr,52.307821,4.94814,2024-04-20,4.0,143.12,3.94,afternoon,False,,0.248,yuki.muller111@example.com
CUS-0004248,Priya Novak,retail_consumer,gold,ZN-000031,Rome,IT,EMEA,78 Pine Rd,41.786382,11.949939,2024-08-14,6.0,178.9,3.86,evening,False,,0.04,priya.novak707@example.com
CUS-0004249,Leila Brown,enterprise,silver,ZN-000048,Krakow,PL,EMEA,141 Market St,49.920671,20.224863,2019-10-23,71.0,2512.25,3.85,any,True,24.0,0.051,leila.brown760@example.com
CUS-0004250,Yuki Moreau,smb,none,ZN-000307,Manchester,GB,EMEA,334 Oak Ln,53.529127,-2.192054,2018-03-23,9.0,293.08,4.47,morning,True,,0.122,yuki.moreau561@example.com
CUS-0004251,Freya Brown,smb,bronze,ZN-000400,Amsterdam,NL,EMEA,35 Park Rd,52.415454,4.819682,2018-06-10,43.0,1692.4,4.31,any,True,,0.255,freya.brown414@example.com
CUS-0004252,Freya Nguyen,enterprise,silver,ZN-000115,Krakow,PL,EMEA,238 Bridge Ln,50.010276,19.941895,2020-09-14,1656.0,35692.77,4.03,evening,True,48.0,0.0,freya.nguyen748@example.com
CUS-0004253,Nadia Weber,smb,silver,ZN-000135,Manchester,GB,EMEA,152 Kings Blvd,53.413636,-2.129961,2024-03-20,19.0,660.49,4.78,evening,True,,0.541,nadia.weber10@example.com
CUS-0004254,Aisha Petrov,retail_consumer,silver,ZN-000309,Krakow,PL,EMEA,304 Oak Sq,49.961912,19.616589,2021-06-04,16.0,635.08,4.21,evening,False,,0.333,aisha.petrov333@example.com
CUS-0004255,Ivan Fernandez,retail_consumer,gold,ZN-000337,Shanghai,CN,APAC,129 Kings Sq,31.195674,121.455941,2020-01-02,5.0,377.76,4.26,afternoon,False,,0.197,ivan.fernandez55@example.com
CUS-0004256,Viktor Zhang,retail_consumer,gold,ZN-000371,Amsterdam,NL,EMEA,478 Elm Sq,52.314375,4.953514,2022-09-21,18.0,358.77,3.78,afternoon,False,,0.445,viktor.zhang641@example.com
CUS-0004257,Hugo Rahman,marketplace_seller,bronze,ZN-000280,Manchester,GB,EMEA,384 Central Way,54.067808,-2.05409,2025-05-15,8.0,407.62,3.32,evening,False,,0.423,hugo.rahman357@example.com
CUS-0004258,Elena Novak,retail_consumer,none,ZN-000059,Rome,IT,EMEA,181 Grove St,41.943181,12.527439,2023-05-24,20.0,2650.29,3.9,evening,False,,0.302,elena.novak612@example.com
CUS-0004259,Alex Fernandez,retail_consumer,bronze,ZN-000324,Rome,IT,EMEA,11 Central St,41.950549,12.592499,2023-09-12,21.0,1941.32,4.66,afternoon,False,,0.056,alex.fernandez658@example.com
CUS-0004260,Freya Brown,retail_consumer,silver,ZN-000294,Berlin,DE,EMEA,9 Central Blvd,52.001238,12.86714,2021-01-30,3.0,208.97,3.32,morning,False,,0.37,freya.brown512@example.com
CUS-0004261,Jun Hansen,smb,none,ZN-000490,London,GB,EMEA,360 Church Blvd,51.47115,0.034367,2023-09-28,133.0,3698.58,4.23,afternoon,True,,0.139,jun.hansen964@example.com
CUS-0004262,Mateo Lindqvist,enterprise,bronze,ZN-000037,Sao Paulo,BR,LATAM,203 Market Way,-23.582259,-46.60273,2019-01-28,230.0,19843.23,4.16,evening,True,48.0,0.091,mateo.lindqvist593@example.com
CUS-0004263,Peter Brown,retail_consumer,gold,ZN-000271,London,GB,EMEA,213 Cedar Ln,51.423727,-0.267369,2023-04-27,12.0,488.57,3.09,any,False,,0.311,peter.brown576@example.com
CUS-0004264,Elena Sharma,retail_consumer,platinum,ZN-000378,Manchester,GB,EMEA,438 Victoria St,52.930229,-1.962675,2024-03-07,5.0,170.35,4.64,morning,False,,0.403,elena.sharma984@example.com
CUS-0004265,Diego Lindqvist,public_sector,bronze,ZN-000436,Mexico City,MX,LATAM,264 Kings Way,19.801365,-98.745208,2018-01-08,6.0,212.36,3.92,afternoon,True,48.0,0.339,diego.lindqvist229@example.com
CUS-0004266,Omar Costa,smb,bronze,ZN-000156,Atlanta,US,NA,73 Church Rd,33.841119,-84.369289,2022-04-22,66.0,4128.38,4.75,afternoon,True,,0.166,omar.costa193@example.com
CUS-0004267,Rahul Smith,retail_consumer,none,ZN-000015,Osaka,JP,APAC,282 Station Rd,34.693333,135.546305,2021-01-11,6.0,397.82,4.71,morning,False,,0.049,rahul.smith141@example.com
CUS-0004268,Marcus Bakker,enterprise,none,ZN-000437,Rome,IT,EMEA,466 Grove St,41.896856,12.504609,2025-04-03,165.0,12219.26,4.13,evening,True,48.0,0.154,marcus.bakker430@example.com
CUS-0004269,Jun Dubois,marketplace_seller,platinum,ZN-000442,Amsterdam,NL,EMEA,412 Market Dr,52.41713,4.913185,2020-05-10,4.0,604.32,4.27,evening,False,,0.05,jun.dubois276@example.com
CUS-0004270,Omar Okafor,enterprise,none,ZN-000433,Bengaluru,IN,APAC,127 Industrial Rd,12.964888,77.517458,2023-07-23,119.0,2864.71,3.09,afternoon,True,12.0,0.675,omar.okafor758@example.com
CUS-0004271,Hugo Novak,smb,silver,ZN-000329,Jakarta,ID,APAC,113 Grove St,-6.18507,106.861384,2022-09-11,42.0,7891.91,4.23,morning,True,,0.456,hugo.novak439@example.com
CUS-0004272,Hugo Nakamura,enterprise,none,ZN-000245,Osaka,JP,APAC,439 Victoria Way,34.724734,135.401359,2023-08-28,134.0,6429.97,3.77,morning,True,12.0,0.244,hugo.nakamura944@example.com
CUS-0004273,Alex Smith,retail_consumer,bronze,ZN-000351,London,GB,EMEA,165 Victoria Ln,51.441226,-0.150244,2022-10-17,3.0,79.52,5.0,evening,False,,0.438,alex.smith736@example.com
CUS-0004274,Amara Rahman,public_sector,silver,ZN-000072,Shanghai,CN,APAC,183 Oak St,31.253051,121.504977,2018-11-19,8.0,364.7,3.8,morning,True,48.0,0.495,amara.rahman451@example.com
CUS-0004275,Peter Rahman,retail_consumer,none,ZN-000234,Krakow,PL,EMEA,63 Kings Ln,50.076906,19.887816,2024-05-05,21.0,1213.25,3.44,any,False,,0.766,peter.rahman986@example.com
CUS-0004276,Rahul Weber,retail_consumer,none,ZN-000073,Amsterdam,NL,EMEA,261 Pine Way,52.299622,4.794257,2025-03-28,44.0,1865.99,4.02,morning,False,,0.277,rahul.weber464@example.com
CUS-0004277,Alex Kowalski,smb,none,ZN-000224,Stockholm,SE,EMEA,202 Victoria St,59.387832,18.11641,2024-09-13,13.0,366.42,5.0,afternoon,True,,0.326,alex.kowalski155@example.com
CUS-0004278,Isabella Moreau,retail_consumer,none,ZN-000485,Stockholm,SE,EMEA,9 Park Rd,59.236788,18.301321,2018-07-17,14.0,1109.09,4.91,evening,False,,0.348,isabella.moreau87@example.com
CUS-0004279,Diego Rossi,public_sector,none,ZN-000489,Manchester,GB,EMEA,193 Pine Blvd,53.548749,-2.287892,2021-06-21,4.0,143.06,3.7,any,True,24.0,0.228,diego.rossi338@example.com
CUS-0004280,Diego Weber,retail_consumer,none,ZN-000318,Shanghai,CN,APAC,436 Depot Ln,31.131829,121.496808,2024-11-02,15.0,2115.9,3.13,evening,False,,0.579,diego.weber540@example.com
CUS-0004281,Hugo Rossi,retail_consumer,silver,ZN-000084,Manchester,GB,EMEA,28 Depot Sq,53.5034,-2.141987,2021-11-14,16.0,390.94,4.2,any,False,,0.213,hugo.rossi532@example.com
CUS-0004282,Nadia Yilmaz,retail_consumer,silver,ZN-000079,Delhi,IN,APAC,379 Union Rd,28.716688,77.111876,2022-03-29,19.0,758.86,4.74,evening,False,,0.083,nadia.yilmaz273@example.com
CUS-0004283,Mateo Smith,smb,bronze,ZN-000441,Mexico City,MX,LATAM,479 Victoria Ln,19.485895,-99.137192,2019-11-21,27.0,1157.09,3.79,any,True,,0.401,mateo.smith437@example.com
CUS-0004284,Zara Ivanov,retail_consumer,none,ZN-000340,London,GB,EMEA,401 Oak Ave,51.532041,-0.116458,2025-10-16,5.0,235.29,3.17,morning,False,,0.247,zara.ivanov700@example.com
CUS-0004285,Nadia Yilmaz,enterprise,gold,ZN-000172,Jakarta,ID,APAC,333 Pine Way,-6.110644,106.830555,2020-02-07,167.0,10448.08,4.12,any,True,12.0,0.167,nadia.yilmaz102@example.com
CUS-0004286,Diego Weber,marketplace_seller,bronze,ZN-000146,London,GB,EMEA,5 Bridge Dr,51.559807,-0.170527,2019-06-30,9.0,461.51,5.0,morning,False,,0.41,diego.weber832@example.com
CUS-0004287,Peter Petrov,retail_consumer,none,ZN-000472,Sao Paulo,BR,LATAM,11 Warehouse Ave,-23.508891,-46.640824,2025-09-19,21.0,1013.93,3.77,morning,False,,0.159,peter.petrov573@example.com
CUS-0004288,Marcus Yilmaz,retail_consumer,silver,ZN-000477,Shanghai,CN,APAC,373 Warehouse Ln,31.161603,121.551514,2023-08-09,9.0,737.21,3.08,any,False,,0.173,marcus.yilmaz387@example.com
CUS-0004289,Viktor Moreau,retail_consumer,silver,ZN-000302,Delhi,IN,APAC,475 Warehouse St,28.785379,77.109474,2020-12-26,13.0,306.19,3.09,morning,False,,0.332,viktor.moreau724@example.com
CUS-0004290,Ivan Zhang,retail_consumer,bronze,ZN-000161,Delhi,IN,APAC,249 Station Rd,28.759241,77.192135,2025-11-04,5.0,207.19,3.83,evening,False,,0.592,ivan.zhang918@example.com
CUS-0004291,Hugo Rossi,retail_consumer,none,ZN-000213,Osaka,JP,APAC,48 Bridge Blvd,34.762103,135.498781,2020-04-13,19.0,835.52,2.77,any,False,,0.113,hugo.rossi515@example.com
CUS-0004292,Tomas Moreau,marketplace_seller,none,ZN-000350,Stockholm,SE,EMEA,193 Kings Ln,59.12329,17.864184,2023-12-30,23.0,1538.18,4.44,evening,False,,0.173,tomas.moreau228@example.com
CUS-0004293,Nadia Rahman,public_sector,silver,ZN-000078,Berlin,DE,EMEA,309 Industrial Ln,52.543818,13.331396,2019-06-17,5.0,90.66,3.92,afternoon,True,12.0,0.215,nadia.rahman126@example.com
CUS-0004294,Omar Yilmaz,retail_consumer,silver,ZN-000264,Shanghai,CN,APAC,266 Pine Ln,31.225741,121.370684,2020-09-17,4.0,56.09,3.36,afternoon,False,,0.0,omar.yilmaz134@example.com
CUS-0004295,Chen Bakker,public_sector,none,ZN-000432,Atlanta,US,NA,305 Victoria Sq,33.792063,-84.313365,2023-04-15,15.0,1295.58,4.06,evening,True,12.0,0.397,chen.bakker949@example.com
CUS-0004296,Grace Costa,marketplace_seller,bronze,ZN-000438,Bengaluru,IN,APAC,137 Industrial Rd,12.987672,77.562481,2019-03-16,5.0,540.89,5.0,any,False,,0.164,grace.costa439@example.com
CUS-0004297,Omar Fernandez,smb,silver,ZN-000029,Mexico City,MX,LATAM,150 Church Ln,19.342417,-99.105135,2024-01-25,19.0,824.39,4.9,afternoon,True,,0.303,omar.fernandez494@example.com
CUS-0004298,Amara Moreau,retail_consumer,silver,ZN-000027,Krakow,PL,EMEA,306 Pine Way,50.005077,19.969135,2025-02-18,4.0,71.78,4.37,evening,False,,0.38,amara.moreau315@example.com
CUS-0004299,Daniel Torres,retail_consumer,gold,ZN-000077,Krakow,PL,EMEA,364 Depot Ln,50.077062,19.900587,2022-12-17,6.0,334.41,4.21,any,False,,0.379,daniel.torres783@example.com
CUS-0004300,Anna Nguyen,retail_consumer,none,ZN-000374,Delhi,IN,APAC,53 Cedar Ln,28.71109,77.059386,2021-02-13,7.0,173.54,3.35,evening,False,,0.418,anna.nguyen5@example.com
CUS-0004301,Daniel Zhang,smb,none,ZN-000470,Shanghai,CN,APAC,265 Victoria St,31.224678,121.399485,2018-09-07,10.0,136.98,4.72,morning,True,,0.268,daniel.zhang350@example.com
CUS-0004302,Lucas Weber,enterprise,none,ZN-000468,Krakow,PL,EMEA,66 Elm Ln,49.985356,19.924016,2022-05-01,842.0,40899.25,4.24,afternoon,True,48.0,0.441,lucas.weber970@example.com
CUS-0004303,Marcus Novak,enterprise,silver,ZN-000225,London,GB,EMEA,46 Pine Rd,51.535782,-0.151002,2024-02-22,568.0,33489.18,5.0,any,True,12.0,0.333,marcus.novak753@example.com
CUS-0004304,Lucas Lindqvist,enterprise,silver,ZN-000371,Amsterdam,NL,EMEA,66 Park Sq,52.303673,4.956712,2024-01-23,124.0,3418.03,4.68,afternoon,True,48.0,0.117,lucas.lindqvist209@example.com
CUS-0004305,Sofia Dubois,smb,none,ZN-000145,London,GB,EMEA,446 Maple Blvd,51.496023,-0.092755,2024-06-14,39.0,960.83,4.27,afternoon,True,,0.276,sofia.dubois749@example.com
CUS-0004306,Fatima Sharma,smb,silver,ZN-000184,London,GB,EMEA,418 Oak St,51.48765,-0.068901,2020-04-23,27.0,1487.12,3.24,evening,True,,0.015,fatima.sharma826@example.com
CUS-0004307,Alex Dubois,retail_consumer,none,ZN-000418,Krakow,PL,EMEA,82 Elm Sq,49.800208,20.380475,2025-08-15,8.0,3800.48,4.87,afternoon,False,,0.211,alex.dubois929@example.com
CUS-0004308,Aisha Yilmaz,marketplace_seller,gold,ZN-000327,Los Angeles,US,NA,312 Central Rd,34.054614,-118.110036,2021-04-19,15.0,985.43,4.69,afternoon,False,,0.234,aisha.yilmaz788@example.com
CUS-0004309,Nadia Silva,smb,none,ZN-000345,Stockholm,SE,EMEA,103 Riverside St,59.409237,18.011937,2023-04-16,13.0,398.93,2.45,afternoon,True,,0.581,nadia.silva505@example.com
CUS-0004310,Nadia Yilmaz,retail_consumer,bronze,ZN-000315,Jakarta,ID,APAC,174 Union Way,-6.193254,106.831698,2023-06-30,15.0,1479.84,2.66,any,False,,0.356,nadia.yilmaz495@example.com
CUS-0004311,Ivan Rahman,smb,none,ZN-000382,Shanghai,CN,APAC,256 Church Sq,31.210315,121.459007,2023-08-24,16.0,916.3,4.98,evening,True,,0.273,ivan.rahman943@example.com
CUS-0004312,Jun Silva,retail_consumer,none,ZN-000212,Atlanta,US,NA,56 Bridge St,33.59428,-84.539361,2024-04-22,15.0,713.82,3.83,evening,False,,0.312,jun.silva603@example.com
CUS-0004313,Amara Okafor,retail_consumer,gold,ZN-000392,London,GB,EMEA,21 Grove Ave,51.501337,0.061891,2024-04-11,6.0,370.08,3.53,evening,False,,0.465,amara.okafor236@example.com
CUS-0004314,Omar Nakamura,smb,bronze,ZN-000441,Mexico City,MX,LATAM,354 Pine Rd,19.514862,-99.171101,2023-06-08,35.0,4336.82,4.25,any,True,,0.422,omar.nakamura242@example.com
CUS-0004315,Amara Dubois,smb,none,ZN-000003,London,GB,EMEA,400 Riverside St,51.544308,-0.075829,2018-09-16,28.0,727.51,3.23,evening,True,,0.574,amara.dubois877@example.com
CUS-0004316,Viktor Petrov,smb,bronze,ZN-000168,Krakow,PL,EMEA,386 Warehouse St,49.851431,19.786144,2021-12-16,14.0,1199.38,3.99,any,True,,0.278,viktor.petrov660@example.com
CUS-0004317,Peter Nguyen,marketplace_seller,none,ZN-000474,Delhi,IN,APAC,187 Warehouse St,28.642565,77.072036,2021-01-11,7.0,196.81,4.58,evening,False,,0.291,peter.nguyen954@example.com
CUS-0004318,Elena Petrov,retail_consumer,silver,ZN-000281,Mexico City,MX,LATAM,317 Bridge St,19.436486,-99.236523,2018-11-01,18.0,672.03,4.38,afternoon,False,,0.214,elena.petrov555@example.com
CUS-0004319,Amara Okafor,marketplace_seller,bronze,ZN-000088,Shanghai,CN,APAC,12 Depot Ln,31.219816,121.548934,2024-06-06,25.0,2166.05,3.84,any,False,,0.557,amara.okafor447@example.com
CUS-0004320,Omar Rossi,retail_consumer,bronze,ZN-000032,Manchester,GB,EMEA,314 Victoria St,53.285082,-1.97884,2025-01-30,5.0,142.63,4.24,evening,False,,0.135,omar.rossi905@example.com
CUS-0004321,Leila Brown,retail_consumer,bronze,ZN-000053,Shanghai,CN,APAC,316 Union Way,31.248643,121.52065,2021-10-20,8.0,293.33,4.34,morning,False,,0.388,leila.brown868@example.com
CUS-0004322,Fatima Yilmaz,retail_consumer,none,ZN-000168,Krakow,PL,EMEA,194 Victoria Rd,49.892818,19.785944,2022-05-22,13.0,625.84,4.07,any,False,,0.659,fatima.yilmaz358@example.com
CUS-0004323,Freya Smith,retail_consumer,none,ZN-000109,Atlanta,US,NA,75 Riverside Way,33.949551,-84.34724,2024-04-12,42.0,3945.14,5.0,morning,False,,0.528,freya.smith119@example.com
CUS-0004324,Hugo Smith,marketplace_seller,none,ZN-000343,Mexico City,MX,LATAM,412 Cedar Dr,19.453071,-99.069052,2019-07-03,11.0,1277.36,2.87,any,False,,0.286,hugo.smith483@example.com
CUS-0004325,Freya Zhang,retail_consumer,silver,ZN-000341,Sao Paulo,BR,LATAM,421 Grove Ave,-23.607584,-46.699603,2018-12-21,12.0,436.96,2.9,afternoon,False,,0.332,freya.zhang960@example.com
CUS-0004326,Daniel Zhang,retail_consumer,gold,ZN-000403,Atlanta,US,NA,163 Riverside Blvd,33.927282,-84.482202,2022-08-18,8.0,381.47,3.01,afternoon,False,,0.296,daniel.zhang771@example.com
CUS-0004327,Freya Dubois,retail_consumer,bronze,ZN-000484,Atlanta,US,NA,396 Oak Ave,33.778711,-84.454007,2019-08-20,14.0,376.81,4.06,afternoon,False,,0.229,freya.dubois632@example.com
CUS-0004328,Peter Nakamura,smb,none,ZN-000142,Manchester,GB,EMEA,99 Harbour Ln,53.211541,-2.291982,2019-08-01,15.0,693.0,4.41,afternoon,True,,0.55,peter.nakamura419@example.com
CUS-0004329,Fatima Ali,retail_consumer,bronze,ZN-000098,Rome,IT,EMEA,138 Market Way,41.882015,13.226011,2024-04-16,28.0,2317.53,4.11,evening,False,,0.415,fatima.ali420@example.com
CUS-0004330,Daniel Brown,retail_consumer,gold,ZN-000108,Krakow,PL,EMEA,161 Cedar Sq,50.052913,20.015046,2018-06-09,5.0,140.85,3.28,evening,False,,0.277,daniel.brown349@example.com
CUS-0004331,Hugo Hansen,retail_consumer,none,ZN-000182,Manchester,GB,EMEA,131 Station Rd,53.452459,-2.529994,2022-05-06,12.0,924.48,4.66,evening,False,,0.214,hugo.hansen896@example.com
CUS-0004332,Nikolai Sharma,retail_consumer,gold,ZN-000115,Krakow,PL,EMEA,84 Pine Dr,49.977047,19.926177,2021-04-26,5.0,143.21,3.46,evening,False,,0.297,nikolai.sharma341@example.com
CUS-0004333,Nadia Rossi,retail_consumer,none,ZN-000112,London,GB,EMEA,183 Park Ave,51.608859,-0.131748,2023-07-24,8.0,416.82,3.72,morning,False,,0.261,nadia.rossi366@example.com
CUS-0004334,Aisha Silva,enterprise,none,ZN-000290,Rome,IT,EMEA,357 Elm Blvd,41.956654,12.357052,2019-04-12,486.0,10731.22,4.53,evening,True,48.0,0.104,aisha.silva253@example.com
CUS-0004335,Peter Zhang,retail_consumer,bronze,ZN-000171,London,GB,EMEA,221 Central Rd,51.930967,-0.322438,2019-09-16,17.0,4035.11,4.29,evening,False,,0.0,peter.zhang314@example.com
CUS-0004336,Tomas Kim,retail_consumer,none,ZN-000437,Rome,IT,EMEA,322 Station Way,41.894281,12.530825,2023-10-09,11.0,1097.35,4.98,any,False,,0.286,tomas.kim486@example.com
CUS-0004337,Isabella Ali,retail_consumer,none,ZN-000487,London,GB,EMEA,72 Church Ln,51.585672,-0.125378,2022-06-14,6.0,704.17,3.21,morning,False,,0.237,isabella.ali74@example.com
CUS-0004338,Alex Ivanov,public_sector,none,ZN-000451,London,GB,EMEA,374 Riverside Blvd,51.57369,-0.126131,2025-12-01,5.0,78.82,4.29,morning,True,48.0,0.388,alex.ivanov162@example.com
CUS-0004339,Mateo Zhang,smb,none,ZN-000284,Bengaluru,IN,APAC,271 Park Sq,13.022315,77.544377,2022-07-23,17.0,298.61,4.32,any,True,,0.237,mateo.zhang414@example.com
CUS-0004340,Tomas Brown,retail_consumer,bronze,ZN-000496,Osaka,JP,APAC,478 Riverside St,34.60973,135.465374,2023-01-08,15.0,396.09,3.92,afternoon,False,,0.586,tomas.brown122@example.com
CUS-0004341,Nikolai Ivanov,retail_consumer,platinum,ZN-000045,Rome,IT,EMEA,186 Maple St,41.979122,12.594551,2023-06-20,8.0,257.88,3.22,any,False,,0.503,nikolai.ivanov332@example.com
CUS-0004342,Hugo Moreau,retail_consumer,bronze,ZN-000400,Amsterdam,NL,EMEA,5 Church Rd,52.418393,4.793534,2020-02-13,9.0,265.9,4.44,evening,False,,0.296,hugo.moreau820@example.com
CUS-0004343,Aisha Dubois,smb,none,ZN-000376,Rome,IT,EMEA,276 Pine Ln,41.833849,12.489072,2020-05-14,116.0,2289.93,3.1,any,True,,0.633,aisha.dubois651@example.com
CUS-0004344,Tomas Kowalski,retail_consumer,silver,ZN-000071,Shanghai,CN,APAC,451 Pine Dr,31.183547,121.481167,2021-05-08,8.0,280.09,3.63,evening,False,,0.185,tomas.kowalski552@example.com
CUS-0004345,Hugo Moreau,smb,silver,ZN-000095,Rome,IT,EMEA,256 Central Way,41.913666,12.159835,2018-11-15,7.0,161.73,3.12,afternoon,True,,0.089,hugo.moreau280@example.com
CUS-0004346,Carlos Costa,smb,silver,ZN-000311,Krakow,PL,EMEA,144 Victoria St,50.410522,20.050018,2022-03-09,20.0,1186.33,4.02,morning,True,,0.163,carlos.costa139@example.com
CUS-0004347,Yuki Kowalski,retail_consumer,none,ZN-000087,Osaka,JP,APAC,471 Riverside Dr,34.662296,135.461671,2019-01-04,20.0,320.56,3.27,afternoon,False,,0.128,yuki.kowalski998@example.com
CUS-0004348,Omar Silva,retail_consumer,none,ZN-000390,Stockholm,SE,EMEA,245 Church Ln,59.308589,17.997682,2022-06-23,3.0,664.03,5.0,morning,False,,0.568,omar.silva455@example.com
CUS-0004349,Marcus Nguyen,enterprise,bronze,ZN-000002,Krakow,PL,EMEA,329 Depot Sq,50.100366,19.899088,2021-12-02,342.0,26311.9,5.0,any,True,48.0,0.067,marcus.nguyen675@example.com
CUS-0004350,Isabella Garcia,retail_consumer,none,ZN-000260,Atlanta,US,NA,416 Church Blvd,33.736777,-84.410188,2021-03-13,6.0,405.0,4.49,evening,False,,0.245,isabella.garcia985@example.com
CUS-0004351,Yuki Ivanov,smb,none,ZN-000002,Krakow,PL,EMEA,275 Grove Ln,50.081227,19.88448,2025-04-04,55.0,1096.86,3.96,evening,True,,0.306,yuki.ivanov975@example.com
CUS-0004352,Carlos Petrov,retail_consumer,bronze,ZN-000194,Delhi,IN,APAC,156 Union Rd,28.62003,77.064728,2025-08-28,4.0,172.2,3.49,any,False,,0.177,carlos.petrov499@example.com
CUS-0004353,Mateo Rahman,retail_consumer,platinum,ZN-000262,Shanghai,CN,APAC,96 Market Dr,31.235576,121.383352,2019-05-05,3.0,69.78,4.62,morning,False,,0.117,mateo.rahman545@example.com
CUS-0004354,Amara Petrov,retail_consumer,none,ZN-000005,Krakow,PL,EMEA,387 Bridge Sq,50.183665,19.964294,2018-01-09,21.0,1223.14,4.1,morning,False,,0.279,amara.petrov167@example.com
CUS-0004355,Lucas Muller,marketplace_seller,none,ZN-000169,Rome,IT,EMEA,218 Oak Way,41.963021,12.548618,2021-04-18,28.0,1013.55,2.11,afternoon,False,,0.341,lucas.muller13@example.com
CUS-0004356,Amara Dubois,smb,none,ZN-000195,Krakow,PL,EMEA,50 Market Ln,50.034189,20.068698,2021-03-17,66.0,5213.23,4.52,afternoon,True,,0.247,amara.dubois792@example.com
CUS-0004357,Grace Kowalski,retail_consumer,none,ZN-000026,Manchester,GB,EMEA,296 Elm Rd,53.550701,-2.315668,2023-05-11,11.0,3202.8,3.44,any,False,,0.093,grace.kowalski208@example.com
CUS-0004358,Lucas Torres,smb,none,ZN-000159,London,GB,EMEA,186 Oak St,51.452013,-0.083952,2023-12-28,34.0,1066.0,4.32,evening,True,,0.497,lucas.torres13@example.com
CUS-0004359,Elena Petrov,retail_consumer,none,ZN-000187,Atlanta,US,NA,101 Church Dr,33.7484,-84.068193,2023-12-13,56.0,7041.24,4.58,evening,False,,0.142,elena.petrov771@example.com
CUS-0004360,Daniel Costa,marketplace_seller,gold,ZN-000062,London,GB,EMEA,131 Depot St,51.505973,-0.039508,2021-11-27,13.0,990.56,4.2,evening,False,,0.414,daniel.costa487@example.com
CUS-0004361,Sofia Muller,smb,silver,ZN-000324,Rome,IT,EMEA,327 Station Sq,41.962658,12.573386,2021-10-23,50.0,4108.89,3.09,morning,True,,0.196,sofia.muller249@example.com
CUS-0004362,Nikolai Torres,enterprise,none,ZN-000067,Los Angeles,US,NA,479 Bridge Blvd,33.83082,-118.211619,2025-03-28,520.0,38216.21,3.94,evening,True,48.0,0.439,nikolai.torres83@example.com
CUS-0004363,Priya Dubois,retail_consumer,bronze,ZN-000243,Bengaluru,IN,APAC,155 Cedar Rd,12.923311,77.660156,2023-06-30,19.0,2062.36,4.3,evening,False,,0.077,priya.dubois822@example.com
CUS-0004364,Chen Weber,retail_consumer,none,ZN-000374,Delhi,IN,APAC,339 Station Dr,28.691279,77.094302,2020-04-11,8.0,288.65,4.66,evening,False,,0.27,chen.weber334@example.com
CUS-0004365,Peter Moreau,smb,bronze,ZN-000144,Stockholm,SE,EMEA,209 Industrial St,59.41604,18.016525,2022-02-03,14.0,386.6,4.04,afternoon,True,,0.331,peter.moreau197@example.com
CUS-0004366,Omar Bakker,enterprise,none,ZN-000196,Amsterdam,NL,EMEA,8 Station Blvd,52.336205,4.981523,2025-09-01,345.0,7512.41,5.0,evening,True,12.0,0.075,omar.bakker863@example.com
CUS-0004367,Chen Dubois,marketplace_seller,none,ZN-000178,Bengaluru,IN,APAC,245 Union St,12.947494,77.506738,2025-11-30,2.0,64.53,3.9,evening,False,,0.126,chen.dubois767@example.com
CUS-0004368,Elena Moreau,retail_consumer,bronze,ZN-000312,Delhi,IN,APAC,169 Victoria Rd,28.747883,77.091344,2023-07-16,6.0,267.13,4.45,evening,False,,0.0,elena.moreau521@example.com
CUS-0004369,Chen Ivanov,smb,bronze,ZN-000205,Rome,IT,EMEA,73 Park Way,41.937831,12.386632,2023-04-28,52.0,11291.32,4.47,morning,True,,0.0,chen.ivanov86@example.com
CUS-0004370,Carlos Hansen,enterprise,none,ZN-000277,Jakarta,ID,APAC,423 Oak Blvd,-6.214169,106.76163,2019-10-04,814.0,23130.3,5.0,any,True,48.0,0.345,carlos.hansen704@example.com
CUS-0004371,Leila Hansen,retail_consumer,silver,ZN-000394,Krakow,PL,EMEA,474 Kings Rd,50.020047,19.639822,2018-07-25,8.0,444.99,4.12,evening,False,,0.098,leila.hansen62@example.com
CUS-0004372,Anna Fernandez,smb,silver,ZN-000087,Osaka,JP,APAC,117 Central St,34.660135,135.446976,2022-03-28,23.0,5464.13,5.0,afternoon,True,,0.746,anna.fernandez455@example.com
CUS-0004373,Lucas Brown,retail_consumer,bronze,ZN-000443,Rome,IT,EMEA,40 Warehouse Rd,41.683056,12.3862,2025-06-17,4.0,189.87,2.98,evening,False,,0.484,lucas.brown561@example.com
CUS-0004374,Diego Moreau,smb,none,ZN-000131,Amsterdam,NL,EMEA,298 Church Blvd,52.270571,4.951373,2019-11-03,108.0,3305.61,3.25,evening,True,,0.36,diego.moreau141@example.com
CUS-0004375,Hugo Brown,retail_consumer,platinum,ZN-000451,London,GB,EMEA,163 Depot Blvd,51.571634,-0.152759,2021-11-30,8.0,1097.51,3.69,afternoon,False,,0.661,hugo.brown976@example.com
CUS-0004376,Viktor Sharma,retail_consumer,bronze,ZN-000466,Los Angeles,US,NA,157 Industrial Rd,33.977929,-118.2405,2021-08-01,8.0,214.75,4.26,evening,False,,0.279,viktor.sharma189@example.com
CUS-0004377,Lucas Weber,retail_consumer,silver,ZN-000045,Rome,IT,EMEA,160 Oak Dr,41.975953,12.63345,2023-08-19,10.0,545.89,4.22,afternoon,False,,0.365,lucas.weber514@example.com
CUS-0004378,Ivan Nakamura,marketplace_seller,none,ZN-000305,Jakarta,ID,APAC,134 Warehouse Ave,-6.263517,106.838042,2024-09-09,10.0,369.17,4.68,evening,False,,0.188,ivan.nakamura185@example.com
CUS-0004379,Chen Kim,retail_consumer,bronze,ZN-000133,Delhi,IN,APAC,91 Grove Dr,28.556765,77.120676,2022-10-29,9.0,3399.33,3.52,morning,False,,0.484,chen.kim872@example.com
CUS-0004380,Marcus Ali,enterprise,none,ZN-000432,Atlanta,US,NA,316 Riverside St,33.778556,-84.305716,2019-10-05,204.0,3741.47,4.81,afternoon,True,12.0,0.592,marcus.ali160@example.com
CUS-0004381,Jun Petrov,public_sector,bronze,ZN-000043,Bengaluru,IN,APAC,380 Church Rd,12.95379,77.507772,2025-02-24,6.0,529.1,3.82,any,True,24.0,0.356,jun.petrov430@example.com
CUS-0004382,Jun Weber,smb,bronze,ZN-000336,London,GB,EMEA,439 Cedar Rd,51.538431,-0.045892,2020-07-23,52.0,1976.77,3.14,any,True,,0.275,jun.weber516@example.com
CUS-0004383,Amara Petrov,enterprise,bronze,ZN-000303,Rome,IT,EMEA,310 Station St,41.987285,12.512615,2021-11-22,114.0,2265.03,4.44,evening,True,12.0,0.305,amara.petrov538@example.com
CUS-0004384,Fatima Novak,smb,bronze,ZN-000015,Osaka,JP,APAC,446 Industrial Rd,34.698494,135.532467,2020-10-24,122.0,10578.16,4.3,evening,True,,0.435,fatima.novak480@example.com
CUS-0004385,Tomas Fernandez,retail_consumer,bronze,ZN-000351,London,GB,EMEA,144 Central Sq,51.464509,-0.11435,2024-06-12,17.0,1034.34,3.13,afternoon,False,,0.581,tomas.fernandez220@example.com
CUS-0004386,Daniel Ali,retail_consumer,platinum,ZN-000281,Mexico City,MX,LATAM,94 Cedar Sq,19.458722,-99.212718,2018-12-15,2.0,127.52,4.4,morning,False,,0.054,daniel.ali520@example.com
CUS-0004387,Peter Kowalski,public_sector,bronze,ZN-000298,Bengaluru,IN,APAC,190 Pine St,13.187822,77.726702,2020-01-24,4.0,330.08,5.0,evening,True,12.0,0.413,peter.kowalski932@example.com
CUS-0004388,Maria Nguyen,retail_consumer,gold,ZN-000065,Jakarta,ID,APAC,446 Church Ave,-6.202344,106.805432,2018-08-03,4.0,419.45,3.85,evening,False,,0.43,maria.nguyen939@example.com
CUS-0004389,Grace Sharma,smb,gold,ZN-000431,Delhi,IN,APAC,86 Grove Way,28.619472,77.043248,2023-05-19,9.0,1054.86,3.42,evening,True,,0.0,grace.sharma820@example.com
CUS-0004390,Rahul Ivanov,retail_consumer,none,ZN-000386,Mexico City,MX,LATAM,33 Central Way,19.490064,-99.208792,2020-04-15,34.0,2468.61,4.89,morning,False,,0.287,rahul.ivanov604@example.com
CUS-0004391,Rahul Rossi,retail_consumer,silver,ZN-000256,Osaka,JP,APAC,184 Warehouse Sq,34.624177,135.621366,2025-09-06,12.0,259.89,3.63,afternoon,False,,0.163,rahul.rossi104@example.com
CUS-0004392,Tomas Muller,enterprise,bronze,ZN-000099,London,GB,EMEA,414 Industrial Way,51.513787,-0.075821,2023-04-25,213.0,11121.44,4.62,any,True,48.0,0.312,tomas.muller605@example.com
CUS-0004393,Fatima Torres,enterprise,bronze,ZN-000110,London,GB,EMEA,171 Station Blvd,51.534433,-0.138771,2020-06-23,118.0,7674.7,4.79,evening,True,48.0,0.29,fatima.torres303@example.com
CUS-0004394,Freya Zhang,enterprise,bronze,ZN-000466,Los Angeles,US,NA,236 Depot Sq,33.970933,-118.232956,2022-04-21,173.0,8472.12,4.6,morning,True,48.0,0.358,freya.zhang368@example.com
CUS-0004395,Rahul Rossi,smb,bronze,ZN-000490,London,GB,EMEA,476 Kings Sq,51.495283,0.02691,2018-04-13,47.0,3356.72,3.1,evening,True,,0.247,rahul.rossi435@example.com
CUS-0004396,Anna Garcia,retail_consumer,bronze,ZN-000493,Krakow,PL,EMEA,150 Industrial Dr,49.968962,19.873931,2018-04-24,19.0,372.36,4.41,morning,False,,0.429,anna.garcia127@example.com
CUS-0004397,Jun Okafor,retail_consumer,none,ZN-000184,London,GB,EMEA,362 Park Way,51.515751,-0.058309,2020-02-16,5.0,172.66,3.06,evening,False,,0.243,jun.okafor297@example.com
CUS-0004398,Elena Fernandez,retail_consumer,silver,ZN-000325,Delhi,IN,APAC,135 Pine Ln,28.62847,77.084748,2022-04-10,5.0,260.13,1.98,evening,False,,0.235,elena.fernandez396@example.com
CUS-0004399,Amara Dubois,smb,none,ZN-000218,Sao Paulo,BR,LATAM,10 Station St,-23.305638,-46.591073,2021-12-20,16.0,649.03,3.24,afternoon,True,,0.485,amara.dubois693@example.com
CUS-0004400,Rahul Garcia,smb,bronze,ZN-000071,Shanghai,CN,APAC,395 Industrial Way,31.194982,121.448828,2023-10-23,21.0,1673.28,4.47,morning,True,,0.318,rahul.garcia22@example.com
CUS-0004401,Maria Rossi,enterprise,none,ZN-000038,Atlanta,US,NA,53 Oak Dr,34.023858,-84.824188,2021-02-06,585.0,46601.33,2.8,morning,True,24.0,0.169,maria.rossi312@example.com
CUS-0004402,Viktor Rossi,retail_consumer,gold,ZN-000040,Stockholm,SE,EMEA,460 Cedar Sq,59.299314,18.077619,2023-01-28,38.0,2184.77,4.87,evening,False,,0.264,viktor.rossi270@example.com
CUS-0004403,Viktor Ali,retail_consumer,bronze,ZN-000456,Berlin,DE,EMEA,151 Park St,52.584938,13.388801,2023-05-20,3.0,100.6,5.0,afternoon,False,,0.063,viktor.ali135@example.com
CUS-0004404,Tomas Okafor,retail_consumer,bronze,ZN-000338,Manchester,GB,EMEA,42 Park Ln,53.579275,-2.337456,2023-02-23,6.0,273.85,3.77,afternoon,False,,0.405,tomas.okafor98@example.com
CUS-0004405,Maria Rahman,marketplace_seller,gold,ZN-000122,Berlin,DE,EMEA,306 Central Dr,52.490496,13.313393,2022-03-12,4.0,199.64,3.17,afternoon,False,,0.075,maria.rahman383@example.com
CUS-0004406,Nikolai Sharma,enterprise,gold,ZN-000398,Rome,IT,EMEA,7 Union Dr,41.987833,12.478235,2021-04-05,413.0,8109.29,3.74,afternoon,True,24.0,0.276,nikolai.sharma955@example.com
CUS-0004407,Fatima Okafor,retail_consumer,none,ZN-000129,Amsterdam,NL,EMEA,475 Industrial St,52.411214,4.967193,2020-04-25,22.0,972.68,3.57,any,False,,0.153,fatima.okafor584@example.com
CUS-0004408,Grace Rossi,enterprise,none,ZN-000229,Rome,IT,EMEA,155 Central Way,41.851664,12.560952,2020-10-31,184.0,4995.03,3.83,morning,True,48.0,0.577,grace.rossi667@example.com
CUS-0004409,Hugo Rahman,smb,none,ZN-000102,Delhi,IN,APAC,138 Bridge Ln,28.743785,77.148144,2024-01-17,27.0,2205.52,5.0,any,True,,0.47,hugo.rahman142@example.com
CUS-0004410,Leila Sharma,smb,none,ZN-000302,Delhi,IN,APAC,451 Station Sq,28.782042,77.127234,2021-12-29,17.0,674.03,4.48,afternoon,True,,0.024,leila.sharma360@example.com
CUS-0004411,Diego Bakker,retail_consumer,none,ZN-000166,Rome,IT,EMEA,201 Park Dr,41.827996,12.537874,2021-04-20,9.0,237.7,4.0,afternoon,False,,0.471,diego.bakker35@example.com
CUS-0004412,Marcus Lindqvist,retail_consumer,bronze,ZN-000311,Krakow,PL,EMEA,178 Pine Rd,50.411007,20.034268,2019-12-03,14.0,788.61,3.76,evening,False,,0.215,marcus.lindqvist636@example.com
CUS-0004413,Nikolai Zhang,smb,silver,ZN-000003,London,GB,EMEA,176 Elm Way,51.51667,-0.035889,2021-06-20,31.0,670.49,3.46,any,True,,0.804,nikolai.zhang614@example.com
CUS-0004414,Priya Novak,retail_consumer,silver,ZN-000357,Sao Paulo,BR,LATAM,141 Riverside Blvd,-23.595422,-46.629133,2018-01-17,8.0,390.96,4.71,evening,False,,0.262,priya.novak336@example.com
CUS-0004415,Peter Nakamura,smb,gold,ZN-000383,London,GB,EMEA,274 Station Blvd,51.481232,-0.18987,2024-11-29,14.0,320.24,4.85,afternoon,True,,0.0,peter.nakamura267@example.com
CUS-0004416,Daniel Kowalski,retail_consumer,bronze,ZN-000124,London,GB,EMEA,272 Central Sq,51.511306,-0.052907,2019-11-04,6.0,124.02,4.31,evening,False,,0.355,daniel.kowalski894@example.com
CUS-0004417,Peter Zhang,retail_consumer,none,ZN-000016,Rome,IT,EMEA,373 Bridge Blvd,41.839674,12.471762,2024-07-09,3.0,279.87,3.83,afternoon,False,,0.463,peter.zhang839@example.com
CUS-0004418,Mateo Moreau,retail_consumer,none,ZN-000315,Jakarta,ID,APAC,253 Church Ave,-6.184707,106.846739,2021-10-16,32.0,5941.33,4.25,any,False,,0.203,mateo.moreau318@example.com
CUS-0004419,Jun Muller,enterprise,platinum,ZN-000327,Los Angeles,US,NA,212 Oak Dr,34.036261,-118.132654,2025-11-12,72.0,2527.58,5.0,morning,True,48.0,0.014,jun.muller717@example.com
CUS-0004420,Carlos Silva,retail_consumer,none,ZN-000148,Shanghai,CN,APAC,478 Park Ave,31.218657,121.374261,2021-10-01,15.0,1156.28,4.74,evening,False,,0.379,carlos.silva855@example.com
CUS-0004421,Peter Novak,retail_consumer,none,ZN-000431,Delhi,IN,APAC,66 Central Sq,28.620323,77.020591,2025-04-21,5.0,344.44,4.39,morning,False,,0.479,peter.novak24@example.com
CUS-0004422,Amara Fernandez,retail_consumer,bronze,ZN-000451,London,GB,EMEA,258 Pine Ln,51.562601,-0.142282,2021-01-03,5.0,424.12,3.46,afternoon,False,,0.423,amara.fernandez719@example.com
CUS-0004423,Lucas Smith,retail_consumer,none,ZN-000268,Delhi,IN,APAC,269 Grove St,28.618831,77.148396,2019-03-23,17.0,2012.46,4.32,any,False,,0.493,lucas.smith866@example.com
CUS-0004424,Rahul Lindqvist,smb,none,ZN-000372,Shanghai,CN,APAC,358 Pine Ln,31.275145,121.46716,2018-09-15,124.0,8648.21,4.33,any,True,,0.343,rahul.lindqvist842@example.com
CUS-0004425,Sofia Ivanov,retail_consumer,silver,ZN-000223,London,GB,EMEA,25 Warehouse Sq,51.433351,-0.202827,2025-03-03,14.0,828.49,3.75,any,False,,0.084,sofia.ivanov812@example.com
CUS-0004426,Fatima Okafor,retail_consumer,bronze,ZN-000383,London,GB,EMEA,389 Central St,51.487361,-0.138744,2024-03-03,16.0,1293.99,3.97,morning,False,,0.119,fatima.okafor816@example.com
CUS-0004427,Mateo Fernandez,retail_consumer,bronze,ZN-000209,Sao Paulo,BR,LATAM,323 Cedar Dr,-23.390073,-46.967542,2021-09-25,9.0,925.41,4.41,afternoon,False,,0.276,mateo.fernandez769@example.com
CUS-0004428,Maria Yilmaz,retail_consumer,gold,ZN-000015,Osaka,JP,APAC,113 Pine Rd,34.69183,135.502839,2022-11-25,5.0,264.03,5.0,any,False,,0.216,maria.yilmaz627@example.com
CUS-0004429,Anna Nakamura,marketplace_seller,none,ZN-000222,Bengaluru,IN,APAC,399 Riverside Dr,12.982785,77.531623,2025-10-30,6.0,320.92,4.36,morning,False,,0.181,anna.nakamura896@example.com
CUS-0004430,Lucas Nakamura,retail_consumer,none,ZN-000204,Manchester,GB,EMEA,41 Station Rd,53.608336,-1.801849,2023-09-23,43.0,1073.01,5.0,evening,False,,0.036,lucas.nakamura587@example.com
CUS-0004431,Alex Ali,retail_consumer,bronze,ZN-000346,Amsterdam,NL,EMEA,61 Market Dr,52.31809,4.965822,2019-06-21,25.0,1582.62,4.17,evening,False,,0.209,alex.ali299@example.com
CUS-0004432,Jun Yilmaz,smb,silver,ZN-000182,Manchester,GB,EMEA,241 Elm Ave,53.462906,-2.533219,2022-09-29,30.0,2240.7,2.86,morning,True,,0.483,jun.yilmaz300@example.com
CUS-0004433,Ivan Petrov,retail_consumer,bronze,ZN-000399,Atlanta,US,NA,9 Elm Sq,33.494629,-84.198307,2022-02-13,7.0,423.31,3.66,afternoon,False,,0.369,ivan.petrov992@example.com
CUS-0004434,Mateo Weber,marketplace_seller,none,ZN-000252,Rome,IT,EMEA,306 Riverside Ave,41.852419,12.411792,2021-12-03,14.0,438.82,3.31,evening,False,,0.376,mateo.weber219@example.com
CUS-0004435,Hugo Rossi,smb,silver,ZN-000135,Manchester,GB,EMEA,418 Market Dr,53.428928,-2.144589,2023-10-12,8.0,150.72,3.35,any,True,,0.444,hugo.rossi362@example.com
CUS-0004436,Omar Rossi,smb,none,ZN-000024,Los Angeles,US,NA,19 Station Blvd,33.969719,-118.276904,2022-06-23,19.0,1510.86,5.0,afternoon,True,,0.135,omar.rossi954@example.com
CUS-0004437,Chen Hansen,smb,none,ZN-000171,London,GB,EMEA,250 Maple Dr,51.955032,-0.340577,2020-05-06,23.0,989.46,3.63,afternoon,True,,0.151,chen.hansen446@example.com
CUS-0004438,Isabella Petrov,retail_consumer,none,ZN-000483,Krakow,PL,EMEA,154 Market St,50.017348,19.802822,2024-10-21,13.0,550.69,4.85,afternoon,False,,0.297,isabella.petrov819@example.com
CUS-0004439,Ivan Bakker,retail_consumer,bronze,ZN-000296,Sao Paulo,BR,LATAM,207 Elm Blvd,-23.540804,-46.554939,2021-07-03,10.0,439.01,3.85,afternoon,False,,0.486,ivan.bakker175@example.com
CUS-0004440,Elena Lindqvist,enterprise,gold,ZN-000230,Manchester,GB,EMEA,151 Pine Way,53.517284,-2.329107,2018-01-06,233.0,16952.99,4.33,evening,True,24.0,0.036,elena.lindqvist230@example.com
CUS-0004441,Leila Zhang,retail_consumer,none,ZN-000170,Atlanta,US,NA,386 Oak Sq,33.69408,-84.356355,2020-05-20,23.0,656.22,3.16,morning,False,,0.382,leila.zhang476@example.com
CUS-0004442,Amara Costa,retail_consumer,gold,ZN-000113,Amsterdam,NL,EMEA,353 Central Rd,52.280896,4.82334,2023-04-20,12.0,809.49,3.63,any,False,,0.456,amara.costa855@example.com
CUS-0004443,Marcus Brown,retail_consumer,gold,ZN-000093,Sao Paulo,BR,LATAM,107 Central Dr,-23.582166,-46.582143,2025-07-31,7.0,328.19,5.0,any,False,,0.456,marcus.brown55@example.com
CUS-0004444,Peter Kowalski,retail_consumer,none,ZN-000406,Manchester,GB,EMEA,250 Riverside Ln,53.530785,-2.220832,2019-04-06,16.0,1879.54,5.0,evening,False,,0.224,peter.kowalski567@example.com
CUS-0004445,Rahul Muller,smb,none,ZN-000429,Stockholm,SE,EMEA,390 Park Blvd,59.325704,17.925263,2024-05-24,14.0,344.72,3.31,any,True,,0.024,rahul.muller901@example.com
CUS-0004446,Priya Garcia,retail_consumer,silver,ZN-000351,London,GB,EMEA,194 Union Dr,51.452519,-0.17342,2018-10-05,7.0,627.88,2.95,morning,False,,0.345,priya.garcia14@example.com
CUS-0004447,Viktor Sharma,retail_consumer,none,ZN-000009,Shanghai,CN,APAC,329 Kings Way,31.234526,121.582249,2021-04-20,3.0,151.96,4.38,afternoon,False,,0.574,viktor.sharma394@example.com
CUS-0004448,Daniel Hansen,smb,none,ZN-000391,Stockholm,SE,EMEA,374 Riverside Way,59.310654,17.825927,2025-06-29,24.0,850.08,3.35,any,True,,0.365,daniel.hansen593@example.com
CUS-0004449,Mateo Lindqvist,smb,bronze,ZN-000472,Sao Paulo,BR,LATAM,89 Riverside Dr,-23.492628,-46.635241,2024-04-01,32.0,650.48,4.02,evening,True,,0.286,mateo.lindqvist928@example.com
CUS-0004450,Lucas Nakamura,retail_consumer,none,ZN-000169,Rome,IT,EMEA,227 Bridge Ln,41.978524,12.54177,2020-05-14,6.0,289.17,4.0,any,False,,0.0,lucas.nakamura317@example.com
CUS-0004451,Anna Kowalski,enterprise,none,ZN-000222,Bengaluru,IN,APAC,31 Kings Ave,12.996728,77.511856,2019-03-29,194.0,5290.11,3.46,evening,True,12.0,0.342,anna.kowalski539@example.com
CUS-0004452,Chen Ivanov,retail_consumer,none,ZN-000081,Berlin,DE,EMEA,440 Cedar Way,52.506999,13.560096,2025-01-25,9.0,121.53,4.92,afternoon,False,,0.442,chen.ivanov79@example.com
CUS-0004453,Aisha Kowalski,smb,gold,ZN-000176,Los Angeles,US,NA,76 Oak Dr,34.059303,-118.180663,2025-01-11,47.0,2704.33,2.69,afternoon,True,,0.364,aisha.kowalski188@example.com
CUS-0004454,Zara Ali,smb,none,ZN-000094,Mexico City,MX,LATAM,248 Warehouse Ave,19.505471,-99.118648,2019-04-01,34.0,1727.58,3.46,evening,True,,0.227,zara.ali987@example.com
CUS-0004455,Maria Sharma,retail_consumer,silver,ZN-000445,Delhi,IN,APAC,333 Market Blvd,28.689381,77.112504,2023-10-30,14.0,429.91,4.23,morning,False,,0.319,maria.sharma915@example.com
CUS-0004456,Leila Fernandez,smb,silver,ZN-000416,Atlanta,US,NA,228 Victoria Blvd,33.731249,-84.47548,2023-10-19,17.0,532.58,4.14,evening,True,,0.199,leila.fernandez582@example.com
CUS-0004457,Isabella Zhang,retail_consumer,none,ZN-000030,Krakow,PL,EMEA,449 Maple Way,50.000539,20.022984,2020-11-28,20.0,2658.46,4.74,morning,False,,0.477,isabella.zhang302@example.com
CUS-0004458,Freya Moreau,enterprise,none,ZN-000313,Sao Paulo,BR,LATAM,105 Warehouse Ln,-23.427008,-46.828435,2021-07-22,82.0,5674.48,2.89,afternoon,True,48.0,0.364,freya.moreau770@example.com
CUS-0004459,Hugo Rossi,enterprise,silver,ZN-000362,London,GB,EMEA,209 Riverside St,51.462352,-0.012963,2022-08-14,292.0,57803.74,4.88,morning,True,48.0,0.133,hugo.rossi74@example.com
CUS-0004460,Grace Kim,retail_consumer,silver,ZN-000135,Manchester,GB,EMEA,387 Bridge Dr,53.41119,-2.119973,2025-10-28,5.0,221.6,3.96,morning,False,,0.358,grace.kim329@example.com
CUS-0004461,Sofia Nguyen,enterprise,none,ZN-000251,Jakarta,ID,APAC,285 Grove Dr,-6.270146,106.840685,2024-07-20,417.0,34918.51,3.85,afternoon,True,48.0,0.139,sofia.nguyen150@example.com
CUS-0004462,Grace Muller,retail_consumer,none,ZN-000065,Jakarta,ID,APAC,419 Depot Rd,-6.22912,106.804137,2018-08-31,6.0,125.16,5.0,afternoon,False,,0.253,grace.muller614@example.com
CUS-0004463,Nadia Nakamura,marketplace_seller,gold,ZN-000426,Krakow,PL,EMEA,284 Pine Dr,49.899015,19.656787,2020-04-24,4.0,206.18,3.08,afternoon,False,,0.404,nadia.nakamura922@example.com
CUS-0004464,Isabella Silva,retail_consumer,none,ZN-000366,London,GB,EMEA,453 Bridge Rd,51.478188,-0.025023,2018-11-10,3.0,198.22,3.52,evening,False,,0.0,isabella.silva185@example.com
CUS-0004465,Nadia Dubois,retail_consumer,silver,ZN-000369,London,GB,EMEA,55 Victoria Blvd,51.444998,-0.234462,2020-10-21,52.0,1386.56,4.24,morning,False,,0.516,nadia.dubois529@example.com
CUS-0004466,Daniel Ali,retail_consumer,none,ZN-000114,London,GB,EMEA,27 Warehouse Ln,51.833903,-0.660971,2024-11-20,23.0,693.85,4.39,afternoon,False,,0.189,daniel.ali606@example.com
CUS-0004467,Daniel Torres,retail_consumer,gold,ZN-000242,Atlanta,US,NA,17 Central Way,33.773081,-84.488407,2025-09-23,64.0,2355.41,5.0,evening,False,,0.294,daniel.torres96@example.com
CUS-0004468,Jun Rahman,retail_consumer,none,ZN-000198,London,GB,EMEA,322 Elm St,51.319965,-0.076645,2025-07-08,15.0,892.39,3.53,any,False,,0.332,jun.rahman564@example.com
CUS-0004469,Marcus Okafor,marketplace_seller,gold,ZN-000455,London,GB,EMEA,143 Elm Blvd,51.185965,-0.167659,2021-06-03,8.0,203.17,3.4,any,False,,0.277,marcus.okafor455@example.com
CUS-0004470,Peter Yilmaz,marketplace_seller,none,ZN-000127,Krakow,PL,EMEA,433 Kings Way,49.982745,19.909925,2023-04-17,6.0,204.77,4.39,afternoon,False,,0.313,peter.yilmaz574@example.com
CUS-0004471,Alex Lindqvist,retail_consumer,silver,ZN-000111,Osaka,JP,APAC,87 Oak Way,34.642548,135.488976,2018-10-27,8.0,1200.74,4.71,any,False,,0.257,alex.lindqvist228@example.com
CUS-0004472,Omar Torres,smb,none,ZN-000356,Bengaluru,IN,APAC,330 Grove Ln,12.520863,77.456439,2018-01-06,34.0,4758.74,5.0,morning,True,,0.301,omar.torres733@example.com
CUS-0004473,Nadia Ali,enterprise,none,ZN-000474,Delhi,IN,APAC,102 Maple St,28.63413,77.117627,2025-05-23,614.0,30513.34,3.91,any,True,24.0,0.627,nadia.ali311@example.com
CUS-0004474,Amara Kowalski,marketplace_seller,gold,ZN-000110,London,GB,EMEA,316 Riverside Dr,51.547797,-0.140207,2021-12-26,10.0,722.53,4.33,evening,False,,0.347,amara.kowalski841@example.com
CUS-0004475,Alex Lindqvist,smb,none,ZN-000351,London,GB,EMEA,53 Grove Ave,51.428414,-0.11874,2021-11-24,7.0,243.21,4.24,morning,True,,0.156,alex.lindqvist925@example.com
CUS-0004476,Isabella Garcia,retail_consumer,silver,ZN-000251,Jakarta,ID,APAC,159 Park Way,-6.292165,106.84604,2020-10-26,7.0,212.18,4.55,any,False,,0.391,isabella.garcia807@example.com
CUS-0004477,Ivan Rahman,smb,none,ZN-000189,Jakarta,ID,APAC,452 Industrial Ln,-6.349757,106.976976,2020-03-07,68.0,2233.56,3.66,any,True,,0.35,ivan.rahman232@example.com
CUS-0004478,Viktor Weber,retail_consumer,none,ZN-000401,Krakow,PL,EMEA,183 Harbour Ave,50.102571,20.175715,2023-10-21,6.0,371.83,4.78,afternoon,False,,0.683,viktor.weber276@example.com
CUS-0004479,Zara Ali,retail_consumer,none,ZN-000166,Rome,IT,EMEA,454 Union St,41.805616,12.513809,2022-10-11,11.0,492.87,4.78,morning,False,,0.26,zara.ali144@example.com
CUS-0004480,Isabella Kowalski,retail_consumer,bronze,ZN-000163,Delhi,IN,APAC,45 Cedar St,28.711972,77.001167,2023-08-24,14.0,1125.11,3.99,morning,False,,0.431,isabella.kowalski940@example.com
CUS-0004481,Isabella Torres,retail_consumer,bronze,ZN-000029,Mexico City,MX,LATAM,226 Oak Ln,19.333883,-99.116288,2025-03-18,19.0,2088.15,3.28,evening,False,,0.209,isabella.torres387@example.com
CUS-0004482,Grace Muller,smb,none,ZN-000228,Krakow,PL,EMEA,215 Depot Ave,50.153744,20.217754,2021-07-29,23.0,889.13,3.19,morning,True,,0.502,grace.muller210@example.com
CUS-0004483,Maria Kim,retail_consumer,bronze,ZN-000001,Manchester,GB,EMEA,353 Park Dr,53.394953,-2.326896,2023-04-17,5.0,225.45,3.42,any,False,,0.556,maria.kim702@example.com
CUS-0004484,Ivan Brown,retail_consumer,none,ZN-000148,Shanghai,CN,APAC,119 Kings Blvd,31.210877,121.41714,2024-06-22,8.0,482.52,3.4,morning,False,,0.507,ivan.brown777@example.com
CUS-0004485,Zara Muller,public_sector,silver,ZN-000060,Delhi,IN,APAC,155 Industrial Ln,28.647492,77.115071,2018-11-27,5.0,176.7,4.42,evening,True,24.0,0.073,zara.muller496@example.com
CUS-0004486,Anna Moreau,retail_consumer,none,ZN-000004,London,GB,EMEA,343 Church Rd,51.458128,0.081406,2020-11-09,49.0,2175.23,3.81,evening,False,,0.348,anna.moreau416@example.com
CUS-0004487,Priya Nguyen,retail_consumer,bronze,ZN-000385,Krakow,PL,EMEA,352 Pine Ln,50.15346,19.988829,2021-12-31,15.0,486.16,4.57,evening,False,,0.304,priya.nguyen300@example.com
CUS-0004488,Sofia Okafor,retail_consumer,none,ZN-000210,Mexico City,MX,LATAM,304 Oak Ave,19.490894,-99.098995,2023-12-05,11.0,628.0,4.85,evening,False,,0.445,sofia.okafor310@example.com
CUS-0004489,Viktor Dubois,retail_consumer,none,ZN-000023,Rome,IT,EMEA,352 Cedar Blvd,41.976935,12.451433,2023-12-10,14.0,528.29,5.0,evening,False,,0.484,viktor.dubois222@example.com
CUS-0004490,Carlos Sharma,smb,silver,ZN-000434,Rome,IT,EMEA,201 Victoria Sq,41.961145,12.538972,2022-09-04,62.0,3923.4,3.57,afternoon,True,,0.324,carlos.sharma544@example.com
CUS-0004491,Ivan Petrov,retail_consumer,bronze,ZN-000323,Mexico City,MX,LATAM,242 Kings Way,19.425178,-99.027914,2019-05-28,11.0,443.41,4.66,evening,False,,0.052,ivan.petrov205@example.com
CUS-0004492,Zara Dubois,smb,none,ZN-000202,Krakow,PL,EMEA,264 Warehouse Dr,50.067077,19.961304,2021-12-28,42.0,767.02,5.0,afternoon,True,,0.527,zara.dubois579@example.com
CUS-0004493,Tomas Dubois,smb,gold,ZN-000154,Rome,IT,EMEA,88 Park Rd,41.972766,12.474007,2023-05-11,16.0,1244.78,4.11,evening,True,,0.542,tomas.dubois355@example.com
CUS-0004494,Isabella Dubois,smb,silver,ZN-000474,Delhi,IN,APAC,10 Harbour Dr,28.635643,77.103697,2020-03-08,15.0,728.73,4.98,morning,True,,0.371,isabella.dubois911@example.com
CUS-0004495,Elena Novak,retail_consumer,silver,ZN-000295,London,GB,EMEA,444 Union Ave,51.159096,-0.126885,2022-09-29,9.0,1642.93,4.41,any,False,,0.625,elena.novak709@example.com
CUS-0004496,Marcus Muller,smb,none,ZN-000446,London,GB,EMEA,350 Pine Ln,51.556601,-0.089451,2019-05-27,29.0,863.03,4.46,any,True,,0.354,marcus.muller713@example.com
CUS-0004497,Yuki Lindqvist,retail_consumer,platinum,ZN-000080,Bengaluru,IN,APAC,384 Central Way,12.958741,77.638775,2018-06-20,19.0,1364.22,4.17,evening,False,,0.042,yuki.lindqvist181@example.com
CUS-0004498,Marcus Okafor,smb,silver,ZN-000127,Krakow,PL,EMEA,359 Industrial Blvd,49.977348,19.913624,2020-08-01,34.0,1793.94,2.87,afternoon,True,,0.31,marcus.okafor983@example.com
CUS-0004499,Ivan Nguyen,retail_consumer,bronze,ZN-000362,London,GB,EMEA,175 Central Way,51.478495,-0.012886,2020-06-05,18.0,2224.48,3.63,any,False,,0.0,ivan.nguyen92@example.com
CUS-0004500,Leila Rahman,smb,bronze,ZN-000152,Atlanta,US,NA,423 Central Ave,34.298595,-84.147312,2024-01-04,18.0,1034.64,5.0,evening,True,,0.112,leila.rahman280@example.com
CUS-0004501,Chen Nakamura,retail_consumer,bronze,ZN-000024,Los Angeles,US,NA,84 Market Sq,33.977007,-118.273591,2023-12-07,16.0,488.87,5.0,any,False,,0.256,chen.nakamura543@example.com
CUS-0004502,Daniel Okafor,enterprise,none,ZN-000399,Atlanta,US,NA,402 Depot Rd,33.497275,-84.22438,2022-09-13,98.0,1812.53,3.86,any,True,24.0,0.252,daniel.okafor942@example.com
CUS-0004503,Nikolai Muller,marketplace_seller,none,ZN-000063,London,GB,EMEA,217 Elm Blvd,51.638077,-0.142424,2023-12-11,28.0,1085.66,3.83,morning,False,,0.534,nikolai.muller920@example.com
CUS-0004504,Priya Nguyen,enterprise,bronze,ZN-000222,Bengaluru,IN,APAC,357 Warehouse Blvd,13.003028,77.497566,2020-09-05,306.0,13922.71,4.02,any,True,24.0,0.806,priya.nguyen71@example.com
CUS-0004505,Daniel Costa,retail_consumer,silver,ZN-000155,Berlin,DE,EMEA,145 Central Way,52.537608,13.450735,2021-07-13,9.0,193.45,3.97,any,False,,0.035,daniel.costa507@example.com
CUS-0004506,Daniel Torres,retail_consumer,platinum,ZN-000421,Shanghai,CN,APAC,332 Maple Way,31.152073,121.418907,2025-07-23,30.0,2986.09,3.93,any,False,,0.275,daniel.torres522@example.com
CUS-0004507,Alex Ali,enterprise,gold,ZN-000343,Mexico City,MX,LATAM,46 Pine Rd,19.451683,-99.076943,2022-03-07,401.0,8858.99,4.48,afternoon,True,12.0,0.34,alex.ali771@example.com
CUS-0004508,Marcus Okafor,retail_consumer,bronze,ZN-000039,Osaka,JP,APAC,467 Park Dr,34.797275,135.569365,2024-07-06,12.0,228.65,4.23,evening,False,,0.396,marcus.okafor14@example.com
CUS-0004509,Sofia Kowalski,enterprise,none,ZN-000423,London,GB,EMEA,304 Market St,51.592559,-0.206566,2023-03-11,153.0,6281.97,2.91,evening,True,48.0,0.119,sofia.kowalski188@example.com
CUS-0004510,Peter Ivanov,smb,gold,ZN-000429,Stockholm,SE,EMEA,332 Station Way,59.320339,17.937453,2019-01-10,28.0,5346.59,5.0,evening,True,,0.344,peter.ivanov191@example.com
CUS-0004511,Maria Novak,retail_consumer,none,ZN-000125,London,GB,EMEA,252 Pine St,51.481519,-0.195874,2018-08-23,3.0,308.49,4.04,evening,False,,0.315,maria.novak707@example.com
CUS-0004512,Rahul Nakamura,retail_consumer,gold,ZN-000348,Bengaluru,IN,APAC,262 Grove Ave,12.97894,77.539859,2024-08-07,6.0,196.16,4.64,any,False,,0.099,rahul.nakamura286@example.com
CUS-0004513,Leila Nguyen,retail_consumer,platinum,ZN-000469,Rome,IT,EMEA,292 Depot St,41.889831,12.378423,2024-11-14,3.0,184.49,4.02,any,False,,0.379,leila.nguyen841@example.com
CUS-0004514,Aisha Costa,retail_consumer,none,ZN-000421,Shanghai,CN,APAC,122 Industrial Ln,31.162578,121.442946,2020-07-21,10.0,365.35,3.34,any,False,,0.199,aisha.costa757@example.com
CUS-0004515,Carlos Hansen,retail_consumer,gold,ZN-000155,Berlin,DE,EMEA,82 Elm Rd,52.536966,13.467085,2024-12-26,13.0,256.36,3.56,afternoon,False,,0.366,carlos.hansen76@example.com
CUS-0004516,Fatima Moreau,retail_consumer,gold,ZN-000425,Rome,IT,EMEA,332 Central Ave,41.869846,12.5536,2018-03-05,5.0,206.92,4.97,afternoon,False,,0.078,fatima.moreau909@example.com
CUS-0004517,Viktor Kowalski,retail_consumer,silver,ZN-000087,Osaka,JP,APAC,265 Park Rd,34.642278,135.456188,2023-05-29,13.0,628.16,4.92,any,False,,0.183,viktor.kowalski614@example.com
CUS-0004518,Nikolai Torres,smb,none,ZN-000190,Jakarta,ID,APAC,38 Victoria Rd,-6.258067,106.811257,2020-02-19,45.0,1296.58,3.52,evening,True,,0.152,nikolai.torres805@example.com
CUS-0004519,Carlos Ivanov,retail_consumer,bronze,ZN-000066,Jakarta,ID,APAC,70 Warehouse Ave,-6.210525,106.873157,2020-11-15,16.0,643.44,3.08,morning,False,,0.5,carlos.ivanov245@example.com
CUS-0004520,Marcus Petrov,retail_consumer,bronze,ZN-000026,Manchester,GB,EMEA,105 Elm Dr,53.534155,-2.299745,2025-12-02,5.0,174.79,3.69,evening,False,,0.24,marcus.petrov431@example.com
CUS-0004521,Isabella Garcia,retail_consumer,none,ZN-000182,Manchester,GB,EMEA,68 Industrial Rd,53.4692,-2.563065,2023-05-12,5.0,147.26,3.92,evening,False,,0.208,isabella.garcia545@example.com
CUS-0004522,Fatima Rahman,smb,gold,ZN-000105,Krakow,PL,EMEA,60 Harbour Blvd,50.585854,20.198631,2019-04-21,46.0,5103.4,4.38,evening,True,,0.23,fatima.rahman739@example.com
CUS-0004523,Isabella Sharma,smb,none,ZN-000432,Atlanta,US,NA,11 Depot Dr,33.798875,-84.347009,2020-03-09,20.0,1108.78,4.67,evening,True,,0.181,isabella.sharma515@example.com
CUS-0004524,Hugo Ivanov,smb,platinum,ZN-000108,Krakow,PL,EMEA,131 Pine Rd,50.005564,19.999715,2019-07-31,19.0,520.95,4.56,afternoon,True,,0.505,hugo.ivanov537@example.com
CUS-0004525,Leila Ali,retail_consumer,silver,ZN-000272,Los Angeles,US,NA,356 Union Rd,34.065475,-118.13605,2019-10-28,17.0,685.87,4.12,any,False,,0.184,leila.ali84@example.com
CUS-0004526,Hugo Novak,retail_consumer,silver,ZN-000176,Los Angeles,US,NA,322 Kings Sq,34.071167,-118.16071,2023-11-05,12.0,300.49,4.64,morning,False,,0.153,hugo.novak628@example.com
CUS-0004527,Ivan Fernandez,retail_consumer,silver,ZN-000216,Stockholm,SE,EMEA,182 Harbour Sq,59.213057,17.952452,2022-10-05,22.0,735.36,5.0,evening,False,,0.106,ivan.fernandez315@example.com
CUS-0004528,Anna Zhang,retail_consumer,bronze,ZN-000370,Rome,IT,EMEA,299 Grove Rd,41.986043,12.551858,2020-01-07,7.0,459.37,3.18,evening,False,,0.412,anna.zhang990@example.com
CUS-0004529,Diego Weber,retail_consumer,gold,ZN-000396,Krakow,PL,EMEA,110 Grove Blvd,50.114059,19.657714,2022-06-07,24.0,855.09,4.5,morning,False,,0.283,diego.weber775@example.com
CUS-0004530,Carlos Hansen,retail_consumer,none,ZN-000379,Shanghai,CN,APAC,51 Cedar St,31.304131,121.405118,2022-12-08,19.0,993.87,1.64,evening,False,,0.348,carlos.hansen14@example.com
CUS-0004531,Elena Petrov,smb,none,ZN-000436,Mexico City,MX,LATAM,175 Station St,19.786097,-98.749974,2024-12-25,9.0,599.62,4.42,any,True,,0.713,elena.petrov996@example.com
CUS-0004532,Daniel Yilmaz,enterprise,bronze,ZN-000263,Manchester,GB,EMEA,313 Kings Rd,53.416846,-2.271863,2023-02-04,476.0,28919.69,3.64,evening,True,48.0,0.37,daniel.yilmaz959@example.com
CUS-0004533,Daniel Ivanov,smb,silver,ZN-000344,Bengaluru,IN,APAC,281 Kings Way,13.044896,77.631609,2021-12-30,46.0,1830.02,5.0,afternoon,True,,0.0,daniel.ivanov692@example.com
CUS-0004534,Nadia Muller,retail_consumer,none,ZN-000176,Los Angeles,US,NA,320 Central Rd,34.07957,-118.168901,2025-04-02,13.0,392.91,3.17,evening,False,,0.0,nadia.muller987@example.com
CUS-0004535,Freya Garcia,public_sector,platinum,ZN-000269,Mexico City,MX,LATAM,412 Riverside St,19.490494,-99.095266,2024-05-10,32.0,694.4,4.9,evening,True,24.0,0.216,freya.garcia849@example.com
CUS-0004536,Omar Kim,smb,none,ZN-000050,Sao Paulo,BR,LATAM,202 Maple Ave,-23.634681,-46.616271,2022-07-04,31.0,1663.93,2.06,morning,True,,0.26,omar.kim542@example.com
CUS-0004537,Carlos Brown,retail_consumer,none,ZN-000417,London,GB,EMEA,372 Union Blvd,51.539309,-0.112146,2025-02-06,5.0,667.74,4.81,any,False,,0.228,carlos.brown376@example.com
CUS-0004538,Marcus Brown,public_sector,bronze,ZN-000485,Stockholm,SE,EMEA,299 Victoria Rd,59.240223,18.298549,2024-03-31,3.0,111.82,4.57,morning,True,12.0,0.469,marcus.brown36@example.com
CUS-0004539,Freya Moreau,retail_consumer,bronze,ZN-000327,Los Angeles,US,NA,460 Market St,34.041148,-118.099798,2024-09-21,5.0,385.16,4.89,any,False,,0.367,freya.moreau827@example.com
CUS-0004540,Amara Rossi,retail_consumer,bronze,ZN-000203,London,GB,EMEA,301 Warehouse Dr,51.773269,-0.234341,2022-12-22,4.0,714.83,3.72,evening,False,,0.3,amara.rossi872@example.com
CUS-0004541,Amara Okafor,retail_consumer,bronze,ZN-000027,Krakow,PL,EMEA,446 Union St,50.008862,20.014948,2018-08-10,17.0,580.58,4.4,evening,False,,0.259,amara.okafor101@example.com
CUS-0004542,Leila Kowalski,marketplace_seller,platinum,ZN-000111,Osaka,JP,APAC,289 Church Sq,34.614158,135.537651,2024-07-26,18.0,740.64,4.68,morning,False,,0.293,leila.kowalski188@example.com
CUS-0004543,Amara Muller,smb,silver,ZN-000487,London,GB,EMEA,373 Bridge Sq,51.560396,-0.116453,2022-08-05,27.0,1030.71,3.95,afternoon,True,,0.488,amara.muller696@example.com
CUS-0004544,Daniel Kowalski,retail_consumer,bronze,ZN-000271,London,GB,EMEA,343 Victoria Dr,51.39241,-0.257852,2021-11-05,7.0,437.54,3.97,evening,False,,0.153,daniel.kowalski62@example.com
CUS-0004545,Chen Nguyen,smb,gold,ZN-000159,London,GB,EMEA,462 Bridge Ave,51.463132,-0.069607,2024-10-14,55.0,1149.17,4.16,evening,True,,0.352,chen.nguyen80@example.com
CUS-0004546,Zara Kim,retail_consumer,gold,ZN-000209,Sao Paulo,BR,LATAM,59 Victoria Sq,-23.39963,-46.950562,2022-08-13,6.0,663.62,3.97,afternoon,False,,0.204,zara.kim97@example.com
CUS-0004547,Maria Novak,retail_consumer,bronze,ZN-000206,Rome,IT,EMEA,430 Kings Sq,41.953189,12.566571,2018-11-07,7.0,306.15,4.51,evening,False,,0.16,maria.novak124@example.com
CUS-0004548,Anna Yilmaz,retail_consumer,gold,ZN-000030,Krakow,PL,EMEA,101 Grove Rd,49.9673,19.99956,2024-01-30,6.0,560.73,3.74,evening,False,,0.231,anna.yilmaz560@example.com
CUS-0004549,Anna Rossi,retail_consumer,platinum,ZN-000257,London,GB,EMEA,380 Pine Sq,51.606037,-0.161557,2022-08-03,19.0,1256.75,3.88,afternoon,False,,0.039,anna.rossi428@example.com
CUS-0004550,Nikolai Moreau,retail_consumer,none,ZN-000185,Delhi,IN,APAC,408 Industrial Blvd,28.619446,77.045231,2022-07-29,5.0,164.46,5.0,morning,False,,0.612,nikolai.moreau305@example.com
CUS-0004551,Alex Novak,public_sector,silver,ZN-000174,Jakarta,ID,APAC,172 Warehouse Ave,-6.13446,106.798705,2023-10-23,9.0,665.93,3.94,morning,True,24.0,0.315,alex.novak675@example.com
CUS-0004552,Peter Kowalski,retail_consumer,none,ZN-000141,Osaka,JP,APAC,112 Pine Rd,34.744632,135.607003,2018-07-09,3.0,89.11,5.0,afternoon,False,,0.201,peter.kowalski923@example.com
CUS-0004553,Sofia Costa,retail_consumer,none,ZN-000487,London,GB,EMEA,22 Kings Ave,51.595557,-0.161723,2021-09-18,48.0,8472.8,4.74,any,False,,0.375,sofia.costa256@example.com
CUS-0004554,Carlos Sharma,retail_consumer,bronze,ZN-000251,Jakarta,ID,APAC,123 Union Sq,-6.268437,106.841927,2023-09-08,11.0,379.41,4.61,evening,False,,0.19,carlos.sharma210@example.com
CUS-0004555,Aisha Fernandez,marketplace_seller,platinum,ZN-000357,Sao Paulo,BR,LATAM,211 Central Blvd,-23.585294,-46.604074,2023-11-30,21.0,1950.06,4.5,any,False,,0.179,aisha.fernandez25@example.com
CUS-0004556,Amara Novak,retail_consumer,none,ZN-000192,Mexico City,MX,LATAM,151 Cedar Dr,19.44636,-99.170019,2020-07-16,17.0,499.51,3.89,morning,False,,0.151,amara.novak829@example.com
CUS-0004557,Isabella Kim,retail_consumer,bronze,ZN-000414,Manchester,GB,EMEA,178 Harbour Dr,53.49689,-1.944978,2024-04-21,14.0,401.87,4.25,evening,False,,0.078,isabella.kim845@example.com
CUS-0004558,Jun Dubois,smb,none,ZN-000320,Stockholm,SE,EMEA,219 Elm Dr,59.283153,18.28405,2019-04-05,26.0,3051.52,4.45,any,True,,0.228,jun.dubois396@example.com
CUS-0004559,Alex Petrov,smb,bronze,ZN-000420,Krakow,PL,EMEA,305 Industrial Ave,50.115261,19.98826,2022-07-15,29.0,1575.43,3.83,morning,True,,0.095,alex.petrov832@example.com
CUS-0004560,Sofia Silva,smb,bronze,ZN-000262,Shanghai,CN,APAC,330 Elm Blvd,31.212039,121.352397,2018-11-12,16.0,3422.78,3.44,any,True,,0.28,sofia.silva520@example.com
CUS-0004561,Viktor Muller,retail_consumer,gold,ZN-000190,Jakarta,ID,APAC,444 Harbour Sq,-6.245364,106.798576,2023-09-20,13.0,894.95,3.71,any,False,,0.209,viktor.muller838@example.com
CUS-0004562,Nadia Moreau,retail_consumer,silver,ZN-000434,Rome,IT,EMEA,118 Union Sq,41.965368,12.522868,2018-04-24,2.0,79.8,3.55,afternoon,False,,0.109,nadia.moreau467@example.com
CUS-0004563,Daniel Fernandez,marketplace_seller,bronze,ZN-000202,Krakow,PL,EMEA,425 Grove Dr,50.066275,19.9408,2022-06-02,13.0,1333.5,4.51,any,False,,0.079,daniel.fernandez538@example.com
CUS-0004564,Fatima Garcia,enterprise,silver,ZN-000385,Krakow,PL,EMEA,419 Harbour Ln,50.179516,20.017954,2020-09-22,72.0,12190.85,4.76,afternoon,True,48.0,0.0,fatima.garcia89@example.com
CUS-0004565,Isabella Torres,retail_consumer,none,ZN-000293,Shanghai,CN,APAC,58 Church Way,31.165785,121.524846,2019-05-19,10.0,177.97,4.36,evening,False,,0.0,isabella.torres577@example.com
CUS-0004566,Isabella Hansen,retail_consumer,silver,ZN-000471,Shanghai,CN,APAC,404 Kings Sq,31.171372,121.409991,2023-08-18,32.0,1002.35,4.36,afternoon,False,,0.231,isabella.hansen472@example.com
CUS-0004567,Hugo Yilmaz,retail_consumer,none,ZN-000449,Stockholm,SE,EMEA,64 Pine Rd,59.303399,18.026105,2021-04-22,3.0,88.03,3.66,afternoon,False,,0.264,hugo.yilmaz716@example.com
CUS-0004568,Maria Lindqvist,retail_consumer,none,ZN-000043,Bengaluru,IN,APAC,218 Union Way,12.948779,77.480647,2023-03-11,3.0,220.26,3.83,afternoon,False,,0.29,maria.lindqvist987@example.com
CUS-0004569,Lucas Smith,smb,none,ZN-000166,Rome,IT,EMEA,115 Depot Ln,41.819317,12.518318,2025-07-27,63.0,2254.27,4.27,evening,True,,0.079,lucas.smith770@example.com
CUS-0004570,Diego Fernandez,retail_consumer,none,ZN-000196,Amsterdam,NL,EMEA,120 Grove Blvd,52.351273,4.939831,2024-11-17,16.0,1347.8,2.68,morning,False,,0.086,diego.fernandez743@example.com
CUS-0004571,Rahul Moreau,retail_consumer,bronze,ZN-000201,Amsterdam,NL,EMEA,122 Union Ave,52.447095,4.903672,2024-11-24,5.0,161.86,4.14,evening,False,,0.352,rahul.moreau901@example.com
CUS-0004572,Chen Dubois,retail_consumer,bronze,ZN-000175,Los Angeles,US,NA,146 Park St,34.100555,-118.031715,2020-01-23,9.0,251.66,3.82,evening,False,,0.418,chen.dubois259@example.com
CUS-0004573,Priya Nguyen,retail_consumer,bronze,ZN-000068,Delhi,IN,APAC,445 Union Way,28.677242,77.095486,2022-11-29,4.0,273.21,3.38,evening,False,,0.491,priya.nguyen714@example.com
CUS-0004574,Nikolai Smith,retail_consumer,none,ZN-000435,Los Angeles,US,NA,315 Church Rd,34.102151,-118.245601,2018-02-01,54.0,10140.95,3.19,morning,False,,0.245,nikolai.smith801@example.com
CUS-0004575,Nikolai Dubois,enterprise,none,ZN-000468,Krakow,PL,EMEA,183 Cedar Ln,49.993158,19.958278,2020-04-02,201.0,9407.63,4.66,any,True,48.0,0.052,nikolai.dubois829@example.com
CUS-0004576,Fatima Okafor,smb,platinum,ZN-000459,Mexico City,MX,LATAM,67 Riverside Rd,19.472816,-99.078505,2023-09-12,12.0,659.28,5.0,any,True,,0.334,fatima.okafor757@example.com
CUS-0004577,Marcus Yilmaz,marketplace_seller,none,ZN-000485,Stockholm,SE,EMEA,478 Warehouse St,59.236974,18.369747,2018-06-17,10.0,653.08,2.16,afternoon,False,,0.078,marcus.yilmaz497@example.com
CUS-0004578,Daniel Bakker,public_sector,bronze,ZN-000012,Shanghai,CN,APAC,66 Station Way,31.179511,121.47092,2023-12-28,6.0,117.66,4.09,any,True,24.0,0.436,daniel.bakker990@example.com
CUS-0004579,Mateo Bakker,smb,none,ZN-000103,Shanghai,CN,APAC,175 Grove Way,31.194069,121.468183,2019-12-04,28.0,1841.6,3.52,evening,True,,0.546,mateo.bakker931@example.com
CUS-0004580,Nadia Petrov,smb,bronze,ZN-000057,Jakarta,ID,APAC,9 Pine Sq,-6.326859,106.623384,2019-06-09,12.0,406.44,4.26,morning,True,,0.189,nadia.petrov504@example.com
CUS-0004581,Chen Nguyen,retail_consumer,none,ZN-000231,Berlin,DE,EMEA,276 Kings Rd,52.518546,13.544217,2024-10-10,10.0,413.87,4.32,afternoon,False,,0.091,chen.nguyen237@example.com
CUS-0004582,Omar Zhang,retail_consumer,none,ZN-000052,London,GB,EMEA,10 Warehouse Blvd,51.561077,-0.275949,2024-11-21,10.0,279.15,3.42,evening,False,,0.394,omar.zhang641@example.com
CUS-0004583,Isabella Bakker,enterprise,bronze,ZN-000485,Stockholm,SE,EMEA,338 Church Blvd,59.230622,18.345762,2018-01-28,730.0,19301.41,3.55,evening,True,24.0,0.254,isabella.bakker610@example.com
CUS-0004584,Ivan Rahman,retail_consumer,none,ZN-000009,Shanghai,CN,APAC,129 Central Rd,31.257287,121.58199,2023-04-16,5.0,203.75,4.33,afternoon,False,,0.29,ivan.rahman922@example.com
CUS-0004585,Aisha Yilmaz,smb,none,ZN-000474,Delhi,IN,APAC,32 Oak Sq,28.640424,77.10979,2019-08-25,12.0,296.54,4.31,any,True,,0.255,aisha.yilmaz36@example.com
CUS-0004586,Grace Ivanov,retail_consumer,gold,ZN-000355,Los Angeles,US,NA,375 Church Ave,34.101027,-118.336648,2020-06-17,6.0,1089.73,4.4,evening,False,,0.202,grace.ivanov483@example.com
CUS-0004587,Yuki Muller,smb,none,ZN-000112,London,GB,EMEA,334 Park St,51.583966,-0.076328,2021-01-26,22.0,1011.0,5.0,any,True,,0.419,yuki.muller175@example.com
CUS-0004588,Chen Costa,public_sector,gold,ZN-000206,Rome,IT,EMEA,13 Central St,41.932533,12.562251,2020-03-31,6.0,153.92,4.85,afternoon,True,24.0,0.135,chen.costa419@example.com
CUS-0004589,Isabella Novak,marketplace_seller,gold,ZN-000467,Manchester,GB,EMEA,364 Harbour St,53.399463,-2.207337,2024-12-05,4.0,214.26,4.34,afternoon,False,,0.359,isabella.novak530@example.com
CUS-0004590,Priya Costa,smb,gold,ZN-000299,Stockholm,SE,EMEA,46 Market Blvd,59.334538,17.864806,2025-02-18,15.0,1865.93,3.57,evening,True,,0.107,priya.costa617@example.com
CUS-0004591,Viktor Hansen,enterprise,none,ZN-000202,Krakow,PL,EMEA,41 Station Ave,50.062044,19.930554,2025-09-16,494.0,32317.82,4.87,afternoon,True,48.0,0.237,viktor.hansen225@example.com
CUS-0004592,Grace Sharma,enterprise,none,ZN-000237,Delhi,IN,APAC,156 Kings St,28.681507,77.067787,2022-07-21,263.0,16697.2,4.34,afternoon,True,12.0,0.157,grace.sharma754@example.com
CUS-0004593,Anna Moreau,retail_consumer,none,ZN-000367,Shanghai,CN,APAC,361 Union Sq,31.240107,121.560852,2025-11-23,9.0,202.74,4.92,afternoon,False,,0.618,anna.moreau351@example.com
CUS-0004594,Anna Yilmaz,retail_consumer,silver,ZN-000424,Mexico City,MX,LATAM,164 Oak Blvd,19.461533,-99.13043,2021-10-07,33.0,3363.82,4.32,afternoon,False,,0.201,anna.yilmaz780@example.com
CUS-0004595,Priya Ivanov,retail_consumer,silver,ZN-000301,Atlanta,US,NA,251 Bridge Rd,33.720465,-84.365853,2019-05-28,5.0,182.07,3.53,morning,False,,0.211,priya.ivanov842@example.com
CUS-0004596,Aisha Garcia,public_sector,silver,ZN-000254,Manchester,GB,EMEA,377 Riverside St,53.435314,-2.685955,2019-12-31,4.0,355.72,3.94,morning,True,12.0,0.394,aisha.garcia148@example.com
CUS-0004597,Hugo Ivanov,enterprise,none,ZN-000235,Manchester,GB,EMEA,194 Grove Way,53.410775,-2.215221,2024-06-26,258.0,10296.42,5.0,morning,True,24.0,0.222,hugo.ivanov797@example.com
CUS-0004598,Fatima Weber,retail_consumer,none,ZN-000434,Rome,IT,EMEA,286 Oak Ave,41.978334,12.516803,2023-07-22,11.0,906.73,4.65,evening,False,,0.333,fatima.weber889@example.com
CUS-0004599,Isabella Ali,public_sector,silver,ZN-000355,Los Angeles,US,NA,375 Industrial Ln,34.09052,-118.332894,2019-06-27,8.0,423.89,4.35,any,True,24.0,0.327,isabella.ali665@example.com
CUS-0004600,Carlos Rahman,enterprise,silver,ZN-000164,Krakow,PL,EMEA,294 Bridge Dr,50.138325,18.954531,2024-05-01,228.0,26800.15,3.64,evening,True,48.0,0.317,carlos.rahman773@example.com
CUS-0004601,Hugo Rahman,smb,bronze,ZN-000316,Mexico City,MX,LATAM,198 Riverside St,19.408751,-99.249813,2025-08-14,38.0,878.13,4.57,afternoon,True,,0.167,hugo.rahman863@example.com
CUS-0004602,Tomas Fernandez,public_sector,none,ZN-000241,London,GB,EMEA,325 Industrial Rd,51.467378,-0.080152,2024-11-14,3.0,147.1,3.55,afternoon,True,12.0,0.508,tomas.fernandez427@example.com
CUS-0004603,Lucas Ivanov,retail_consumer,gold,ZN-000015,Osaka,JP,APAC,50 Elm Dr,34.695281,135.535919,2024-06-05,2.0,59.45,3.87,afternoon,False,,0.439,lucas.ivanov763@example.com
CUS-0004604,Aisha Costa,smb,none,ZN-000421,Shanghai,CN,APAC,425 Elm Sq,31.148039,121.428876,2018-09-20,53.0,2407.78,3.95,afternoon,True,,0.539,aisha.costa555@example.com
CUS-0004605,Zara Zhang,smb,silver,ZN-000035,Manchester,GB,EMEA,289 Oak Dr,53.407595,-2.31126,2018-12-19,17.0,1008.01,4.25,afternoon,True,,0.161,zara.zhang93@example.com
CUS-0004606,Diego Nguyen,retail_consumer,gold,ZN-000456,Berlin,DE,EMEA,340 Depot Rd,52.607344,13.404195,2025-11-21,18.0,610.49,3.13,afternoon,False,,0.775,diego.nguyen815@example.com
CUS-0004607,Jun Nguyen,public_sector,gold,ZN-000034,Rome,IT,EMEA,251 Station Rd,42.087804,12.694799,2024-12-16,10.0,320.14,4.06,any,True,12.0,0.042,jun.nguyen816@example.com
CUS-0004608,Viktor Dubois,retail_consumer,gold,ZN-000018,Krakow,PL,EMEA,13 Pine St,50.092179,19.872984,2024-12-08,18.0,2284.38,2.92,afternoon,False,,0.27,viktor.dubois281@example.com
CUS-0004609,Sofia Smith,smb,none,ZN-000160,Mexico City,MX,LATAM,455 Depot Ln,19.453888,-99.127758,2019-10-01,24.0,1046.28,3.41,afternoon,True,,0.611,sofia.smith906@example.com
CUS-0004610,Ivan Kim,enterprise,none,ZN-000158,Shanghai,CN,APAC,60 Warehouse Ln,31.208651,121.582662,2019-01-23,575.0,14234.17,4.02,morning,True,24.0,0.073,ivan.kim135@example.com
CUS-0004611,Yuki Ali,retail_consumer,none,ZN-000277,Jakarta,ID,APAC,97 Pine Dr,-6.220145,106.746486,2018-11-16,37.0,1994.91,3.92,any,False,,0.0,yuki.ali466@example.com
CUS-0004612,Jun Hansen,marketplace_seller,none,ZN-000064,Atlanta,US,NA,387 Cedar St,33.829051,-84.408346,2023-06-16,6.0,138.71,4.61,any,False,,0.107,jun.hansen905@example.com
CUS-0004613,Zara Weber,retail_consumer,none,ZN-000406,Manchester,GB,EMEA,369 Market Sq,53.512096,-2.261431,2024-01-25,9.0,444.79,3.66,any,False,,0.199,zara.weber482@example.com
CUS-0004614,Yuki Weber,retail_consumer,silver,ZN-000231,Berlin,DE,EMEA,306 Cedar Way,52.51025,13.581075,2021-02-20,103.0,10067.83,3.31,evening,False,,0.19,yuki.weber754@example.com
CUS-0004615,Nadia Rossi,retail_consumer,none,ZN-000216,Stockholm,SE,EMEA,232 Kings Blvd,59.227772,17.922651,2023-10-20,16.0,1118.66,3.89,morning,False,,0.16,nadia.rossi186@example.com
CUS-0004616,Omar Fernandez,retail_consumer,bronze,ZN-000325,Delhi,IN,APAC,48 Riverside St,28.633819,77.098915,2025-07-31,6.0,199.46,4.62,any,False,,0.298,omar.fernandez911@example.com
CUS-0004617,Viktor Rahman,retail_consumer,bronze,ZN-000019,Krakow,PL,EMEA,376 Park Ln,50.019561,19.947881,2023-04-26,2.0,71.16,4.61,any,False,,0.602,viktor.rahman524@example.com
CUS-0004618,Yuki Lindqvist,retail_consumer,bronze,ZN-000131,Amsterdam,NL,EMEA,420 Warehouse Ave,52.273605,4.945308,2021-03-02,31.0,1319.6,3.34,any,False,,0.237,yuki.lindqvist637@example.com
CUS-0004619,Diego Weber,retail_consumer,gold,ZN-000268,Delhi,IN,APAC,14 Kings Way,28.609464,77.135306,2025-04-23,8.0,458.89,3.94,morning,False,,0.137,diego.weber585@example.com
CUS-0004620,Alex Petrov,retail_consumer,none,ZN-000098,Rome,IT,EMEA,134 Grove Rd,41.860787,13.210253,2020-08-13,16.0,415.86,4.07,evening,False,,0.034,alex.petrov48@example.com
CUS-0004621,Rahul Bakker,retail_consumer,none,ZN-000488,Rome,IT,EMEA,151 Riverside Sq,41.649206,12.621276,2018-05-20,23.0,842.44,3.2,any,False,,0.499,rahul.bakker489@example.com
CUS-0004622,Amara Muller,retail_consumer,silver,ZN-000438,Bengaluru,IN,APAC,133 Pine Way,12.999455,77.581185,2020-08-07,180.0,8233.54,3.46,evening,False,,0.294,amara.muller731@example.com
CUS-0004623,Aisha Rahman,retail_consumer,none,ZN-000265,Manchester,GB,EMEA,452 Grove Dr,53.401868,-2.272113,2020-09-18,6.0,385.44,4.18,any,False,,0.152,aisha.rahman422@example.com
CUS-0004624,Nadia Ivanov,enterprise,none,ZN-000188,Manchester,GB,EMEA,339 Grove Dr,53.46,-2.553291,2018-07-13,213.0,31815.49,2.88,afternoon,True,48.0,0.363,nadia.ivanov540@example.com
CUS-0004625,Maria Kim,retail_consumer,bronze,ZN-000068,Delhi,IN,APAC,363 Station St,28.703339,77.065301,2021-07-03,11.0,715.25,4.92,afternoon,False,,0.0,maria.kim743@example.com
CUS-0004626,Aisha Garcia,retail_consumer,bronze,ZN-000015,Osaka,JP,APAC,176 Union Sq,34.672747,135.512843,2019-06-19,4.0,154.49,4.89,afternoon,False,,0.287,aisha.garcia933@example.com
CUS-0004627,Jun Nguyen,marketplace_seller,none,ZN-000354,Atlanta,US,NA,313 Cedar St,33.815826,-84.487038,2018-02-10,11.0,866.58,4.56,any,False,,0.0,jun.nguyen634@example.com
CUS-0004628,Priya Kowalski,retail_consumer,gold,ZN-000362,London,GB,EMEA,333 Central Ave,51.485501,-0.030075,2024-04-01,15.0,260.22,4.68,any,False,,0.081,priya.kowalski462@example.com
CUS-0004629,Carlos Rossi,smb,none,ZN-000332,Delhi,IN,APAC,209 Victoria Dr,28.76981,77.013191,2019-08-06,56.0,9901.02,4.77,evening,True,,0.0,carlos.rossi715@example.com
CUS-0004630,Freya Dubois,smb,none,ZN-000220,Delhi,IN,APAC,393 Industrial Blvd,28.62988,77.135307,2025-02-04,71.0,9571.07,3.05,afternoon,True,,0.376,freya.dubois853@example.com
CUS-0004631,Viktor Sharma,marketplace_seller,none,ZN-000170,Atlanta,US,NA,460 Oak St,33.685884,-84.357026,2022-03-16,21.0,478.42,5.0,afternoon,False,,0.409,viktor.sharma271@example.com
CUS-0004632,Rahul Novak,enterprise,none,ZN-000439,Stockholm,SE,EMEA,208 Central Ave,59.291779,18.19669,2018-12-24,264.0,11873.67,3.78,morning,True,24.0,0.392,rahul.novak513@example.com
CUS-0004633,Aisha Ali,smb,none,ZN-000030,Krakow,PL,EMEA,2 Market St,49.988544,20.042318,2023-10-03,214.0,30597.88,4.11,afternoon,True,,0.101,aisha.ali529@example.com
CUS-0004634,Hugo Kim,retail_consumer,none,ZN-000365,Rome,IT,EMEA,38 Church Sq,41.93562,12.62512,2018-05-12,3.0,105.68,4.83,morning,False,,0.205,hugo.kim702@example.com
CUS-0004635,Nikolai Weber,retail_consumer,bronze,ZN-000310,Osaka,JP,APAC,464 Kings Blvd,34.701042,135.569234,2025-07-04,8.0,1712.62,3.25,morning,False,,0.401,nikolai.weber950@example.com
CUS-0004636,Omar Ali,retail_consumer,none,ZN-000495,Krakow,PL,EMEA,55 Oak Sq,49.869062,20.004408,2023-05-14,8.0,661.32,3.98,morning,False,,0.522,omar.ali59@example.com
CUS-0004637,Zara Kowalski,retail_consumer,none,ZN-000309,Krakow,PL,EMEA,72 Riverside Blvd,49.92849,19.624765,2021-09-18,16.0,1037.0,4.41,evening,False,,0.48,zara.kowalski863@example.com
CUS-0004638,Omar Dubois,retail_consumer,gold,ZN-000485,Stockholm,SE,EMEA,377 Depot Dr,59.240953,18.355289,2018-02-26,7.0,256.06,2.95,evening,False,,0.023,omar.dubois146@example.com
CUS-0004639,Carlos Ivanov,retail_consumer,none,ZN-000495,Krakow,PL,EMEA,315 Cedar Rd,49.879065,20.007463,2024-03-25,83.0,2409.36,5.0,evening,False,,0.443,carlos.ivanov571@example.com
CUS-0004640,Nikolai Rossi,retail_consumer,none,ZN-000470,Shanghai,CN,APAC,461 Kings Blvd,31.21215,121.369594,2021-05-08,7.0,216.52,4.18,morning,False,,0.299,nikolai.rossi520@example.com
CUS-0004641,Peter Muller,retail_consumer,bronze,ZN-000168,Krakow,PL,EMEA,413 Depot Sq,49.891988,19.799749,2024-04-14,8.0,2249.52,5.0,afternoon,False,,0.0,peter.muller410@example.com
CUS-0004642,Zara Costa,retail_consumer,none,ZN-000099,London,GB,EMEA,52 Park Ln,51.498254,-0.097269,2018-11-25,4.0,108.51,4.47,evening,False,,0.221,zara.costa831@example.com
CUS-0004643,Marcus Hansen,smb,bronze,ZN-000049,Stockholm,SE,EMEA,321 Union Ave,59.266047,18.141454,2024-01-01,45.0,1981.55,3.63,afternoon,True,,0.443,marcus.hansen208@example.com
CUS-0004644,Alex Smith,retail_consumer,gold,ZN-000475,London,GB,EMEA,57 Bridge Ave,51.547442,-0.116735,2018-06-22,4.0,87.75,3.93,morning,False,,0.248,alex.smith390@example.com
CUS-0004645,Omar Muller,retail_consumer,none,ZN-000407,Bengaluru,IN,APAC,337 Station Ave,12.946399,77.270407,2020-11-02,7.0,191.87,3.52,afternoon,False,,0.099,omar.muller15@example.com
CUS-0004646,Marcus Torres,smb,gold,ZN-000007,Los Angeles,US,NA,175 Pine Dr,34.059303,-118.198032,2020-02-05,14.0,649.53,4.66,morning,True,,0.0,marcus.torres466@example.com
CUS-0004647,Sofia Brown,retail_consumer,bronze,ZN-000180,Manchester,GB,EMEA,70 Market Rd,53.519136,-2.094308,2018-09-15,41.0,2226.76,5.0,afternoon,False,,0.446,sofia.brown33@example.com
CUS-0004648,Daniel Okafor,public_sector,none,ZN-000396,Krakow,PL,EMEA,299 Church Ln,50.126141,19.625012,2022-11-01,51.0,4397.51,2.98,evening,True,24.0,0.305,daniel.okafor738@example.com
CUS-0004649,Yuki Hansen,smb,none,ZN-000364,Manchester,GB,EMEA,154 Central Ave,53.544504,-2.183586,2024-08-31,19.0,2369.57,3.79,afternoon,True,,0.191,yuki.hansen885@example.com
CUS-0004650,Isabella Dubois,retail_consumer,gold,ZN-000203,London,GB,EMEA,168 Victoria Ave,51.746053,-0.205877,2023-04-28,15.0,354.27,5.0,evening,False,,0.006,isabella.dubois769@example.com
CUS-0004651,Marcus Nakamura,enterprise,silver,ZN-000339,Rome,IT,EMEA,418 Depot Blvd,41.958946,12.394333,2023-10-04,167.0,15647.77,4.35,evening,True,48.0,0.118,marcus.nakamura745@example.com
CUS-0004652,Elena Hansen,retail_consumer,none,ZN-000414,Manchester,GB,EMEA,417 Warehouse Dr,53.513388,-1.977297,2020-02-06,10.0,882.64,3.69,afternoon,False,,0.4,elena.hansen988@example.com
CUS-0004653,Anna Smith,retail_consumer,gold,ZN-000368,Delhi,IN,APAC,260 Elm Dr,28.655212,77.15898,2020-09-06,8.0,1291.62,4.17,afternoon,False,,0.256,anna.smith115@example.com
CUS-0004654,Yuki Torres,retail_consumer,bronze,ZN-000042,Osaka,JP,APAC,74 Grove Sq,34.65713,135.455099,2019-04-24,23.0,2548.78,5.0,any,False,,0.339,yuki.torres413@example.com
CUS-0004655,Rahul Okafor,retail_consumer,bronze,ZN-000474,Delhi,IN,APAC,331 Union Ln,28.622911,77.118646,2023-02-28,2.0,114.29,2.94,afternoon,False,,0.302,rahul.okafor449@example.com
CUS-0004656,Chen Kim,enterprise,platinum,ZN-000151,Delhi,IN,APAC,376 Harbour Way,28.729382,77.037202,2023-12-14,536.0,31254.2,4.41,evening,True,12.0,0.245,chen.kim501@example.com
CUS-0004657,Nadia Fernandez,retail_consumer,silver,ZN-000472,Sao Paulo,BR,LATAM,415 Pine Blvd,-23.50072,-46.656865,2018-11-20,10.0,371.17,3.4,evening,False,,0.0,nadia.fernandez142@example.com
CUS-0004658,Maria Nakamura,public_sector,none,ZN-000246,London,GB,EMEA,303 Kings Dr,51.429099,-0.142917,2023-08-31,7.0,884.43,4.81,any,True,24.0,0.092,maria.nakamura630@example.com
CUS-0004659,Daniel Nakamura,retail_consumer,silver,ZN-000455,London,GB,EMEA,348 Market Way,51.1845,-0.203405,2019-08-18,15.0,994.54,2.84,any,False,,0.536,daniel.nakamura84@example.com
CUS-0004660,Diego Torres,retail_consumer,none,ZN-000492,Krakow,PL,EMEA,304 Station Sq,50.050478,19.813947,2021-02-17,20.0,515.16,4.99,evening,False,,0.0,diego.torres971@example.com
CUS-0004661,Lucas Rossi,retail_consumer,none,ZN-000072,Shanghai,CN,APAC,453 Pine St,31.257958,121.526619,2020-05-15,14.0,433.89,4.71,morning,False,,0.359,lucas.rossi148@example.com
CUS-0004662,Elena Brown,marketplace_seller,none,ZN-000338,Manchester,GB,EMEA,248 Kings St,53.584219,-2.37903,2023-11-07,6.0,97.59,2.33,evening,False,,0.385,elena.brown400@example.com
CUS-0004663,Alex Torres,retail_consumer,gold,ZN-000291,Atlanta,US,NA,305 Church Ave,33.738839,-84.303783,2020-09-17,5.0,307.24,3.95,afternoon,False,,0.433,alex.torres584@example.com
CUS-0004664,Alex Okafor,smb,none,ZN-000194,Delhi,IN,APAC,253 Bridge Ave,28.626842,77.063459,2022-06-08,44.0,6648.63,5.0,afternoon,True,,0.114,alex.okafor965@example.com
CUS-0004665,Tomas Brown,retail_consumer,silver,ZN-000161,Delhi,IN,APAC,100 Market Sq,28.721268,77.188294,2019-09-17,10.0,1306.49,4.53,afternoon,False,,0.369,tomas.brown116@example.com
CUS-0004666,Carlos Fernandez,retail_consumer,bronze,ZN-000161,Delhi,IN,APAC,379 Union Ln,28.752197,77.189679,2025-06-28,27.0,2070.45,3.83,evening,False,,0.15,carlos.fernandez196@example.com
CUS-0004667,Priya Kim,smb,platinum,ZN-000140,Krakow,PL,EMEA,37 Central Dr,50.089472,19.995566,2025-08-08,9.0,509.58,4.0,afternoon,True,,0.192,priya.kim838@example.com
CUS-0004668,Grace Hansen,enterprise,silver,ZN-000466,Los Angeles,US,NA,109 Riverside Blvd,33.960649,-118.224225,2025-02-13,469.0,19590.85,1.91,evening,True,12.0,0.68,grace.hansen389@example.com
CUS-0004669,Elena Ivanov,retail_consumer,bronze,ZN-000326,Shanghai,CN,APAC,180 Elm Ln,31.134863,121.426736,2022-02-24,18.0,438.98,4.29,afternoon,False,,0.0,elena.ivanov135@example.com
CUS-0004670,Diego Lindqvist,retail_consumer,none,ZN-000476,Shanghai,CN,APAC,222 Victoria Sq,31.256818,121.376081,2022-01-20,6.0,204.62,3.45,afternoon,False,,0.074,diego.lindqvist286@example.com
CUS-0004671,Zara Petrov,retail_consumer,none,ZN-000422,Shanghai,CN,APAC,436 Bridge Rd,31.259254,121.364492,2020-07-31,12.0,1345.05,2.31,evening,False,,0.566,zara.petrov613@example.com
CUS-0004672,Leila Nakamura,smb,silver,ZN-000478,Los Angeles,US,NA,52 Bridge St,33.913151,-118.035201,2019-12-16,59.0,2819.99,2.61,afternoon,True,,0.016,leila.nakamura2@example.com
CUS-0004673,Anna Torres,retail_consumer,none,ZN-000451,London,GB,EMEA,335 Station St,51.580196,-0.125236,2024-08-22,27.0,2487.77,2.91,afternoon,False,,0.263,anna.torres343@example.com
CUS-0004674,Nadia Kim,retail_consumer,platinum,ZN-000138,Jakarta,ID,APAC,266 Bridge Way,-6.234245,106.945925,2021-07-01,2.0,27.07,3.72,morning,False,,0.459,nadia.kim104@example.com
CUS-0004675,Nikolai Silva,retail_consumer,none,ZN-000403,Atlanta,US,NA,268 Harbour Way,33.946836,-84.434602,2024-01-03,23.0,541.33,4.56,evening,False,,0.42,nikolai.silva787@example.com
CUS-0004676,Lucas Nguyen,retail_consumer,none,ZN-000126,London,GB,EMEA,179 Central Ln,51.424618,-0.240308,2020-10-16,12.0,582.71,3.2,any,False,,0.173,lucas.nguyen749@example.com
CUS-0004677,Peter Petrov,retail_consumer,none,ZN-000166,Rome,IT,EMEA,207 Station Ln,41.817906,12.525332,2019-01-30,10.0,1014.18,4.39,any,False,,0.228,peter.petrov797@example.com
CUS-0004678,Mateo Muller,retail_consumer,silver,ZN-000450,Krakow,PL,EMEA,16 Park Way,50.123273,19.924671,2021-10-04,24.0,1378.01,5.0,afternoon,False,,0.301,mateo.muller942@example.com
CUS-0004679,Elena Kim,smb,gold,ZN-000323,Mexico City,MX,LATAM,413 Oak Way,19.401928,-99.05541,2024-01-02,47.0,646.1,3.66,afternoon,True,,0.381,elena.kim112@example.com
CUS-0004680,Sofia Moreau,retail_consumer,none,ZN-000101,Krakow,PL,EMEA,105 Elm Way,50.022848,19.880059,2021-10-13,3.0,63.4,3.67,afternoon,False,,0.145,sofia.moreau235@example.com
CUS-0004681,Alex Dubois,retail_consumer,none,ZN-000317,Manchester,GB,EMEA,177 Depot Ln,53.469399,-2.332351,2019-11-22,14.0,2001.42,4.92,morning,False,,0.336,alex.dubois298@example.com
CUS-0004682,Sofia Fernandez,retail_consumer,gold,ZN-000251,Jakarta,ID,APAC,302 Warehouse St,-6.303198,106.847198,2021-10-06,26.0,1603.64,3.27,evening,False,,0.16,sofia.fernandez437@example.com
CUS-0004683,Rahul Rossi,retail_consumer,silver,ZN-000296,Sao Paulo,BR,LATAM,355 Warehouse Blvd,-23.553641,-46.550991,2020-06-16,13.0,1559.37,3.9,evening,False,,0.236,rahul.rossi881@example.com
CUS-0004684,Chen Muller,retail_consumer,none,ZN-000455,London,GB,EMEA,414 Warehouse Ave,51.19071,-0.170027,2021-06-07,10.0,380.72,4.55,evening,False,,0.228,chen.muller889@example.com
CUS-0004685,Alex Dubois,marketplace_seller,none,ZN-000409,Osaka,JP,APAC,399 Union Sq,34.730148,135.384737,2023-10-16,20.0,1936.03,5.0,evening,False,,0.385,alex.dubois313@example.com
CUS-0004686,Leila Yilmaz,retail_consumer,none,ZN-000367,Shanghai,CN,APAC,261 Union Ave,31.220033,121.556998,2023-07-19,18.0,4140.03,3.56,evening,False,,0.197,leila.yilmaz835@example.com
CUS-0004687,Aisha Nakamura,enterprise,bronze,ZN-000346,Amsterdam,NL,EMEA,157 Harbour Blvd,52.305042,4.990096,2018-08-30,444.0,10404.63,4.01,evening,True,48.0,0.0,aisha.nakamura648@example.com
CUS-0004688,Amara Okafor,retail_consumer,none,ZN-000008,Krakow,PL,EMEA,400 Warehouse Rd,50.092604,20.083484,2025-06-23,49.0,2281.72,3.25,evening,False,,0.21,amara.okafor988@example.com
CUS-0004689,Priya Fernandez,enterprise,gold,ZN-000387,Atlanta,US,NA,398 Warehouse Way,33.845815,-84.34981,2023-02-19,95.0,7838.0,5.0,evening,True,12.0,0.276,priya.fernandez717@example.com
CUS-0004690,Ivan Rahman,retail_consumer,bronze,ZN-000020,Bengaluru,IN,APAC,119 Cedar Ln,12.994616,77.509493,2021-07-10,5.0,240.87,3.53,any,False,,0.403,ivan.rahman430@example.com
CUS-0004691,Freya Novak,enterprise,bronze,ZN-000174,Jakarta,ID,APAC,387 Bridge Rd,-6.155497,106.828318,2023-01-18,932.0,81308.25,4.22,any,True,24.0,0.387,freya.novak674@example.com
CUS-0004692,Nadia Garcia,smb,gold,ZN-000128,Shanghai,CN,APAC,397 Park Blvd,31.278906,121.44972,2019-03-08,9.0,694.1,4.42,evening,True,,0.294,nadia.garcia238@example.com
CUS-0004693,Zara Hansen,retail_consumer,none,ZN-000351,London,GB,EMEA,33 Cedar St,51.470897,-0.125933,2021-10-28,4.0,170.65,3.28,morning,False,,0.234,zara.hansen293@example.com
CUS-0004694,Ivan Weber,retail_consumer,gold,ZN-000381,Manchester,GB,EMEA,37 Riverside Rd,53.530056,-2.120088,2019-06-28,5.0,140.11,4.65,evening,False,,0.36,ivan.weber291@example.com
CUS-0004695,Anna Hansen,enterprise,silver,ZN-000014,Delhi,IN,APAC,108 Bridge St,28.797105,77.099495,2023-02-12,154.0,4525.81,4.07,evening,True,48.0,0.492,anna.hansen200@example.com
CUS-0004696,Daniel Yilmaz,smb,silver,ZN-000184,London,GB,EMEA,332 Warehouse Blvd,51.494901,-0.059355,2023-09-18,13.0,324.32,5.0,evening,True,,0.169,daniel.yilmaz664@example.com
CUS-0004697,Sofia Bakker,retail_consumer,bronze,ZN-000236,Bengaluru,IN,APAC,175 Union Sq,13.067855,77.626734,2025-11-11,14.0,309.38,5.0,evening,False,,0.0,sofia.bakker126@example.com
CUS-0004698,Aisha Yilmaz,retail_consumer,none,ZN-000370,Rome,IT,EMEA,444 Central Sq,41.987651,12.570668,2021-05-13,44.0,1067.33,3.93,afternoon,False,,0.38,aisha.yilmaz665@example.com
CUS-0004699,Omar Zhang,retail_consumer,none,ZN-000012,Shanghai,CN,APAC,208 Market Ave,31.163501,121.459182,2020-05-15,6.0,544.3,5.0,afternoon,False,,0.57,omar.zhang23@example.com
CUS-0004700,Hugo Okafor,smb,none,ZN-000198,London,GB,EMEA,78 Depot Rd,51.28949,-0.084159,2020-07-02,14.0,1229.46,3.04,morning,True,,0.409,hugo.okafor507@example.com
CUS-0004701,Aisha Sharma,retail_consumer,silver,ZN-000399,Atlanta,US,NA,338 Union Rd,33.498409,-84.196738,2024-12-11,25.0,1291.67,3.5,any,False,,0.246,aisha.sharma691@example.com
CUS-0004702,Sofia Dubois,retail_consumer,none,ZN-000299,Stockholm,SE,EMEA,277 Oak St,59.33814,17.910634,2018-05-27,6.0,319.75,4.39,any,False,,0.424,sofia.dubois278@example.com
CUS-0004703,Fatima Costa,retail_consumer,bronze,ZN-000495,Krakow,PL,EMEA,273 Maple Way,49.859615,19.980081,2025-10-10,6.0,400.97,5.0,evening,False,,0.033,fatima.costa143@example.com
CUS-0004704,Sofia Novak,smb,none,ZN-000204,Manchester,GB,EMEA,253 Park Blvd,53.605524,-1.813398,2021-03-17,11.0,937.12,4.96,evening,True,,0.167,sofia.novak348@example.com
CUS-0004705,Nikolai Nguyen,smb,gold,ZN-000158,Shanghai,CN,APAC,468 Pine Rd,31.207323,121.557387,2020-02-29,23.0,1673.81,3.37,evening,True,,0.162,nikolai.nguyen280@example.com
CUS-0004706,Diego Sharma,marketplace_seller,silver,ZN-000402,London,GB,EMEA,417 Warehouse Ave,51.573353,-0.214808,2018-08-21,7.0,919.32,4.5,afternoon,False,,0.235,diego.sharma105@example.com
CUS-0004707,Ivan Nguyen,enterprise,gold,ZN-000479,Delhi,IN,APAC,239 Cedar Sq,28.71527,77.131528,2021-06-06,521.0,34590.06,5.0,any,True,24.0,0.6,ivan.nguyen795@example.com
CUS-0004708,Tomas Muller,retail_consumer,bronze,ZN-000346,Amsterdam,NL,EMEA,112 Warehouse Dr,52.334516,4.937365,2021-09-12,19.0,735.74,4.54,afternoon,False,,0.417,tomas.muller524@example.com
CUS-0004709,Nadia Silva,retail_consumer,bronze,ZN-000480,Rome,IT,EMEA,468 Central Way,41.84247,12.473879,2024-06-23,35.0,3446.87,4.77,morning,False,,0.133,nadia.silva845@example.com
CUS-0004710,Hugo Rahman,enterprise,silver,ZN-000132,Krakow,PL,EMEA,362 Industrial St,49.917004,19.717702,2022-03-14,157.0,5223.1,5.0,afternoon,True,48.0,0.28,hugo.rahman641@example.com
CUS-0004711,Fatima Smith,retail_consumer,gold,ZN-000358,London,GB,EMEA,103 Victoria Dr,51.573999,-0.046919,2019-09-22,5.0,181.63,4.54,evening,False,,0.406,fatima.smith385@example.com
CUS-0004712,Anna Weber,enterprise,none,ZN-000349,London,GB,EMEA,276 Grove Blvd,51.472817,-0.119328,2020-02-20,260.0,10434.63,5.0,evening,True,48.0,0.0,anna.weber51@example.com
CUS-0004713,Anna Yilmaz,enterprise,none,ZN-000120,Rome,IT,EMEA,106 Bridge Ln,41.800937,12.455814,2023-07-08,209.0,6212.98,4.15,afternoon,True,24.0,0.327,anna.yilmaz533@example.com
CUS-0004714,Alex Fernandez,retail_consumer,silver,ZN-000243,Bengaluru,IN,APAC,301 Kings Blvd,12.92319,77.617894,2023-08-19,5.0,298.21,4.71,afternoon,False,,0.471,alex.fernandez238@example.com
CUS-0004715,Tomas Rahman,retail_consumer,silver,ZN-000371,Amsterdam,NL,EMEA,181 Cedar St,52.303151,4.901978,2023-07-07,11.0,749.13,3.84,any,False,,0.542,tomas.rahman91@example.com
CUS-0004716,Carlos Yilmaz,retail_consumer,silver,ZN-000388,Atlanta,US,NA,386 Warehouse Way,33.623412,-84.473034,2022-08-30,24.0,1061.36,4.35,any,False,,0.495,carlos.yilmaz542@example.com
CUS-0004717,Marcus Novak,public_sector,silver,ZN-000202,Krakow,PL,EMEA,109 Oak Dr,50.091124,19.957889,2023-05-30,26.0,1160.47,4.35,afternoon,True,24.0,0.0,marcus.novak945@example.com
CUS-0004718,Amara Garcia,retail_consumer,none,ZN-000196,Amsterdam,NL,EMEA,470 Station Ave,52.350085,4.964455,2018-10-23,5.0,359.04,5.0,morning,False,,0.372,amara.garcia45@example.com
CUS-0004719,Rahul Sharma,enterprise,bronze,ZN-000032,Manchester,GB,EMEA,321 Maple Ln,53.301311,-1.968493,2018-08-05,175.0,6113.41,4.75,evening,True,24.0,0.0,rahul.sharma47@example.com
CUS-0004720,Fatima Fernandez,marketplace_seller,platinum,ZN-000487,London,GB,EMEA,84 Riverside Way,51.60677,-0.093301,2020-08-17,15.0,538.05,3.97,any,False,,0.158,fatima.fernandez130@example.com
CUS-0004721,Chen Kim,retail_consumer,none,ZN-000456,Berlin,DE,EMEA,1 Harbour Ln,52.572081,13.421801,2018-08-06,9.0,1176.6,3.9,afternoon,False,,0.34,chen.kim424@example.com
CUS-0004722,Carlos Sharma,smb,bronze,ZN-000369,London,GB,EMEA,364 Oak Ln,51.453616,-0.206107,2024-01-10,19.0,688.17,3.36,any,True,,0.331,carlos.sharma119@example.com
CUS-0004723,Grace Lindqvist,marketplace_seller,silver,ZN-000052,London,GB,EMEA,374 Station Blvd,51.550759,-0.203688,2018-01-03,11.0,331.68,3.41,any,False,,0.571,grace.lindqvist107@example.com
CUS-0004724,Anna Petrov,smb,none,ZN-000183,Sao Paulo,BR,LATAM,366 Grove Ave,-23.610812,-46.697398,2024-02-03,10.0,1064.33,5.0,afternoon,True,,0.161,anna.petrov226@example.com
CUS-0004725,Rahul Kim,marketplace_seller,none,ZN-000281,Mexico City,MX,LATAM,32 Station Sq,19.446469,-99.20803,2020-01-22,6.0,228.56,4.41,morning,False,,0.457,rahul.kim453@example.com
CUS-0004726,Amara Dubois,retail_consumer,none,ZN-000307,Manchester,GB,EMEA,317 Bridge Ln,53.510812,-2.176053,2018-05-13,23.0,394.36,5.0,morning,False,,0.644,amara.dubois360@example.com
CUS-0004727,Aisha Rossi,retail_consumer,silver,ZN-000387,Atlanta,US,NA,354 Station Ln,33.833395,-84.368207,2019-08-08,9.0,994.16,3.42,evening,False,,0.07,aisha.rossi834@example.com
CUS-0004728,Lucas Garcia,smb,platinum,ZN-000181,London,GB,EMEA,51 Union Ln,51.499378,-0.175676,2018-03-20,33.0,5910.65,4.72,evening,True,,0.303,lucas.garcia240@example.com
CUS-0004729,Diego Nakamura,retail_consumer,none,ZN-000136,Rome,IT,EMEA,26 Depot Blvd,42.019878,12.68272,2021-10-06,7.0,702.32,4.23,evening,False,,0.516,diego.nakamura958@example.com
CUS-0004730,Zara Fernandez,retail_consumer,none,ZN-000404,Berlin,DE,EMEA,127 Maple Dr,52.294787,13.389537,2022-08-11,5.0,87.71,4.92,any,False,,0.074,zara.fernandez942@example.com
CUS-0004731,Zara Nakamura,retail_consumer,platinum,ZN-000197,Atlanta,US,NA,437 Market Ln,33.78208,-84.350814,2024-02-01,12.0,782.01,4.32,afternoon,False,,0.237,zara.nakamura562@example.com
CUS-0004732,Freya Kowalski,retail_consumer,none,ZN-000173,Atlanta,US,NA,404 Elm Way,33.283833,-84.683251,2024-06-23,7.0,393.69,3.21,any,False,,0.059,freya.kowalski775@example.com
CUS-0004733,Nadia Petrov,retail_consumer,silver,ZN-000291,Atlanta,US,NA,189 Church Way,33.703886,-84.30876,2020-07-09,3.0,146.85,3.6,morning,False,,0.501,nadia.petrov407@example.com
CUS-0004734,Carlos Lindqvist,retail_consumer,none,ZN-000421,Shanghai,CN,APAC,342 Union Ave,31.181094,121.436913,2020-12-26,15.0,461.63,3.25,any,False,,0.043,carlos.lindqvist270@example.com
CUS-0004735,Zara Muller,smb,none,ZN-000313,Sao Paulo,BR,LATAM,285 Warehouse St,-23.430832,-46.815847,2020-07-07,40.0,1003.52,4.06,morning,True,,0.061,zara.muller203@example.com
CUS-0004736,Chen Garcia,smb,silver,ZN-000284,Bengaluru,IN,APAC,67 Industrial Rd,13.035484,77.592145,2021-05-16,15.0,1108.96,3.46,afternoon,True,,0.469,chen.garcia357@example.com
CUS-0004737,Isabella Ali,enterprise,none,ZN-000291,Atlanta,US,NA,14 Grove St,33.710166,-84.300142,2021-12-21,1268.0,43525.79,4.88,any,True,24.0,0.303,isabella.ali305@example.com
CUS-0004738,Isabella Lindqvist,retail_consumer,bronze,ZN-000162,Los Angeles,US,NA,125 Central St,34.047068,-118.287934,2025-05-04,21.0,1092.11,3.52,evening,False,,0.34,isabella.lindqvist604@example.com
CUS-0004739,Yuki Costa,retail_consumer,bronze,ZN-000327,Los Angeles,US,NA,339 Industrial Dr,34.031885,-118.117876,2024-08-12,19.0,2706.25,4.01,afternoon,False,,0.0,yuki.costa404@example.com
CUS-0004740,Peter Silva,retail_consumer,gold,ZN-000084,Manchester,GB,EMEA,255 Bridge Ave,53.485515,-2.171167,2021-11-09,8.0,638.52,4.77,evening,False,,0.204,peter.silva2@example.com
CUS-0004741,Aisha Weber,retail_consumer,none,ZN-000155,Berlin,DE,EMEA,143 Bridge Dr,52.540254,13.421441,2018-03-28,7.0,134.96,3.75,evening,False,,0.165,aisha.weber888@example.com
CUS-0004742,Carlos Zhang,retail_consumer,none,ZN-000084,Manchester,GB,EMEA,287 Industrial Blvd,53.507454,-2.099718,2019-05-19,12.0,1368.93,3.88,morning,False,,0.479,carlos.zhang507@example.com
CUS-0004743,Nadia Silva,smb,silver,ZN-000092,London,GB,EMEA,140 Grove Sq,51.542853,-0.187303,2018-02-02,32.0,1164.99,4.87,morning,True,,0.491,nadia.silva306@example.com
CUS-0004744,Aisha Torres,retail_consumer,none,ZN-000453,Krakow,PL,EMEA,452 Pine Ln,50.115506,19.969248,2018-11-13,3.0,122.71,3.32,evening,False,,0.413,aisha.torres234@example.com
CUS-0004745,Yuki Novak,retail_consumer,silver,ZN-000134,Berlin,DE,EMEA,252 Victoria Blvd,52.874969,13.928478,2023-09-13,25.0,636.44,4.18,afternoon,False,,0.29,yuki.novak573@example.com
CUS-0004746,Viktor Petrov,retail_consumer,none,ZN-000252,Rome,IT,EMEA,183 Market Sq,41.854285,12.458428,2023-09-20,18.0,615.7,4.7,any,False,,0.319,viktor.petrov744@example.com
CUS-0004747,Yuki Ivanov,smb,none,ZN-000280,Manchester,GB,EMEA,4 Bridge Dr,54.044778,-2.076073,2021-07-16,45.0,1217.13,3.52,evening,True,,0.211,yuki.ivanov548@example.com
CUS-0004748,Mateo Nguyen,smb,silver,ZN-000489,Manchester,GB,EMEA,296 Kings Ln,53.539298,-2.313535,2022-01-24,9.0,583.66,3.55,morning,True,,0.324,mateo.nguyen871@example.com
CUS-0004749,Sofia Garcia,smb,bronze,ZN-000138,Jakarta,ID,APAC,477 Warehouse Blvd,-6.214494,106.95253,2018-05-28,74.0,2133.54,5.0,any,True,,0.246,sofia.garcia669@example.com
CUS-0004750,Nadia Costa,smb,platinum,ZN-000182,Manchester,GB,EMEA,150 Park St,53.447708,-2.589325,2019-10-12,35.0,1327.09,3.74,morning,True,,0.0,nadia.costa482@example.com
CUS-0004751,Marcus Lindqvist,retail_consumer,bronze,ZN-000160,Mexico City,MX,LATAM,470 Church Ave,19.45979,-99.114828,2022-02-27,15.0,589.11,3.34,any,False,,0.638,marcus.lindqvist922@example.com
CUS-0004752,Priya Ivanov,public_sector,silver,ZN-000028,Shanghai,CN,APAC,136 Bridge St,31.240454,121.470276,2023-02-27,27.0,1499.95,3.45,evening,True,48.0,0.194,priya.ivanov721@example.com
CUS-0004753,Viktor Dubois,retail_consumer,gold,ZN-000337,Shanghai,CN,APAC,71 Bridge Ave,31.158387,121.426237,2024-06-20,20.0,2037.33,4.04,afternoon,False,,0.11,viktor.dubois399@example.com
CUS-0004754,Peter Costa,smb,none,ZN-000320,Stockholm,SE,EMEA,358 Maple Blvd,59.278888,18.260048,2018-01-15,12.0,603.08,4.48,afternoon,True,,0.29,peter.costa80@example.com
CUS-0004755,Elena Costa,retail_consumer,silver,ZN-000074,Krakow,PL,EMEA,319 Grove Ln,50.103396,20.005019,2019-09-08,10.0,599.8,4.01,evening,False,,0.372,elena.costa65@example.com
CUS-0004756,Priya Weber,retail_consumer,platinum,ZN-000341,Sao Paulo,BR,LATAM,275 Warehouse Sq,-23.592872,-46.676884,2018-06-13,23.0,1407.83,3.8,any,False,,0.521,priya.weber634@example.com
CUS-0004757,Aisha Yilmaz,smb,silver,ZN-000411,Berlin,DE,EMEA,21 Kings Dr,52.563052,13.431403,2025-08-14,25.0,637.15,4.11,evening,True,,0.398,aisha.yilmaz940@example.com
CUS-0004758,Amara Ali,smb,none,ZN-000040,Stockholm,SE,EMEA,436 Union Dr,59.313442,18.129879,2021-02-11,12.0,522.83,4.76,afternoon,True,,0.0,amara.ali758@example.com
CUS-0004759,Chen Dubois,enterprise,none,ZN-000194,Delhi,IN,APAC,114 Union Rd,28.625127,77.05907,2021-10-14,145.0,4957.65,3.47,evening,True,48.0,0.0,chen.dubois2@example.com
CUS-0004760,Nadia Ali,retail_consumer,none,ZN-000319,Amsterdam,NL,EMEA,205 Bridge Rd,52.323014,4.883987,2023-12-08,15.0,480.75,3.15,afternoon,False,,0.168,nadia.ali291@example.com
CUS-0004761,Yuki Okafor,retail_consumer,bronze,ZN-000172,Jakarta,ID,APAC,269 Maple Sq,-6.146831,106.82525,2019-06-03,11.0,344.28,3.95,evening,False,,0.543,yuki.okafor792@example.com
CUS-0004762,Diego Costa,marketplace_seller,none,ZN-000424,Mexico City,MX,LATAM,324 Grove Blvd,19.472769,-99.110111,2020-07-08,5.0,169.29,4.4,any,False,,0.379,diego.costa417@example.com
CUS-0004763,Lucas Kim,enterprise,silver,ZN-000422,Shanghai,CN,APAC,424 Cedar Dr,31.244942,121.353754,2022-10-05,410.0,16288.68,4.67,evening,True,24.0,0.295,lucas.kim6@example.com
CUS-0004764,Chen Torres,retail_consumer,none,ZN-000300,Mexico City,MX,LATAM,126 Cedar Ln,19.476118,-99.039223,2021-02-16,17.0,2987.62,4.14,afternoon,False,,0.438,chen.torres90@example.com
CUS-0004765,Fatima Ivanov,retail_consumer,none,ZN-000253,Krakow,PL,EMEA,29 Church Dr,50.132176,20.023061,2019-07-28,7.0,232.46,3.15,any,False,,0.056,fatima.ivanov58@example.com
CUS-0004766,Mateo Smith,smb,gold,ZN-000258,Jakarta,ID,APAC,365 Elm Way,-6.138723,106.804201,2021-10-31,26.0,677.78,5.0,morning,True,,0.398,mateo.smith874@example.com
CUS-0004767,Diego Sharma,retail_consumer,none,ZN-000160,Mexico City,MX,LATAM,366 Grove Blvd,19.456049,-99.119885,2018-02-25,4.0,116.82,4.18,evening,False,,0.0,diego.sharma81@example.com
CUS-0004768,Mateo Ivanov,enterprise,none,ZN-000456,Berlin,DE,EMEA,63 Riverside Sq,52.586718,13.41861,2020-10-13,205.0,16534.11,4.23,evening,True,48.0,0.43,mateo.ivanov63@example.com
CUS-0004769,Isabella Rossi,retail_consumer,bronze,ZN-000184,London,GB,EMEA,226 Depot Blvd,51.509057,-0.061351,2022-11-13,40.0,585.5,3.91,evening,False,,0.381,isabella.rossi126@example.com
CUS-0004770,Mateo Petrov,retail_consumer,none,ZN-000287,Stockholm,SE,EMEA,298 Oak Ln,59.354858,17.901422,2020-01-01,18.0,2845.68,4.03,evening,False,,0.0,mateo.petrov590@example.com
CUS-0004771,Mateo Brown,marketplace_seller,none,ZN-000105,Krakow,PL,EMEA,401 Elm Ln,50.565392,20.203465,2024-10-13,7.0,162.26,4.7,morning,False,,0.405,mateo.brown572@example.com
CUS-0004772,Alex Hansen,retail_consumer,bronze,ZN-000041,Berlin,DE,EMEA,405 Depot Sq,52.493353,13.224629,2025-11-16,18.0,3203.94,3.35,evening,False,,0.81,alex.hansen485@example.com
CUS-0004773,Diego Hansen,enterprise,none,ZN-000479,Delhi,IN,APAC,57 Central Blvd,28.704421,77.161517,2024-04-16,109.0,13383.99,4.45,afternoon,True,12.0,0.388,diego.hansen717@example.com
CUS-0004774,Nadia Kowalski,retail_consumer,none,ZN-000467,Manchester,GB,EMEA,120 Elm St,53.392614,-2.173432,2023-09-27,12.0,704.57,3.77,evening,False,,0.407,nadia.kowalski557@example.com
CUS-0004775,Lucas Brown,marketplace_seller,none,ZN-000128,Shanghai,CN,APAC,62 Union St,31.326869,121.457461,2025-03-22,28.0,965.91,4.7,evening,False,,0.016,lucas.brown949@example.com
CUS-0004776,Peter Novak,marketplace_seller,none,ZN-000498,Bengaluru,IN,APAC,379 Oak Ave,13.016883,77.668328,2020-08-21,3.0,142.21,4.53,afternoon,False,,0.53,peter.novak319@example.com
CUS-0004777,Nadia Moreau,retail_consumer,silver,ZN-000161,Delhi,IN,APAC,145 Harbour Blvd,28.7591,77.168292,2019-09-22,11.0,385.98,4.16,afternoon,False,,0.162,nadia.moreau978@example.com
CUS-0004778,Omar Rossi,smb,none,ZN-000359,Jakarta,ID,APAC,348 Riverside Way,-6.125137,106.901873,2021-01-27,29.0,4049.82,3.85,any,True,,0.268,omar.rossi98@example.com
CUS-0004779,Omar Costa,retail_consumer,silver,ZN-000013,Delhi,IN,APAC,84 Industrial Way,28.814533,77.339801,2022-05-29,11.0,1973.0,4.1,afternoon,False,,0.379,omar.costa489@example.com
CUS-0004780,Grace Nguyen,smb,silver,ZN-000178,Bengaluru,IN,APAC,332 Grove Way,12.955128,77.488954,2018-11-25,34.0,2304.0,3.89,any,True,,0.354,grace.nguyen423@example.com
CUS-0004781,Sofia Weber,marketplace_seller,platinum,ZN-000435,Los Angeles,US,NA,467 Victoria St,34.111002,-118.224735,2024-06-23,12.0,380.17,4.48,evening,False,,0.529,sofia.weber361@example.com
CUS-0004782,Omar Nguyen,retail_consumer,none,ZN-000145,London,GB,EMEA,408 Cedar Way,51.500293,-0.096397,2018-11-23,11.0,229.41,4.68,evening,False,,0.408,omar.nguyen377@example.com
CUS-0004783,Alex Dubois,retail_consumer,bronze,ZN-000288,Amsterdam,NL,EMEA,173 Union Rd,52.363756,4.862806,2018-10-16,8.0,760.42,5.0,morning,False,,0.244,alex.dubois346@example.com
CUS-0004784,Marcus Torres,retail_consumer,none,ZN-000374,Delhi,IN,APAC,203 Riverside Way,28.69357,77.048315,2018-05-07,17.0,2944.04,3.71,any,False,,0.325,marcus.torres697@example.com
CUS-0004785,Chen Lindqvist,smb,bronze,ZN-000425,Rome,IT,EMEA,438 Park Dr,41.868017,12.535996,2025-08-22,11.0,500.2,4.21,evening,True,,0.433,chen.lindqvist37@example.com
CUS-0004786,Marcus Nakamura,smb,none,ZN-000277,Jakarta,ID,APAC,339 Victoria Rd,-6.224754,106.755297,2025-04-28,18.0,863.35,3.97,afternoon,True,,0.534,marcus.nakamura522@example.com
CUS-0004787,Chen Kim,retail_consumer,silver,ZN-000256,Osaka,JP,APAC,395 Church Way,34.646951,135.66578,2022-06-11,16.0,2708.14,3.97,any,False,,0.053,chen.kim748@example.com
CUS-0004788,Nadia Garcia,retail_consumer,silver,ZN-000043,Bengaluru,IN,APAC,317 Grove Blvd,12.952754,77.473174,2022-04-15,18.0,825.35,3.73,any,False,,0.257,nadia.garcia648@example.com
CUS-0004789,Priya Ali,smb,silver,ZN-000149,Osaka,JP,APAC,228 Cedar Rd,34.607995,135.545396,2018-05-25,36.0,2478.43,5.0,morning,True,,0.1,priya.ali974@example.com
CUS-0004790,Nadia Silva,smb,bronze,ZN-000083,Los Angeles,US,NA,86 Depot Blvd,34.066366,-118.215177,2023-08-22,20.0,527.62,5.0,morning,True,,0.308,nadia.silva978@example.com
CUS-0004791,Anna Bakker,marketplace_seller,none,ZN-000041,Berlin,DE,EMEA,74 Station Ave,52.500149,13.204639,2022-09-12,12.0,1436.4,3.63,afternoon,False,,0.248,anna.bakker771@example.com
CUS-0004792,Amara Torres,retail_consumer,none,ZN-000407,Bengaluru,IN,APAC,93 Pine Ave,12.945605,77.254841,2019-04-30,35.0,2278.05,3.82,evening,False,,0.516,amara.torres833@example.com
CUS-0004793,Chen Lindqvist,retail_consumer,bronze,ZN-000201,Amsterdam,NL,EMEA,199 Market Blvd,52.467797,4.901926,2020-05-15,11.0,504.2,4.8,evening,False,,0.281,chen.lindqvist168@example.com
CUS-0004794,Diego Dubois,marketplace_seller,none,ZN-000297,Krakow,PL,EMEA,234 Oak St,50.070076,20.017189,2024-04-26,23.0,1247.25,4.83,evening,False,,0.219,diego.dubois711@example.com
CUS-0004795,Freya Costa,retail_consumer,none,ZN-000293,Shanghai,CN,APAC,299 Station Rd,31.147293,121.502568,2022-02-01,5.0,93.56,4.58,afternoon,False,,0.143,freya.costa52@example.com
CUS-0004796,Peter Garcia,retail_consumer,silver,ZN-000197,Atlanta,US,NA,1 Elm Rd,33.780806,-84.3841,2021-10-01,11.0,416.63,3.72,afternoon,False,,0.284,peter.garcia326@example.com
CUS-0004797,Priya Bakker,retail_consumer,bronze,ZN-000124,London,GB,EMEA,53 Market Rd,51.522264,-0.017215,2021-08-23,8.0,263.34,4.2,afternoon,False,,0.643,priya.bakker62@example.com
CUS-0004798,Elena Ali,public_sector,bronze,ZN-000093,Sao Paulo,BR,LATAM,239 Warehouse Ln,-23.574092,-46.584724,2023-03-27,5.0,168.38,4.98,afternoon,True,12.0,0.109,elena.ali455@example.com
CUS-0004799,Tomas Hansen,retail_consumer,bronze,ZN-000196,Amsterdam,NL,EMEA,387 Maple Way,52.329173,4.952066,2020-11-19,2.0,73.61,4.37,evening,False,,0.492,tomas.hansen790@example.com
CUS-0004800,Rahul Hansen,retail_consumer,none,ZN-000304,Rome,IT,EMEA,371 Industrial Dr,41.901301,12.557508,2021-01-21,3.0,371.2,4.33,any,False,,0.598,rahul.hansen715@example.com
CUS-0004801,Alex Lindqvist,retail_consumer,none,ZN-000484,Atlanta,US,NA,103 Church Ave,33.781692,-84.418431,2018-10-07,4.0,285.2,4.15,any,False,,0.14,alex.lindqvist912@example.com
CUS-0004802,Isabella Garcia,enterprise,gold,ZN-000486,Bengaluru,IN,APAC,1 Park Sq,13.03081,77.591232,2025-05-25,351.0,22493.61,3.26,evening,True,48.0,0.267,isabella.garcia113@example.com
CUS-0004803,Zara Dubois,retail_consumer,none,ZN-000320,Stockholm,SE,EMEA,69 Grove Ln,59.286348,18.239263,2019-05-28,6.0,807.22,4.01,morning,False,,0.127,zara.dubois48@example.com
CUS-0004804,Mateo Ivanov,retail_consumer,gold,ZN-000441,Mexico City,MX,LATAM,164 Warehouse Rd,19.497602,-99.137973,2023-09-17,6.0,1740.47,4.87,any,False,,0.369,mateo.ivanov49@example.com
CUS-0004805,Lucas Ivanov,enterprise,none,ZN-000483,Krakow,PL,EMEA,443 Park St,50.047373,19.80697,2020-01-14,325.0,12896.46,5.0,any,True,12.0,0.138,lucas.ivanov581@example.com
CUS-0004806,Grace Hansen,enterprise,bronze,ZN-000376,Rome,IT,EMEA,194 Kings Ave,41.811324,12.486282,2023-09-06,297.0,32598.5,4.71,evening,True,48.0,0.371,grace.hansen695@example.com
CUS-0004807,Daniel Dubois,public_sector,none,ZN-000439,Stockholm,SE,EMEA,412 Maple Blvd,59.253813,18.188675,2019-01-29,6.0,1026.19,4.72,afternoon,True,48.0,0.249,daniel.dubois511@example.com
CUS-0004808,Tomas Garcia,smb,none,ZN-000023,Rome,IT,EMEA,336 Harbour Ave,41.977222,12.449281,2024-01-14,12.0,250.17,3.46,evening,True,,0.291,tomas.garcia3@example.com
CUS-0004809,Amara Smith,enterprise,none,ZN-000104,Krakow,PL,EMEA,327 Central Blvd,50.114873,19.838539,2020-11-29,985.0,23437.58,4.92,afternoon,True,48.0,0.456,amara.smith442@example.com
CUS-0004810,Grace Bakker,retail_consumer,none,ZN-000462,London,GB,EMEA,167 Maple Ave,51.42227,-0.207156,2022-05-19,6.0,237.54,4.34,morning,False,,0.222,grace.bakker366@example.com
CUS-0004811,Viktor Petrov,marketplace_seller,none,ZN-000445,Delhi,IN,APAC,265 Riverside Way,28.702566,77.08773,2020-06-08,19.0,1660.26,4.19,evening,False,,0.271,viktor.petrov269@example.com
CUS-0004812,Peter Silva,retail_consumer,bronze,ZN-000216,Stockholm,SE,EMEA,300 Warehouse Dr,59.228937,17.957185,2022-12-21,86.0,11801.46,3.27,afternoon,False,,0.155,peter.silva469@example.com
CUS-0004813,Sofia Okafor,retail_consumer,silver,ZN-000048,Krakow,PL,EMEA,323 Warehouse Blvd,49.92201,20.246499,2023-12-16,32.0,1315.96,4.16,morning,False,,0.0,sofia.okafor645@example.com
CUS-0004814,Tomas Nguyen,retail_consumer,none,ZN-000428,London,GB,EMEA,359 Riverside Ln,51.392976,-0.084211,2020-04-15,5.0,356.02,2.99,evening,False,,0.325,tomas.nguyen187@example.com
CUS-0004815,Mateo Yilmaz,retail_consumer,none,ZN-000068,Delhi,IN,APAC,200 Victoria Ave,28.701955,77.07164,2024-02-07,3.0,89.41,4.37,morning,False,,0.446,mateo.yilmaz46@example.com
CUS-0004816,Nikolai Dubois,enterprise,bronze,ZN-000415,Manchester,GB,EMEA,109 Grove Rd,53.448243,-2.241703,2018-03-23,104.0,3094.89,3.95,evening,True,12.0,0.279,nikolai.dubois911@example.com
CUS-0004817,Priya Zhang,marketplace_seller,bronze,ZN-000074,Krakow,PL,EMEA,192 Harbour Rd,50.122267,20.026605,2018-06-19,33.0,526.77,3.71,morning,False,,0.344,priya.zhang539@example.com
CUS-0004818,Viktor Kim,marketplace_seller,bronze,ZN-000436,Mexico City,MX,LATAM,294 Riverside Ln,19.795375,-98.736306,2020-12-26,9.0,1538.92,5.0,evening,False,,0.451,viktor.kim316@example.com
CUS-0004819,Carlos Yilmaz,smb,none,ZN-000003,London,GB,EMEA,66 Cedar Dr,51.542143,-0.063073,2020-01-05,14.0,757.32,3.99,any,True,,0.216,carlos.yilmaz202@example.com
CUS-0004820,Maria Zhang,retail_consumer,none,ZN-000152,Atlanta,US,NA,174 Harbour Sq,34.31638,-84.137123,2020-07-25,17.0,1499.02,4.14,any,False,,0.602,maria.zhang978@example.com
CUS-0004821,Nadia Petrov,retail_consumer,silver,ZN-000391,Stockholm,SE,EMEA,72 Union St,59.330732,17.821157,2023-11-11,6.0,720.69,4.91,afternoon,False,,0.725,nadia.petrov825@example.com
CUS-0004822,Nadia Nguyen,enterprise,bronze,ZN-000476,Shanghai,CN,APAC,445 Industrial St,31.254899,121.380827,2024-09-10,160.0,3432.27,3.61,evening,True,12.0,0.251,nadia.nguyen413@example.com
CUS-0004823,Tomas Smith,smb,none,ZN-000222,Bengaluru,IN,APAC,307 Grove Ln,12.965374,77.511576,2023-03-19,11.0,773.55,3.62,any,True,,0.08,tomas.smith279@example.com
CUS-0004824,Alex Brown,retail_consumer,none,ZN-000195,Krakow,PL,EMEA,77 Oak St,50.03393,20.073471,2020-12-24,4.0,232.78,4.3,afternoon,False,,0.641,alex.brown671@example.com
CUS-0004825,Tomas Lindqvist,smb,none,ZN-000258,Jakarta,ID,APAC,163 Bridge Dr,-6.157278,106.789194,2023-11-08,18.0,514.11,3.98,evening,True,,0.253,tomas.lindqvist749@example.com
CUS-0004826,Lucas Nguyen,smb,silver,ZN-000341,Sao Paulo,BR,LATAM,250 Grove Rd,-23.610767,-46.697448,2024-01-24,48.0,4009.01,4.85,evening,True,,0.318,lucas.nguyen959@example.com
CUS-0004827,Elena Petrov,retail_consumer,bronze,ZN-000276,Delhi,IN,APAC,253 Victoria Sq,28.698605,77.105044,2025-01-28,11.0,625.43,3.88,evening,False,,0.242,elena.petrov688@example.com
CUS-0004828,Ivan Nakamura,retail_consumer,bronze,ZN-000234,Krakow,PL,EMEA,434 Depot Ln,50.104484,19.897037,2021-08-05,10.0,219.29,3.5,any,False,,0.248,ivan.nakamura488@example.com
CUS-0004829,Maria Lindqvist,enterprise,bronze,ZN-000027,Krakow,PL,EMEA,96 Union St,49.99926,19.947017,2020-12-09,181.0,15497.26,4.49,any,True,24.0,0.094,maria.lindqvist207@example.com
CUS-0004830,Chen Yilmaz,enterprise,none,ZN-000238,Rome,IT,EMEA,463 Victoria St,41.895973,12.472524,2020-08-08,135.0,5418.4,3.65,morning,True,24.0,0.514,chen.yilmaz772@example.com
CUS-0004831,Omar Silva,retail_consumer,none,ZN-000442,Amsterdam,NL,EMEA,114 Riverside Way,52.419889,4.95765,2023-06-25,9.0,434.27,4.36,morning,False,,0.264,omar.silva225@example.com
CUS-0004832,Amara Nakamura,smb,none,ZN-000200,London,GB,EMEA,395 Industrial Blvd,51.462096,-0.172349,2023-01-29,17.0,1262.36,4.2,afternoon,True,,0.094,amara.nakamura526@example.com
CUS-0004833,Tomas Novak,retail_consumer,bronze,ZN-000221,Atlanta,US,NA,327 Victoria Blvd,33.742023,-84.451306,2025-04-19,6.0,945.81,3.8,evening,False,,0.255,tomas.novak719@example.com
CUS-0004834,Lucas Ivanov,retail_consumer,bronze,ZN-000360,Delhi,IN,APAC,327 Market Ln,28.663624,77.04951,2019-02-04,21.0,1372.13,3.9,evening,False,,0.352,lucas.ivanov102@example.com
CUS-0004835,Anna Okafor,marketplace_seller,none,ZN-000186,Mexico City,MX,LATAM,223 Kings Dr,19.43498,-99.23085,2025-02-17,7.0,366.46,3.92,afternoon,False,,0.548,anna.okafor561@example.com
CUS-0004836,Elena Silva,retail_consumer,bronze,ZN-000395,London,GB,EMEA,344 Cedar Blvd,51.562233,-0.197152,2022-02-23,6.0,320.44,5.0,afternoon,False,,0.372,elena.silva149@example.com
CUS-0004837,Yuki Weber,retail_consumer,platinum,ZN-000159,London,GB,EMEA,239 Central Way,51.459438,-0.0956,2020-07-07,5.0,169.38,4.51,evening,False,,0.183,yuki.weber189@example.com
CUS-0004838,Priya Ali,retail_consumer,gold,ZN-000211,Osaka,JP,APAC,312 Depot Rd,34.590957,135.484525,2020-02-19,5.0,178.54,5.0,any,False,,0.405,priya.ali495@example.com
CUS-0004839,Elena Weber,enterprise,silver,ZN-000250,Krakow,PL,EMEA,224 Station Rd,50.218966,20.200717,2023-10-30,308.0,28264.19,4.53,evening,True,48.0,0.646,elena.weber321@example.com
CUS-0004840,Peter Okafor,retail_consumer,silver,ZN-000492,Krakow,PL,EMEA,224 Pine Blvd,50.03748,19.889063,2025-11-03,6.0,436.45,3.22,morning,False,,0.203,peter.okafor52@example.com
CUS-0004841,Viktor Moreau,enterprise,none,ZN-000296,Sao Paulo,BR,LATAM,475 Church Rd,-23.538739,-46.541504,2025-03-20,437.0,18713.01,4.12,any,True,12.0,0.376,viktor.moreau728@example.com
CUS-0004842,Chen Rossi,enterprise,bronze,ZN-000058,Shanghai,CN,APAC,227 Central Sq,31.150108,121.390382,2021-09-20,588.0,21852.05,4.54,afternoon,True,48.0,0.379,chen.rossi853@example.com
CUS-0004843,Diego Smith,enterprise,bronze,ZN-000489,Manchester,GB,EMEA,100 Industrial Sq,53.556446,-2.283483,2024-03-29,1328.0,51677.77,3.25,any,True,48.0,0.094,diego.smith224@example.com
CUS-0004844,Freya Torres,retail_consumer,silver,ZN-000124,London,GB,EMEA,73 Harbour Ln,51.478537,-0.035741,2025-06-10,22.0,817.81,4.44,any,False,,0.066,freya.torres352@example.com
CUS-0004845,Diego Novak,retail_consumer,bronze,ZN-000090,Bengaluru,IN,APAC,338 Harbour St,13.048847,77.584998,2019-07-06,22.0,644.56,3.48,evening,False,,0.426,diego.novak557@example.com
CUS-0004846,Alex Muller,retail_consumer,none,ZN-000491,Delhi,IN,APAC,425 Riverside Dr,28.621096,77.117214,2018-03-16,8.0,188.43,4.98,morning,False,,0.452,alex.muller73@example.com
CUS-0004847,Jun Torres,retail_consumer,none,ZN-000133,Delhi,IN,APAC,460 Park St,28.570305,77.096727,2019-01-05,6.0,306.22,3.7,evening,False,,0.236,jun.torres159@example.com
CUS-0004848,Leila Kim,retail_consumer,none,ZN-000474,Delhi,IN,APAC,45 Depot St,28.60859,77.092005,2024-05-04,3.0,123.69,4.08,afternoon,False,,0.143,leila.kim798@example.com
CUS-0004849,Tomas Zhang,retail_consumer,none,ZN-000223,London,GB,EMEA,368 Park Dr,51.418331,-0.140014,2019-03-10,12.0,1333.2,5.0,morning,False,,0.239,tomas.zhang617@example.com
CUS-0004850,Carlos Moreau,retail_consumer,none,ZN-000366,London,GB,EMEA,5 Bridge St,51.460011,-0.013534,2024-02-14,13.0,569.49,4.11,evening,False,,0.229,carlos.moreau342@example.com
CUS-0004851,Rahul Kowalski,enterprise,gold,ZN-000116,Delhi,IN,APAC,386 Station Way,28.658838,77.135287,2022-09-07,89.0,4379.21,4.43,evening,True,12.0,0.176,rahul.kowalski585@example.com
CUS-0004852,Yuki Hansen,retail_consumer,none,ZN-000228,Krakow,PL,EMEA,421 Warehouse Sq,50.14629,20.161849,2020-03-24,3.0,53.15,4.34,any,False,,0.265,yuki.hansen584@example.com
CUS-0004853,Elena Okafor,retail_consumer,bronze,ZN-000215,Krakow,PL,EMEA,54 Warehouse Blvd,50.006538,19.841315,2025-10-18,3.0,224.24,4.5,evening,False,,0.372,elena.okafor915@example.com
CUS-0004854,Rahul Ivanov,retail_consumer,none,ZN-000323,Mexico City,MX,LATAM,173 Elm Ave,19.435925,-99.061291,2024-04-08,95.0,5607.78,3.36,afternoon,False,,0.194,rahul.ivanov764@example.com
CUS-0004855,Aisha Sharma,marketplace_seller,none,ZN-000208,London,GB,EMEA,94 Market Way,51.465526,-0.028872,2019-02-20,11.0,173.73,2.86,evening,False,,0.487,aisha.sharma807@example.com
CUS-0004856,Peter Nakamura,smb,gold,ZN-000013,Delhi,IN,APAC,147 Bridge Ave,28.833014,77.330822,2020-05-15,14.0,484.67,4.43,evening,True,,0.015,peter.nakamura865@example.com
CUS-0004857,Elena Okafor,retail_consumer,none,ZN-000050,Sao Paulo,BR,LATAM,100 Maple Ave,-23.623322,-46.639582,2020-08-10,8.0,452.51,4.04,evening,False,,0.38,elena.okafor488@example.com
CUS-0004858,Anna Nguyen,retail_consumer,none,ZN-000203,London,GB,EMEA,125 Maple Rd,51.725017,-0.236912,2023-12-06,1.0,34.16,4.53,afternoon,False,,0.193,anna.nguyen388@example.com
CUS-0004859,Jun Hansen,enterprise,none,ZN-000235,Manchester,GB,EMEA,95 Church Blvd,53.411222,-2.241036,2024-02-09,136.0,12627.2,2.87,morning,True,48.0,0.164,jun.hansen134@example.com
CUS-0004860,Omar Ivanov,marketplace_seller,bronze,ZN-000096,Krakow,PL,EMEA,287 Cedar Dr,49.642478,20.125339,2025-06-07,12.0,911.69,4.13,evening,False,,0.256,omar.ivanov234@example.com
CUS-0004861,Sofia Sharma,retail_consumer,gold,ZN-000305,Jakarta,ID,APAC,56 Harbour Ave,-6.287131,106.856708,2024-03-17,6.0,437.77,4.55,afternoon,False,,0.341,sofia.sharma871@example.com
CUS-0004862,Freya Rossi,enterprise,gold,ZN-000408,Osaka,JP,APAC,352 Kings Blvd,34.687537,135.582433,2023-08-12,166.0,7286.82,5.0,evening,True,48.0,0.235,freya.rossi79@example.com
CUS-0004863,Daniel Dubois,retail_consumer,silver,ZN-000471,Shanghai,CN,APAC,411 Station Ln,31.176479,121.432425,2023-01-20,11.0,690.04,4.5,any,False,,0.478,daniel.dubois473@example.com
CUS-0004864,Grace Garcia,retail_consumer,none,ZN-000066,Jakarta,ID,APAC,218 Warehouse Way,-6.178108,106.849325,2024-11-02,2.0,77.62,3.0,morning,False,,0.407,grace.garcia405@example.com
CUS-0004865,Nadia Petrov,retail_consumer,none,ZN-000217,Rome,IT,EMEA,15 Grove Ave,41.961709,12.55944,2018-01-18,19.0,1856.84,4.47,any,False,,0.419,nadia.petrov553@example.com
CUS-0004866,Rahul Silva,retail_consumer,bronze,ZN-000417,London,GB,EMEA,255 Warehouse Dr,51.525802,-0.110709,2021-06-18,9.0,392.43,4.16,morning,False,,0.116,rahul.silva846@example.com
CUS-0004867,Viktor Silva,marketplace_seller,silver,ZN-000461,Krakow,PL,EMEA,149 Riverside Rd,49.892519,20.403083,2018-03-16,22.0,1412.98,3.63,any,False,,0.352,viktor.silva953@example.com
CUS-0004868,Peter Okafor,retail_consumer,none,ZN-000461,Krakow,PL,EMEA,169 Elm Dr,49.895076,20.416281,2021-11-19,13.0,409.46,4.64,morning,False,,0.44,peter.okafor438@example.com
CUS-0004869,Omar Moreau,enterprise,none,ZN-000015,Osaka,JP,APAC,31 Depot Ave,34.674451,135.497663,2021-03-16,172.0,6935.95,4.32,any,True,24.0,0.186,omar.moreau138@example.com
CUS-0004870,Rahul Nakamura,retail_consumer,none,ZN-000309,Krakow,PL,EMEA,135 Industrial Blvd,49.954044,19.605413,2025-11-11,18.0,683.24,3.42,morning,False,,0.391,rahul.nakamura709@example.com
CUS-0004871,Peter Weber,retail_consumer,bronze,ZN-000311,Krakow,PL,EMEA,287 Union Blvd,50.402143,20.093115,2025-10-16,10.0,914.06,4.19,morning,False,,0.45,peter.weber195@example.com
CUS-0004872,Nadia Dubois,enterprise,none,ZN-000435,Los Angeles,US,NA,192 Central Ln,34.1414,-118.23587,2020-09-25,105.0,2906.08,3.16,afternoon,True,12.0,0.363,nadia.dubois781@example.com
CUS-0004873,Yuki Costa,smb,silver,ZN-000366,London,GB,EMEA,475 Bridge Blvd,51.471095,-0.047726,2022-12-07,13.0,441.74,3.61,any,True,,0.573,yuki.costa902@example.com
CUS-0004874,Lucas Petrov,smb,none,ZN-000113,Amsterdam,NL,EMEA,388 Union Dr,52.309346,4.845174,2021-08-01,68.0,1651.25,4.5,evening,True,,0.135,lucas.petrov474@example.com
CUS-0004875,Diego Sharma,public_sector,none,ZN-000118,London,GB,EMEA,110 Harbour Blvd,51.563741,-0.046496,2023-02-07,28.0,1021.29,4.72,afternoon,True,12.0,0.238,diego.sharma96@example.com
CUS-0004876,Viktor Fernandez,marketplace_seller,gold,ZN-000153,Krakow,PL,EMEA,233 Park Ln,49.99023,20.200572,2021-09-23,10.0,660.3,4.33,afternoon,False,,0.337,viktor.fernandez266@example.com
CUS-0004877,Viktor Petrov,smb,gold,ZN-000176,Los Angeles,US,NA,293 Cedar Dr,34.064095,-118.133534,2018-04-23,12.0,301.85,3.53,evening,True,,0.316,viktor.petrov537@example.com
CUS-0004878,Mateo Muller,smb,platinum,ZN-000200,London,GB,EMEA,375 Church Ave,51.45101,-0.210332,2021-02-08,73.0,7278.98,1.86,afternoon,True,,0.136,mateo.muller705@example.com
CUS-0004879,Tomas Nguyen,retail_consumer,silver,ZN-000168,Krakow,PL,EMEA,163 Elm Sq,49.87414,19.797979,2020-05-07,6.0,655.74,4.77,evening,False,,0.155,tomas.nguyen495@example.com
CUS-0004880,Peter Nguyen,retail_consumer,silver,ZN-000418,Krakow,PL,EMEA,88 Oak Way,49.782175,20.320103,2024-12-05,5.0,151.69,5.0,any,False,,0.037,peter.nguyen791@example.com
CUS-0004881,Carlos Rossi,retail_consumer,bronze,ZN-000388,Atlanta,US,NA,371 Church Sq,33.626346,-84.451329,2022-03-08,13.0,613.28,3.17,evening,False,,0.002,carlos.rossi470@example.com
CUS-0004882,Zara Novak,public_sector,gold,ZN-000225,London,GB,EMEA,281 Riverside Rd,51.531081,-0.179412,2024-09-27,9.0,750.53,4.13,evening,True,48.0,0.244,zara.novak447@example.com
CUS-0004883,Leila Rossi,public_sector,bronze,ZN-000295,London,GB,EMEA,397 Warehouse Blvd,51.181508,-0.11555,2023-09-28,8.0,353.98,5.0,evening,True,48.0,0.204,leila.rossi763@example.com
CUS-0004884,Hugo Petrov,marketplace_seller,gold,ZN-000095,Rome,IT,EMEA,117 Warehouse Dr,41.878447,12.150621,2019-08-20,11.0,1146.89,4.54,any,False,,0.24,hugo.petrov676@example.com
CUS-0004885,Peter Nakamura,smb,silver,ZN-000408,Osaka,JP,APAC,146 Victoria Blvd,34.691681,135.586931,2024-03-18,20.0,725.79,4.22,any,True,,0.239,peter.nakamura850@example.com
CUS-0004886,Marcus Petrov,retail_consumer,none,ZN-000092,London,GB,EMEA,410 Central St,51.533492,-0.176046,2020-11-06,8.0,548.47,3.88,any,False,,0.146,marcus.petrov546@example.com
CUS-0004887,Freya Garcia,enterprise,none,ZN-000478,Los Angeles,US,NA,423 Warehouse Ln,33.937029,-118.002485,2023-03-02,107.0,53672.96,4.02,evening,True,48.0,0.482,freya.garcia33@example.com
CUS-0004888,Freya Ali,retail_consumer,silver,ZN-000188,Manchester,GB,EMEA,29 Industrial Ln,53.458715,-2.536267,2018-07-05,2.0,62.89,4.26,morning,False,,0.135,freya.ali819@example.com
CUS-0004889,Zara Nguyen,retail_consumer,none,ZN-000395,London,GB,EMEA,256 Central Rd,51.571649,-0.241993,2019-05-22,8.0,1118.72,5.0,afternoon,False,,0.2,zara.nguyen283@example.com
CUS-0004890,Hugo Smith,retail_consumer,bronze,ZN-000176,Los Angeles,US,NA,328 Victoria Ln,34.06418,-118.15616,2025-04-15,11.0,996.58,3.66,morning,False,,0.302,hugo.smith198@example.com
CUS-0004891,Chen Hansen,enterprise,silver,ZN-000036,Shanghai,CN,APAC,254 Market St,31.25449,121.438516,2022-02-20,367.0,8135.39,4.45,any,True,48.0,0.24,chen.hansen276@example.com
CUS-0004892,Peter Nakamura,retail_consumer,none,ZN-000304,Rome,IT,EMEA,292 Victoria Sq,41.905983,12.559938,2024-09-20,18.0,694.47,4.55,afternoon,False,,0.227,peter.nakamura661@example.com
CUS-0004893,Sofia Nakamura,smb,bronze,ZN-000351,London,GB,EMEA,120 Park Way,51.431824,-0.145382,2018-05-12,11.0,420.65,4.79,afternoon,True,,0.083,sofia.nakamura405@example.com
CUS-0004894,Diego Torres,enterprise,bronze,ZN-000264,Shanghai,CN,APAC,349 Depot Blvd,31.260121,121.368404,2023-01-13,203.0,21941.27,4.98,afternoon,True,12.0,0.259,diego.torres123@example.com
CUS-0004895,Tomas Moreau,enterprise,silver,ZN-000224,Stockholm,SE,EMEA,363 Cedar Blvd,59.40637,18.146572,2019-05-24,147.0,12175.68,2.41,morning,True,12.0,0.506,tomas.moreau700@example.com
CUS-0004896,Rahul Silva,smb,silver,ZN-000450,Krakow,PL,EMEA,237 Industrial Way,50.129738,19.933154,2024-08-07,26.0,661.51,3.65,any,True,,0.0,rahul.silva627@example.com
CUS-0004897,Hugo Sharma,retail_consumer,none,ZN-000314,Bengaluru,IN,APAC,216 Grove Way,13.003091,77.470895,2023-05-18,12.0,354.08,3.13,any,False,,0.576,hugo.sharma584@example.com
CUS-0004898,Zara Yilmaz,enterprise,gold,ZN-000140,Krakow,PL,EMEA,282 Kings Dr,50.098845,20.019973,2018-11-21,448.0,13035.13,4.36,afternoon,True,48.0,0.292,zara.yilmaz217@example.com
CUS-0004899,Fatima Silva,smb,silver,ZN-000032,Manchester,GB,EMEA,164 Victoria Way,53.290642,-2.004018,2024-05-18,9.0,459.34,5.0,any,True,,0.214,fatima.silva538@example.com
CUS-0004900,Hugo Lindqvist,retail_consumer,none,ZN-000411,Berlin,DE,EMEA,143 Industrial Ln,52.587323,13.441443,2024-02-18,10.0,335.94,3.63,evening,False,,0.422,hugo.lindqvist959@example.com
CUS-0004901,Viktor Brown,smb,silver,ZN-000201,Amsterdam,NL,EMEA,265 Victoria Blvd,52.448353,4.918764,2020-06-01,40.0,1902.09,4.62,any,True,,0.077,viktor.brown596@example.com
CUS-0004902,Fatima Ali,enterprise,bronze,ZN-000490,London,GB,EMEA,476 Industrial Dr,51.493495,0.017146,2018-10-22,777.0,25854.88,4.8,morning,True,12.0,0.055,fatima.ali837@example.com
CUS-0004903,Fatima Bakker,retail_consumer,none,ZN-000352,Los Angeles,US,NA,458 Industrial St,34.046712,-118.337639,2019-11-30,5.0,308.19,5.0,evening,False,,0.284,fatima.bakker372@example.com
CUS-0004904,Peter Moreau,retail_consumer,gold,ZN-000163,Delhi,IN,APAC,254 Depot Ln,28.687084,77.018041,2020-06-15,25.0,2330.35,3.04,afternoon,False,,0.349,peter.moreau744@example.com
CUS-0004905,Leila Yilmaz,retail_consumer,none,ZN-000482,Sao Paulo,BR,LATAM,252 Church Sq,-23.60374,-46.686376,2025-11-16,6.0,726.58,4.15,morning,False,,0.017,leila.yilmaz552@example.com
CUS-0004906,Anna Moreau,retail_consumer,silver,ZN-000423,London,GB,EMEA,102 Victoria Rd,51.587379,-0.225955,2020-12-04,18.0,568.11,3.23,afternoon,False,,0.378,anna.moreau704@example.com
CUS-0004907,Omar Muller,retail_consumer,silver,ZN-000234,Krakow,PL,EMEA,116 Depot Rd,50.066607,19.902953,2023-07-23,1.0,136.02,4.56,afternoon,False,,0.256,omar.muller531@example.com
CUS-0004908,Maria Kim,marketplace_seller,silver,ZN-000401,Krakow,PL,EMEA,301 Grove Ave,50.107981,20.226209,2019-02-13,3.0,106.52,3.87,morning,False,,0.0,maria.kim68@example.com
CUS-0004909,Jun Sharma,marketplace_seller,gold,ZN-000288,Amsterdam,NL,EMEA,111 Industrial Rd,52.380474,4.892727,2025-05-07,20.0,491.26,3.09,evening,False,,0.188,jun.sharma229@example.com
CUS-0004910,Isabella Novak,smb,silver,ZN-000371,Amsterdam,NL,EMEA,30 Market St,52.340513,4.918366,2021-07-27,15.0,2204.72,4.35,evening,True,,0.362,isabella.novak843@example.com
CUS-0004911,Aisha Brown,smb,none,ZN-000496,Osaka,JP,APAC,178 Victoria Blvd,34.615175,135.477429,2018-01-30,35.0,3059.48,4.97,evening,True,,0.509,aisha.brown723@example.com
CUS-0004912,Freya Moreau,enterprise,none,ZN-000151,Delhi,IN,APAC,181 Grove Rd,28.738018,77.046332,2018-03-01,721.0,58842.27,4.89,morning,True,24.0,0.241,freya.moreau177@example.com
CUS-0004913,Anna Moreau,retail_consumer,silver,ZN-000296,Sao Paulo,BR,LATAM,92 Kings Ave,-23.551237,-46.558811,2020-02-14,13.0,293.93,3.35,any,False,,0.305,anna.moreau849@example.com
CUS-0004914,Grace Smith,marketplace_seller,none,ZN-000473,London,GB,EMEA,472 Cedar Ave,51.423058,-0.131573,2025-08-09,4.0,208.07,4.23,any,False,,0.102,grace.smith286@example.com
CUS-0004915,Anna Costa,retail_consumer,none,ZN-000154,Rome,IT,EMEA,326 Pine St,41.935861,12.483673,2021-10-03,17.0,597.57,4.62,any,False,,0.582,anna.costa492@example.com
CUS-0004916,Mateo Brown,retail_consumer,none,ZN-000342,Bengaluru,IN,APAC,41 Maple Rd,12.927417,77.629667,2024-07-29,23.0,438.56,4.57,morning,False,,0.346,mateo.brown892@example.com
CUS-0004917,Jun Rossi,smb,none,ZN-000366,London,GB,EMEA,208 Industrial Sq,51.455503,-0.058945,2024-04-22,22.0,608.38,5.0,afternoon,True,,0.092,jun.rossi490@example.com
CUS-0004918,Omar Yilmaz,enterprise,bronze,ZN-000135,Manchester,GB,EMEA,91 Victoria Dr,53.44505,-2.076619,2022-09-04,124.0,8262.22,2.95,any,True,24.0,0.005,omar.yilmaz486@example.com
CUS-0004919,Maria Garcia,enterprise,bronze,ZN-000288,Amsterdam,NL,EMEA,287 Market Dr,52.374302,4.828718,2025-07-14,67.0,1081.87,2.7,any,True,24.0,0.718,maria.garcia957@example.com
CUS-0004920,Isabella Garcia,enterprise,none,ZN-000495,Krakow,PL,EMEA,320 Bridge Blvd,49.874153,20.014832,2022-09-10,148.0,2926.17,5.0,evening,True,12.0,0.0,isabella.garcia501@example.com
CUS-0004921,Omar Dubois,smb,bronze,ZN-000330,Rome,IT,EMEA,146 Union Ave,41.92148,12.407134,2021-11-12,35.0,2169.14,3.6,morning,True,,0.133,omar.dubois721@example.com
CUS-0004922,Mateo Dubois,retail_consumer,silver,ZN-000408,Osaka,JP,APAC,366 Bridge Dr,34.667268,135.602366,2024-03-27,23.0,1100.66,4.0,evening,False,,0.371,mateo.dubois804@example.com
CUS-0004923,Nikolai Costa,retail_consumer,none,ZN-000350,Stockholm,SE,EMEA,145 Station Dr,59.086609,17.889044,2022-01-05,3.0,625.39,2.98,any,False,,0.378,nikolai.costa20@example.com
CUS-0004924,Viktor Rossi,retail_consumer,none,ZN-000269,Mexico City,MX,LATAM,223 Market St,19.472047,-99.114529,2019-01-31,10.0,439.49,5.0,any,False,,0.392,viktor.rossi939@example.com
CUS-0004925,Lucas Lindqvist,retail_consumer,gold,ZN-000003,London,GB,EMEA,174 Victoria Sq,51.523709,-0.02615,2025-05-21,9.0,4154.81,4.59,afternoon,False,,0.174,lucas.lindqvist883@example.com
CUS-0004926,Ivan Petrov,retail_consumer,none,ZN-000069,Berlin,DE,EMEA,248 Park Dr,52.550094,13.563634,2025-01-23,35.0,4039.71,4.56,afternoon,False,,0.183,ivan.petrov525@example.com
CUS-0004927,Viktor Moreau,retail_consumer,none,ZN-000279,Los Angeles,US,NA,419 Industrial Dr,34.098365,-118.27551,2023-08-31,5.0,335.46,3.88,afternoon,False,,0.432,viktor.moreau289@example.com
CUS-0004928,Nadia Hansen,retail_consumer,silver,ZN-000408,Osaka,JP,APAC,357 Pine Way,34.685478,135.59094,2021-05-25,4.0,117.47,5.0,afternoon,False,,0.175,nadia.hansen365@example.com
CUS-0004929,Rahul Lindqvist,retail_consumer,bronze,ZN-000200,London,GB,EMEA,324 Depot Rd,51.461715,-0.145396,2018-06-21,7.0,275.37,3.48,afternoon,False,,0.0,rahul.lindqvist328@example.com
CUS-0004930,Mateo Kim,retail_consumer,bronze,ZN-000199,Mexico City,MX,LATAM,446 Church Way,18.919803,-98.949691,2025-09-25,17.0,387.81,4.07,evening,False,,0.395,mateo.kim558@example.com
CUS-0004931,Ivan Costa,retail_consumer,none,ZN-000063,London,GB,EMEA,429 Riverside Way,51.61137,-0.097494,2024-01-01,35.0,7083.03,3.66,evening,False,,0.546,ivan.costa450@example.com
CUS-0004932,Elena Lindqvist,enterprise,none,ZN-000185,Delhi,IN,APAC,184 Oak Sq,28.625852,77.047354,2025-04-16,142.0,7614.79,4.22,afternoon,True,48.0,0.267,elena.lindqvist297@example.com
CUS-0004933,Isabella Ivanov,enterprise,bronze,ZN-000283,Los Angeles,US,NA,329 Park Way,34.066797,-118.270173,2019-03-13,322.0,35502.8,4.18,afternoon,True,12.0,0.471,isabella.ivanov339@example.com
CUS-0004934,Tomas Kim,retail_consumer,none,ZN-000082,Mexico City,MX,LATAM,36 Elm St,19.375502,-99.111404,2023-10-29,10.0,1309.98,3.36,afternoon,False,,0.303,tomas.kim223@example.com
CUS-0004935,Grace Nguyen,marketplace_seller,platinum,ZN-000318,Shanghai,CN,APAC,211 Grove Rd,31.117256,121.486084,2024-07-28,5.0,167.74,3.83,afternoon,False,,0.015,grace.nguyen149@example.com
CUS-0004936,Ivan Rahman,retail_consumer,bronze,ZN-000075,Krakow,PL,EMEA,428 Union Blvd,50.086162,19.838789,2022-06-12,11.0,349.52,4.04,evening,False,,0.12,ivan.rahman68@example.com
CUS-0004937,Nadia Kim,retail_consumer,silver,ZN-000324,Rome,IT,EMEA,298 Union Dr,41.93944,12.613004,2021-10-04,20.0,1065.08,4.24,any,False,,0.062,nadia.kim973@example.com
CUS-0004938,Sofia Bakker,smb,silver,ZN-000011,Berlin,DE,EMEA,338 Cedar Ln,52.53696,13.515902,2020-07-02,53.0,4117.63,3.83,evening,True,,0.0,sofia.bakker680@example.com
CUS-0004939,Chen Kowalski,retail_consumer,none,ZN-000209,Sao Paulo,BR,LATAM,104 Harbour St,-23.377316,-46.983069,2020-06-28,5.0,148.73,4.2,afternoon,False,,0.278,chen.kowalski69@example.com
CUS-0004940,Viktor Rossi,retail_consumer,silver,ZN-000428,London,GB,EMEA,334 Pine St,51.422134,-0.03777,2024-05-13,3.0,166.49,4.24,afternoon,False,,0.273,viktor.rossi557@example.com
CUS-0004941,Tomas Kim,retail_consumer,silver,ZN-000484,Atlanta,US,NA,246 Station Way,33.762005,-84.4562,2022-01-20,9.0,629.29,5.0,evening,False,,0.107,tomas.kim655@example.com
CUS-0004942,Diego Rossi,enterprise,silver,ZN-000069,Berlin,DE,EMEA,340 Church Ln,52.512028,13.570789,2021-08-18,149.0,9095.83,4.05,afternoon,True,48.0,0.174,diego.rossi97@example.com
CUS-0004943,Freya Ivanov,retail_consumer,none,ZN-000200,London,GB,EMEA,89 Market Way,51.440477,-0.198869,2022-07-12,6.0,599.83,4.06,any,False,,0.046,freya.ivanov579@example.com
CUS-0004944,Marcus Fernandez,enterprise,none,ZN-000068,Delhi,IN,APAC,177 Warehouse Dr,28.668915,77.099531,2023-09-24,79.0,7477.63,4.77,any,True,12.0,0.123,marcus.fernandez941@example.com
CUS-0004945,Diego Kowalski,retail_consumer,none,ZN-000276,Delhi,IN,APAC,207 Pine Blvd,28.704139,77.106404,2022-04-02,35.0,14723.76,4.77,any,False,,0.207,diego.kowalski398@example.com
CUS-0004946,Diego Yilmaz,smb,silver,ZN-000370,Rome,IT,EMEA,83 Station Way,41.945769,12.573762,2024-10-29,13.0,471.52,2.89,afternoon,True,,0.223,diego.yilmaz422@example.com
CUS-0004947,Anna Smith,retail_consumer,none,ZN-000032,Manchester,GB,EMEA,273 Station Dr,53.301388,-2.02119,2020-04-20,8.0,233.75,3.48,afternoon,False,,0.214,anna.smith951@example.com
CUS-0004948,Diego Nakamura,retail_consumer,gold,ZN-000418,Krakow,PL,EMEA,466 Pine St,49.796351,20.379113,2020-01-01,8.0,361.51,2.89,afternoon,False,,0.0,diego.nakamura16@example.com
CUS-0004949,Nadia Kowalski,smb,platinum,ZN-000319,Amsterdam,NL,EMEA,206 Market Sq,52.306854,4.805046,2021-12-27,36.0,1064.79,5.0,morning,True,,0.367,nadia.kowalski587@example.com
CUS-0004950,Fatima Kim,smb,none,ZN-000022,Shanghai,CN,APAC,274 Oak Ln,31.230467,121.490076,2018-02-24,41.0,1482.23,3.09,morning,True,,0.206,fatima.kim347@example.com
CUS-0004951,Diego Moreau,retail_consumer,bronze,ZN-000227,Delhi,IN,APAC,78 Warehouse Ave,28.72336,77.027302,2019-01-07,12.0,615.63,3.1,any,False,,0.265,diego.moreau179@example.com
CUS-0004952,Yuki Silva,retail_consumer,gold,ZN-000316,Mexico City,MX,LATAM,435 Industrial St,19.428525,-99.240796,2025-06-19,3.0,151.53,3.38,any,False,,0.371,yuki.silva733@example.com
CUS-0004953,Elena Lindqvist,smb,bronze,ZN-000064,Atlanta,US,NA,405 Kings Rd,33.828476,-84.426522,2018-01-11,13.0,1373.85,5.0,afternoon,True,,0.269,elena.lindqvist224@example.com
CUS-0004954,Nadia Petrov,retail_consumer,bronze,ZN-000331,Shanghai,CN,APAC,265 Pine Rd,31.181537,121.550981,2023-07-29,6.0,142.19,4.4,morning,False,,0.473,nadia.petrov620@example.com
CUS-0004955,Zara Zhang,retail_consumer,none,ZN-000132,Krakow,PL,EMEA,73 Central Rd,49.945564,19.733101,2019-09-22,8.0,308.54,2.94,afternoon,False,,0.0,zara.zhang977@example.com
CUS-0004956,Tomas Dubois,smb,bronze,ZN-000107,London,GB,EMEA,471 Elm Rd,51.493214,-0.086915,2021-03-16,17.0,3296.83,5.0,evening,True,,0.246,tomas.dubois780@example.com
CUS-0004957,Nikolai Bakker,retail_consumer,none,ZN-000057,Jakarta,ID,APAC,281 Riverside Blvd,-6.307474,106.632251,2024-01-24,2.0,75.61,3.6,any,False,,0.406,nikolai.bakker217@example.com
CUS-0004958,Peter Sharma,retail_consumer,none,ZN-000404,Berlin,DE,EMEA,109 Union Rd,52.322609,13.345532,2022-08-27,15.0,547.58,4.83,morning,False,,0.519,peter.sharma942@example.com
CUS-0004959,Viktor Bakker,enterprise,gold,ZN-000155,Berlin,DE,EMEA,48 Riverside Sq,52.524986,13.477732,2020-01-05,270.0,30611.79,4.52,morning,True,48.0,0.507,viktor.bakker525@example.com
CUS-0004960,Zara Torres,retail_consumer,gold,ZN-000262,Shanghai,CN,APAC,94 Maple Dr,31.241371,121.36898,2018-01-25,4.0,173.42,5.0,evening,False,,0.393,zara.torres436@example.com
CUS-0004961,Rahul Rossi,retail_consumer,none,ZN-000032,Manchester,GB,EMEA,68 Market St,53.317091,-2.014773,2022-04-20,8.0,433.26,4.07,any,False,,0.344,rahul.rossi834@example.com
CUS-0004962,Priya Ivanov,retail_consumer,silver,ZN-000159,London,GB,EMEA,21 Victoria St,51.454693,-0.075114,2022-09-29,15.0,465.42,5.0,evening,False,,0.356,priya.ivanov249@example.com
CUS-0004963,Anna Rahman,retail_consumer,bronze,ZN-000313,Sao Paulo,BR,LATAM,281 Pine Rd,-23.437333,-46.845107,2023-08-12,8.0,984.96,3.84,morning,False,,0.315,anna.rahman42@example.com
CUS-0004964,Rahul Weber,retail_consumer,bronze,ZN-000063,London,GB,EMEA,431 Depot St,51.618334,-0.08608,2022-08-24,10.0,508.17,4.15,any,False,,0.29,rahul.weber838@example.com
CUS-0004965,Yuki Nguyen,smb,none,ZN-000481,Rome,IT,EMEA,131 Market Ave,41.882995,12.50299,2020-09-03,11.0,356.69,3.82,evening,True,,0.463,yuki.nguyen164@example.com
CUS-0004966,Anna Nguyen,retail_consumer,none,ZN-000170,Atlanta,US,NA,166 Riverside Ln,33.691583,-84.354638,2025-01-04,4.0,405.91,3.28,evening,False,,0.09,anna.nguyen307@example.com
CUS-0004967,Tomas Weber,smb,none,ZN-000243,Bengaluru,IN,APAC,137 Industrial Ave,12.900595,77.615796,2022-10-04,23.0,593.87,3.69,evening,True,,0.455,tomas.weber295@example.com
CUS-0004968,Carlos Kim,smb,bronze,ZN-000256,Osaka,JP,APAC,340 Warehouse Rd,34.608837,135.644732,2019-10-28,11.0,1524.66,5.0,afternoon,True,,0.115,carlos.kim484@example.com
CUS-0004969,Peter Costa,retail_consumer,silver,ZN-000009,Shanghai,CN,APAC,163 Pine Rd,31.24319,121.551687,2022-02-27,9.0,307.38,4.76,evening,False,,0.217,peter.costa839@example.com
CUS-0004970,Lucas Moreau,marketplace_seller,bronze,ZN-000116,Delhi,IN,APAC,283 Maple Blvd,28.670602,77.130672,2025-01-23,13.0,1328.59,4.34,evening,False,,0.533,lucas.moreau925@example.com
CUS-0004971,Nikolai Nguyen,marketplace_seller,silver,ZN-000189,Jakarta,ID,APAC,355 Harbour St,-6.354288,106.998567,2025-01-12,17.0,3217.58,4.36,morning,False,,0.243,nikolai.nguyen512@example.com
CUS-0004972,Fatima Fernandez,marketplace_seller,none,ZN-000108,Krakow,PL,EMEA,288 Union Sq,50.046503,20.034876,2018-02-28,40.0,1321.48,3.7,afternoon,False,,0.299,fatima.fernandez173@example.com
CUS-0004973,Ivan Costa,smb,bronze,ZN-000186,Mexico City,MX,LATAM,435 Riverside Ln,19.415136,-99.201383,2019-08-21,14.0,542.91,4.25,morning,True,,0.087,ivan.costa534@example.com
CUS-0004974,Viktor Ali,smb,bronze,ZN-000345,Stockholm,SE,EMEA,338 Maple Ln,59.422961,18.002813,2022-12-21,15.0,473.33,4.45,evening,True,,0.0,viktor.ali525@example.com
CUS-0004975,Yuki Silva,smb,none,ZN-000337,Shanghai,CN,APAC,58 Central Way,31.203537,121.440733,2021-08-21,15.0,443.16,3.95,evening,True,,0.098,yuki.silva817@example.com
CUS-0004976,Carlos Hansen,retail_consumer,bronze,ZN-000422,Shanghai,CN,APAC,232 Warehouse St,31.243882,121.365621,2021-10-02,86.0,5397.16,3.9,afternoon,False,,0.445,carlos.hansen832@example.com
CUS-0004977,Amara Ali,smb,gold,ZN-000243,Bengaluru,IN,APAC,479 Warehouse Ave,12.892644,77.649289,2025-03-31,39.0,3376.86,5.0,afternoon,True,,0.305,amara.ali455@example.com
CUS-0004978,Nikolai Nakamura,public_sector,gold,ZN-000239,Sao Paulo,BR,LATAM,239 Harbour Rd,-23.625119,-46.57171,2022-04-17,9.0,280.57,5.0,morning,True,24.0,0.0,nikolai.nakamura144@example.com
CUS-0004979,Mateo Nakamura,smb,bronze,ZN-000127,Krakow,PL,EMEA,427 Warehouse Blvd,49.989208,19.968693,2023-04-16,14.0,839.98,4.02,morning,True,,0.031,mateo.nakamura460@example.com
CUS-0004980,Grace Sharma,retail_consumer,none,ZN-000492,Krakow,PL,EMEA,384 Maple St,50.06174,19.817646,2023-07-03,5.0,113.57,4.12,any,False,,0.193,grace.sharma305@example.com
CUS-0004981,Hugo Smith,smb,none,ZN-000494,Amsterdam,NL,EMEA,33 Victoria Ln,52.329441,5.078318,2019-05-26,52.0,3160.97,3.84,afternoon,True,,0.026,hugo.smith804@example.com
CUS-0004982,Carlos Nakamura,retail_consumer,none,ZN-000081,Berlin,DE,EMEA,129 Industrial Dr,52.495425,13.55786,2022-09-08,3.0,334.25,3.48,any,False,,0.425,carlos.nakamura433@example.com
CUS-0004983,Omar Smith,retail_consumer,none,ZN-000400,Amsterdam,NL,EMEA,66 Market Dr,52.437526,4.837028,2021-04-09,8.0,1048.09,3.83,evening,False,,0.0,omar.smith285@example.com
CUS-0004984,Leila Zhang,enterprise,bronze,ZN-000153,Krakow,PL,EMEA,203 Central Sq,49.98636,20.153918,2018-04-16,101.0,4359.62,2.86,evening,True,48.0,0.582,leila.zhang158@example.com
CUS-0004985,Priya Ivanov,marketplace_seller,bronze,ZN-000342,Bengaluru,IN,APAC,155 Oak Sq,12.89321,77.619889,2018-05-06,6.0,686.43,4.61,afternoon,False,,0.157,priya.ivanov921@example.com
CUS-0004986,Lucas Dubois,retail_consumer,silver,ZN-000005,Krakow,PL,EMEA,441 Industrial Blvd,50.17854,20.005779,2021-05-16,31.0,1569.85,4.72,any,False,,0.0,lucas.dubois315@example.com
CUS-0004987,Ivan Petrov,public_sector,none,ZN-000057,Jakarta,ID,APAC,86 Industrial Dr,-6.286106,106.620984,2019-04-21,9.0,234.33,3.58,afternoon,True,12.0,0.189,ivan.petrov816@example.com
CUS-0004988,Diego Silva,smb,bronze,ZN-000190,Jakarta,ID,APAC,382 Depot Blvd,-6.275751,106.813498,2019-10-14,13.0,345.0,3.76,any,True,,0.225,diego.silva550@example.com
CUS-0004989,Tomas Torres,retail_consumer,none,ZN-000096,Krakow,PL,EMEA,432 Industrial Way,49.666631,20.160037,2021-02-14,20.0,544.16,4.46,afternoon,False,,0.238,tomas.torres302@example.com
CUS-0004990,Diego Okafor,marketplace_seller,none,ZN-000084,Manchester,GB,EMEA,217 Maple Way,53.513591,-2.170219,2024-11-03,9.0,286.07,3.77,evening,False,,0.23,diego.okafor21@example.com
CUS-0004991,Alex Kim,enterprise,none,ZN-000158,Shanghai,CN,APAC,298 Union Rd,31.17158,121.558479,2023-10-15,244.0,6983.8,4.08,morning,True,48.0,0.352,alex.kim237@example.com
CUS-0004992,Tomas Lindqvist,retail_consumer,gold,ZN-000422,Shanghai,CN,APAC,173 Oak Blvd,31.272146,121.357665,2024-12-15,4.0,174.62,4.84,evening,False,,0.0,tomas.lindqvist794@example.com
CUS-0004993,Chen Fernandez,retail_consumer,platinum,ZN-000347,Rome,IT,EMEA,55 Station Sq,41.906436,12.49279,2019-12-20,4.0,230.11,4.56,evening,False,,0.455,chen.fernandez270@example.com
CUS-0004994,Rahul Novak,marketplace_seller,gold,ZN-000086,Rome,IT,EMEA,11 Kings Ln,41.885871,12.444713,2018-06-09,11.0,528.89,5.0,evening,False,,0.25,rahul.novak16@example.com
CUS-0004995,Priya Torres,retail_consumer,platinum,ZN-000477,Shanghai,CN,APAC,23 Cedar Way,31.156714,121.533708,2024-04-27,23.0,936.06,4.35,evening,False,,0.126,priya.torres578@example.com
CUS-0004996,Rahul Nakamura,retail_consumer,silver,ZN-000326,Shanghai,CN,APAC,222 Bridge Rd,31.128457,121.470995,2021-04-30,41.0,1505.72,4.11,afternoon,False,,0.29,rahul.nakamura965@example.com
CUS-0004997,Peter Bakker,enterprise,none,ZN-000185,Delhi,IN,APAC,440 Warehouse Sq,28.629753,77.010493,2024-07-31,625.0,76251.16,3.85,any,True,24.0,0.325,peter.bakker753@example.com
CUS-0004998,Marcus Weber,smb,none,ZN-000129,Amsterdam,NL,EMEA,55 Cedar Blvd,52.405267,4.953314,2023-07-25,27.0,1061.97,5.0,afternoon,True,,0.215,marcus.weber318@example.com
CUS-0004999,Yuki Petrov,retail_consumer,bronze,ZN-000229,Rome,IT,EMEA,211 Church Dr,41.830255,12.543347,2023-07-23,8.0,1504.22,3.3,evening,False,,0.224,yuki.petrov870@example.com
CUS-0005000,Omar Okafor,public_sector,gold,ZN-000025,Jakarta,ID,APAC,467 Church Blvd,-6.165385,106.776716,2021-04-11,23.0,766.78,4.4,afternoon,True,24.0,0.515,omar.okafor879@example.com
