cost_id,warehouse_id,period_start,orders_count,cost_category,amount_usd,region,currency,cost_per_order_usd,budget_usd,variance_usd,overhead_usd
CST-000000001,WH-00016,2025-11-01,282,fuel,1559.8,APAC,USD,5.5312,1557.85,1.95,87.03
CST-000000002,WH-00004,2025-05-01,132,fuel,1922.69,EMEA,USD,14.5658,2032.44,-109.75,204.13
CST-000000003,WH-00020,2025-08-01,181,fuel,1181.36,APAC,USD,6.5269,1308.68,-127.32,85.52
CST-000000004,WH-00005,2025-10-01,187,fuel,1211.67,EMEA,USD,6.4795,1246.76,-35.09,107.23
CST-000000005,WH-00010,2025-09-01,236,fuel,845.43,APAC,USD,3.5823,1012.47,-167.04,35.94
CST-000000006,WH-00025,2025-11-01,126,fuel,3595.16,EMEA,USD,28.533,3980.09,-384.93,179.28
CST-000000007,WH-00012,2025-09-01,251,fuel,2161.34,EMEA,USD,8.6109,2206.98,-45.64,84.95
CST-000000008,WH-00001,2025-04-01,123,fuel,943.87,EMEA,USD,7.6737,843.86,100.01,46.27
CST-000000009,WH-00009,2025-08-01,221,fuel,8795.72,EMEA,USD,39.7996,9037.84,-242.12,725.27
CST-000000010,WH-00007,2025-12-01,157,fuel,1708.6,EMEA,USD,10.8828,1649.53,59.07,74.78
CST-000000011,WH-00022,2025-05-01,194,fuel,1677.85,NA,USD,8.6487,1956.63,-278.78,120.81
CST-000000012,WH-00002,2025-03-01,194,fuel,7252.02,EMEA,USD,37.3815,7869.36,-617.34,268.19
CST-000000013,WH-00024,2025-07-01,173,fuel,1074.0,APAC,USD,6.2081,1248.87,-174.87,
CST-000000014,WH-00010,2025-07-01,211,fuel,676.46,APAC,USD,3.206,757.53,-81.07,22.41
CST-000000015,WH-00012,2025-02-01,199,fuel,2383.87,EMEA,USD,11.9792,2777.13,-393.26,
CST-000000016,WH-00017,2025-04-01,102,fuel,1004.71,NA,USD,9.8501,952.16,52.55,99.86
CST-000000017,WH-00005,2025-05-01,158,fuel,931.85,EMEA,USD,5.8978,1054.12,-122.27,62.45
CST-000000018,WH-00019,2025-05-01,168,fuel,511.67,APAC,USD,3.0457,456.23,55.44,50.15
CST-000000019,WH-00017,2025-08-01,100,fuel,784.19,NA,USD,7.8419,793.48,-9.29,50.75
CST-000000020,WH-00012,2025-01-01,257,fuel,1753.74,EMEA,USD,6.8239,1816.15,-62.41,83.06
CST-000000021,WH-00013,2025-11-01,193,fuel,838.27,APAC,USD,4.3434,957.63,-119.36,69.73
CST-000000022,WH-00009,2025-01-01,232,fuel,19397.11,EMEA,USD,83.6082,20633.39,-1236.28,1927.03
CST-000000023,WH-00009,2025-02-01,200,fuel,10389.11,EMEA,USD,51.9456,9809.42,579.69,345.74
CST-000000024,WH-00023,2025-12-01,243,fuel,971.03,LATAM,USD,3.996,949.73,21.3,114.15
CST-000000025,WH-00017,2025-07-01,98,fuel,779.29,NA,USD,7.9519,869.95,-90.66,79.05
CST-000000026,WH-00008,2025-08-01,278,fuel,3744.85,EMEA,USD,13.4707,4350.18,-605.33,152.87
CST-000000027,WH-00007,2025-06-01,98,fuel,571.45,EMEA,USD,5.8311,647.91,-76.46,55.95
CST-000000028,WH-00009,2025-07-01,263,fuel,16605.81,EMEA,USD,63.14,15384.17,1221.64,822.11
CST-000000029,WH-00010,2025-05-01,245,fuel,633.0,APAC,USD,2.5837,587.77,45.23,38.2
CST-000000030,WH-00025,2025-06-01,103,fuel,1205.68,EMEA,USD,11.7056,1251.7,-46.02,115.93
CST-000000031,WH-00013,2025-06-01,124,fuel,547.64,APAC,USD,4.4165,500.97,46.67,40.4
CST-000000032,WH-00016,2025-04-01,174,fuel,707.3,APAC,USD,4.0649,713.41,-6.11,28.84
CST-000000033,WH-00002,2025-05-01,203,fuel,12130.22,EMEA,USD,59.7548,12170.84,-40.62,685.0
CST-000000034,WH-00019,2025-11-01,205,fuel,617.66,APAC,USD,3.013,668.65,-50.99,27.4
CST-000000035,WH-00015,2025-05-01,130,fuel,650.9,APAC,USD,5.0069,728.09,-77.19,74.51
CST-000000036,WH-00018,2025-09-01,140,fuel,464.06,EMEA,USD,3.3147,504.76,-40.7,41.01
CST-000000037,WH-00008,2025-03-01,255,fuel,2079.12,EMEA,USD,8.1534,2342.65,-263.53,143.81
CST-000000038,WH-00004,2025-07-01,129,fuel,2532.54,EMEA,USD,19.6321,2916.83,-384.29,235.5
CST-000000039,WH-00014,2025-08-01,227,fuel,21797.33,EMEA,USD,96.0235,21628.1,169.23,1610.06
CST-000000040,WH-00022,2025-10-01,202,fuel,1418.64,NA,USD,7.023,1384.39,34.25,80.42
CST-000000041,WH-00008,2025-01-01,271,fuel,4696.61,EMEA,USD,17.3307,5097.36,-400.75,339.35
CST-000000042,WH-00009,2025-03-01,219,fuel,10662.28,EMEA,USD,48.6862,11200.23,-537.95,657.95
CST-000000043,WH-00007,2025-05-01,118,fuel,784.86,EMEA,USD,6.6514,914.56,-129.7,52.16
CST-000000044,WH-00014,2025-02-01,167,fuel,18310.97,EMEA,USD,109.6465,17989.6,321.37,1087.78
CST-000000045,WH-00018,2025-05-01,132,fuel,525.07,EMEA,USD,3.9778,535.95,-10.88,17.83
CST-000000046,WH-00001,2025-06-01,144,fuel,832.54,EMEA,USD,5.7815,734.57,97.97,53.88
CST-000000047,WH-00008,2025-11-01,367,fuel,6850.68,EMEA,USD,18.6667,6079.17,771.51,335.65
CST-000000048,WH-00010,2025-04-01,221,fuel,712.16,APAC,USD,3.2224,729.91,-17.75,65.57
CST-000000049,WH-00006,2025-10-01,133,fuel,1817.9,EMEA,USD,13.6684,1655.36,162.54,136.6
CST-000000050,WH-00013,2025-12-01,201,fuel,660.29,APAC,USD,3.285,642.62,17.67,31.34
CST-000000051,WH-00012,2025-11-01,335,fuel,2204.29,EMEA,USD,6.58,1913.0,291.29,76.08
CST-000000052,WH-00005,2025-07-01,121,fuel,2589.83,EMEA,USD,21.4036,2588.46,1.37,117.83
CST-000000053,WH-00014,2025-11-01,282,fuel,36688.46,EMEA,USD,130.1009,41845.47,-5157.01,2642.77
CST-000000054,WH-00003,2025-12-01,188,fuel,532.76,LATAM,USD,2.8338,483.44,49.32,48.42
CST-000000055,WH-00013,2025-05-01,147,fuel,462.84,APAC,USD,3.1486,418.24,44.6,37.47
CST-000000056,WH-00002,2025-04-01,176,fuel,7521.49,EMEA,USD,42.7357,6446.05,1075.44,
CST-000000057,WH-00007,2025-11-01,132,fuel,1025.44,EMEA,USD,7.7685,1207.36,-181.92,121.54
CST-000000058,WH-00024,2025-01-01,134,fuel,559.63,APAC,USD,4.1763,639.99,-80.36,64.06
CST-000000059,WH-00001,2025-12-01,210,fuel,1491.27,EMEA,USD,7.1013,1608.93,-117.66,64.9
CST-000000060,WH-00009,2025-10-01,253,fuel,11121.0,EMEA,USD,43.9565,11895.93,-774.93,1097.22
CST-000000061,WH-00011,2025-05-01,127,fuel,729.02,NA,USD,5.7403,774.58,-45.56,50.49
CST-000000062,WH-00002,2025-09-01,193,fuel,13677.17,EMEA,USD,70.8662,11842.43,1834.74,559.08
CST-000000063,WH-00002,2025-07-01,166,fuel,11179.61,EMEA,USD,67.347,11379.89,-200.28,539.47
CST-000000064,WH-00014,2025-01-01,183,fuel,18225.84,EMEA,USD,99.5948,18574.41,-348.57,975.08
CST-000000065,WH-00007,2025-09-01,104,fuel,2275.46,EMEA,USD,21.8794,2200.27,75.19,94.58
CST-000000066,WH-00010,2025-10-01,252,fuel,781.09,APAC,USD,3.0996,810.67,-29.58,51.93
CST-000000067,WH-00008,2025-12-01,374,fuel,3804.24,EMEA,USD,10.1718,4270.37,-466.13,287.36
CST-000000068,WH-00015,2025-12-01,174,fuel,727.13,APAC,USD,4.1789,716.62,10.51,22.12
CST-000000069,WH-00025,2025-09-01,91,fuel,1883.54,EMEA,USD,20.6982,1956.9,-73.36,109.01
CST-000000070,WH-00004,2025-11-01,172,fuel,1769.15,EMEA,USD,10.2858,1830.43,-61.28,57.41
CST-000000071,WH-00016,2025-12-01,311,fuel,1244.38,APAC,USD,4.0012,1060.82,183.56,135.29
CST-000000072,WH-00023,2025-09-01,180,fuel,496.22,LATAM,USD,2.7568,443.07,53.15,15.58
CST-000000073,WH-00024,2025-11-01,212,fuel,839.28,APAC,USD,3.9589,762.23,77.05,76.31
CST-000000074,WH-00012,2025-10-01,282,fuel,2870.85,EMEA,USD,10.1803,3172.2,-301.35,115.18
CST-000000075,WH-00024,2025-09-01,178,fuel,1129.59,APAC,USD,6.346,1033.69,95.9,76.92
CST-000000076,WH-00023,2025-05-01,191,fuel,717.15,LATAM,USD,3.7547,636.5,80.65,30.3
CST-000000077,WH-00009,2025-04-01,230,fuel,10734.63,EMEA,USD,46.6723,9851.91,882.72,427.32
CST-000000078,WH-00023,2025-08-01,173,fuel,685.05,LATAM,USD,3.9598,728.81,-43.76,38.16
CST-000000079,WH-00002,2025-11-01,260,fuel,12667.03,EMEA,USD,48.7193,13705.63,-1038.6,1285.47
CST-000000080,WH-00016,2025-07-01,190,fuel,1018.0,APAC,USD,5.3579,884.17,133.83,
CST-000000081,WH-00023,2025-01-01,175,fuel,903.35,LATAM,USD,5.162,902.76,0.59,68.71
CST-000000082,WH-00020,2025-03-01,178,fuel,1623.82,APAC,USD,9.1226,1712.29,-88.47,91.96
CST-000000083,WH-00011,2025-06-01,139,fuel,1317.98,NA,USD,9.4819,1409.05,-91.07,156.39
CST-000000084,WH-00017,2025-02-01,73,fuel,565.7,NA,USD,7.7493,662.38,-96.68,20.9
CST-000000085,WH-00022,2025-07-01,159,fuel,1395.13,NA,USD,8.7744,1402.22,-7.09,104.07
CST-000000086,WH-00021,2025-10-01,91,fuel,5495.48,EMEA,USD,60.3899,4870.89,624.59,556.11
CST-000000087,WH-00009,2025-06-01,251,fuel,11269.1,EMEA,USD,44.8968,12651.28,-1382.18,860.09
CST-000000088,WH-00021,2025-11-01,101,fuel,1185.36,EMEA,USD,11.7362,1368.07,-182.71,121.1
CST-000000089,WH-00006,2025-08-01,120,fuel,2501.4,EMEA,USD,20.845,2637.48,-136.08,112.63
CST-000000090,WH-00020,2025-11-01,241,fuel,1746.03,APAC,USD,7.2449,1818.99,-72.96,97.13
CST-000000091,WH-00023,2025-02-01,169,fuel,663.43,LATAM,USD,3.9256,636.12,27.31,28.81
CST-000000092,WH-00015,2025-07-01,141,fuel,422.03,APAC,USD,2.9931,394.09,27.94,41.7
CST-000000093,WH-00014,2025-12-01,281,fuel,28185.53,EMEA,USD,100.3044,28667.82,-482.29,1593.81
CST-000000094,WH-00011,2025-03-01,134,fuel,1267.09,NA,USD,9.4559,1427.3,-160.21,65.48
CST-000000095,WH-00024,2025-02-01,129,fuel,680.03,APAC,USD,5.2716,612.76,67.27,31.87
CST-000000096,WH-00018,2025-07-01,120,fuel,500.35,EMEA,USD,4.1696,459.34,41.01,17.8
CST-000000097,WH-00019,2025-12-01,195,fuel,762.88,APAC,USD,3.9122,894.9,-132.02,64.11
CST-000000098,WH-00020,2025-12-01,254,fuel,2109.49,APAC,USD,8.3051,1986.5,122.99,185.5
CST-000000099,WH-00024,2025-05-01,193,fuel,998.45,APAC,USD,5.1733,1074.42,-75.97,31.6
CST-000000100,WH-00010,2025-06-01,231,fuel,687.01,APAC,USD,2.9741,689.91,-2.9,25.35
CST-000000101,WH-00010,2025-11-01,322,fuel,1209.06,APAC,USD,3.7548,1296.69,-87.63,78.95
CST-000000102,WH-00008,2025-10-01,322,fuel,5455.06,EMEA,USD,16.9412,5101.91,353.15,617.39
CST-000000103,WH-00018,2025-11-01,197,fuel,618.29,EMEA,USD,3.1385,672.91,-54.62,49.48
CST-000000104,WH-00024,2025-10-01,206,fuel,1030.78,APAC,USD,5.0038,892.6,138.18,113.83
CST-000000105,WH-00004,2025-03-01,100,fuel,1977.05,EMEA,USD,19.7705,1810.31,166.74,217.15
CST-000000106,WH-00007,2025-01-01,103,fuel,481.86,EMEA,USD,4.6783,511.74,-29.88,50.46
CST-000000107,WH-00005,2025-12-01,198,fuel,2449.8,EMEA,USD,12.3727,2781.01,-331.21,233.6
CST-000000108,WH-00008,2025-09-01,269,fuel,5031.64,EMEA,USD,18.705,4694.95,336.69,435.66
CST-000000109,WH-00005,2025-01-01,122,fuel,2245.46,EMEA,USD,18.4054,1944.06,301.4,265.48
CST-000000110,WH-00012,2025-12-01,333,fuel,2080.57,EMEA,USD,6.248,2445.04,-364.47,217.48
CST-000000111,WH-00020,2025-01-01,150,fuel,1127.86,APAC,USD,7.5191,1258.32,-130.46,112.07
CST-000000112,WH-00021,2025-06-01,62,fuel,966.78,EMEA,USD,15.5932,1085.83,-119.05,33.64
CST-000000113,WH-00012,2025-08-01,240,fuel,2925.86,EMEA,USD,12.1911,2564.09,361.77,348.81
CST-000000114,WH-00008,2025-06-01,246,fuel,2082.0,EMEA,USD,8.4634,2445.58,-363.58,93.76
CST-000000115,WH-00019,2025-10-01,179,fuel,653.01,APAC,USD,3.6481,687.72,-34.71,41.32
CST-000000116,WH-00015,2025-01-01,109,fuel,422.52,APAC,USD,3.8763,373.88,48.64,15.68
CST-000000117,WH-00012,2025-03-01,240,fuel,1314.83,EMEA,USD,5.4785,1522.64,-207.81,110.04
CST-000000118,WH-00009,2025-05-01,259,fuel,16467.64,EMEA,USD,63.5816,18214.98,-1747.34,1425.83
CST-000000119,WH-00008,2025-07-01,281,fuel,3736.77,EMEA,USD,13.2981,3281.32,455.45,224.53
CST-000000120,WH-00008,2025-05-01,305,fuel,4306.68,EMEA,USD,14.1203,4086.77,219.91,467.87
CST-000000121,WH-00004,2025-12-01,160,fuel,1930.66,EMEA,USD,12.0666,1935.98,-5.32,107.9
CST-000000122,WH-00006,2025-04-01,112,fuel,1440.45,EMEA,USD,12.8612,1648.59,-208.14,135.27
CST-000000123,WH-00017,2025-01-01,89,fuel,670.07,NA,USD,7.5289,717.9,-47.83,
CST-000000124,WH-00013,2025-03-01,118,fuel,555.51,APAC,USD,4.7077,502.38,53.13,52.82
CST-000000125,WH-00024,2025-06-01,158,fuel,1182.24,APAC,USD,7.4825,1026.51,155.73,50.85
CST-000000126,WH-00023,2025-04-01,181,fuel,663.88,LATAM,USD,3.6678,763.85,-99.97,39.28
CST-000000127,WH-00013,2025-07-01,128,fuel,825.48,APAC,USD,6.4491,974.31,-148.83,28.83
CST-000000128,WH-00009,2025-12-01,326,fuel,13698.93,EMEA,USD,42.0213,11731.02,1967.91,1379.62
CST-000000129,WH-00023,2025-07-01,190,fuel,661.28,LATAM,USD,3.4804,595.42,65.86,58.57
CST-000000130,WH-00008,2025-04-01,266,fuel,2732.21,EMEA,USD,10.2715,3079.61,-347.4,320.98
CST-000000131,WH-00022,2025-03-01,158,fuel,926.69,NA,USD,5.8651,829.16,97.53,40.95
CST-000000132,WH-00003,2025-08-01,136,fuel,482.98,LATAM,USD,3.5513,453.95,29.03,33.14
CST-000000133,WH-00002,2025-12-01,276,fuel,16017.78,EMEA,USD,58.0354,15995.21,22.57,1770.97
CST-000000134,WH-00011,2025-01-01,107,fuel,680.1,NA,USD,6.3561,639.97,40.13,66.19
CST-000000135,WH-00023,2025-10-01,220,fuel,870.72,LATAM,USD,3.9578,766.49,104.23,28.42
CST-000000136,WH-00015,2025-03-01,123,fuel,405.96,APAC,USD,3.3005,424.95,-18.99,28.57
CST-000000137,WH-00016,2025-01-01,188,fuel,819.11,APAC,USD,4.357,707.49,111.62,81.36
CST-000000138,WH-00012,2025-05-01,252,fuel,2049.03,EMEA,USD,8.1311,2122.92,-73.89,102.27
CST-000000139,WH-00004,2025-10-01,135,fuel,1868.45,EMEA,USD,13.8404,2224.15,-355.7,90.23
CST-000000140,WH-00011,2025-08-01,124,fuel,1011.53,NA,USD,8.1575,1079.19,-67.66,39.88
CST-000000141,WH-00020,2025-06-01,172,fuel,1304.47,APAC,USD,7.5841,1200.63,103.84,142.78
CST-000000142,WH-00001,2025-11-01,203,fuel,1211.06,EMEA,USD,5.9658,1280.48,-69.42,131.94
CST-000000143,WH-00011,2025-07-01,130,fuel,1057.01,NA,USD,8.1308,909.38,147.63,31.83
CST-000000144,WH-00013,2025-02-01,99,fuel,250.46,APAC,USD,2.5299,271.83,-21.37,26.31
CST-000000145,WH-00022,2025-08-01,155,fuel,1162.59,NA,USD,7.5006,1287.56,-124.97,50.28
CST-000000146,WH-00003,2025-06-01,139,fuel,329.15,LATAM,USD,2.368,295.0,34.15,10.91
CST-000000147,WH-00003,2025-07-01,104,fuel,300.36,LATAM,USD,2.8881,312.42,-12.06,19.51
CST-000000148,WH-00010,2025-01-01,229,fuel,679.12,APAC,USD,2.9656,737.94,-58.82,75.25
CST-000000149,WH-00018,2025-01-01,138,fuel,554.22,EMEA,USD,4.0161,481.78,72.44,51.24
CST-000000150,WH-00001,2025-10-01,167,fuel,2355.02,EMEA,USD,14.1019,2659.0,-303.98,104.94
CST-000000151,WH-00006,2025-12-01,168,fuel,2709.13,EMEA,USD,16.1258,2629.09,80.04,202.82
CST-000000152,WH-00002,2025-06-01,196,fuel,8190.29,EMEA,USD,41.7872,7744.55,445.74,419.24
CST-000000153,WH-00016,2025-08-01,203,fuel,562.98,APAC,USD,2.7733,560.32,2.66,
CST-000000154,WH-00018,2025-08-01,143,fuel,663.85,EMEA,USD,4.6423,656.51,7.34,69.91
CST-000000155,WH-00018,2025-12-01,201,fuel,1069.19,EMEA,USD,5.3194,1224.16,-154.97,77.05
CST-000000156,WH-00012,2025-04-01,236,fuel,2387.9,EMEA,USD,10.1182,2368.97,18.93,138.23
CST-000000157,WH-00007,2025-07-01,103,fuel,901.56,EMEA,USD,8.753,777.84,123.72,33.94
CST-000000158,WH-00003,2025-10-01,109,fuel,306.48,LATAM,USD,2.8117,308.28,-1.8,28.51
CST-000000159,WH-00022,2025-11-01,232,fuel,1780.43,NA,USD,7.6743,2032.3,-251.87,106.02
CST-000000160,WH-00009,2025-09-01,242,fuel,12522.97,EMEA,USD,51.7478,12710.46,-187.49,619.57
CST-000000161,WH-00014,2025-04-01,222,fuel,25780.2,EMEA,USD,116.127,23506.49,2273.71,2832.75
CST-000000162,WH-00014,2025-06-01,212,fuel,22218.17,EMEA,USD,104.8027,20873.58,1344.59,690.07
CST-000000163,WH-00001,2025-08-01,129,fuel,2814.71,EMEA,USD,21.8195,3021.03,-206.32,151.53
CST-000000164,WH-00011,2025-04-01,130,fuel,929.06,NA,USD,7.1466,853.13,75.93,77.93
CST-000000165,WH-00006,2025-06-01,113,fuel,1690.72,EMEA,USD,14.9621,2013.49,-322.77,90.8
CST-000000166,WH-00002,2025-01-01,162,fuel,8697.99,EMEA,USD,53.6913,8743.92,-45.93,903.13
CST-000000167,WH-00016,2025-03-01,176,fuel,713.21,APAC,USD,4.0523,760.42,-47.21,31.85
CST-000000168,WH-00019,2025-08-01,148,fuel,421.48,APAC,USD,2.8478,420.12,1.36,47.81
CST-000000169,WH-00005,2025-02-01,118,fuel,2779.5,EMEA,USD,23.5551,2596.37,183.13,186.57
CST-000000170,WH-00022,2025-06-01,173,fuel,1289.57,NA,USD,7.4542,1275.03,14.54,94.03
CST-000000171,WH-00020,2025-02-01,141,fuel,1140.63,APAC,USD,8.0896,1100.6,40.03,92.5
CST-000000172,WH-00006,2025-11-01,169,fuel,1903.3,EMEA,USD,11.2621,2247.88,-344.58,166.46
CST-000000173,WH-00016,2025-06-01,190,fuel,725.46,APAC,USD,3.8182,658.71,66.75,63.65
CST-000000174,WH-00011,2025-09-01,133,fuel,1060.72,NA,USD,7.9753,1050.77,9.95,48.67
CST-000000175,WH-00001,2025-01-01,139,fuel,804.34,EMEA,USD,5.7866,947.68,-143.34,44.61
CST-000000176,WH-00016,2025-10-01,218,fuel,971.97,APAC,USD,4.4586,1005.58,-33.61,37.26
CST-000000177,WH-00012,2025-07-01,270,fuel,2413.64,EMEA,USD,8.9394,2099.97,313.67,196.88
CST-000000178,WH-00015,2025-11-01,170,fuel,716.73,APAC,USD,4.2161,637.0,79.73,59.94
CST-000000179,WH-00004,2025-09-01,119,fuel,1966.39,EMEA,USD,16.5243,2224.29,-257.9,62.38
CST-000000180,WH-00018,2025-02-01,96,fuel,403.11,EMEA,USD,4.1991,446.27,-43.16,46.1
CST-000000181,WH-00017,2025-12-01,141,fuel,956.52,NA,USD,6.7838,1054.17,-97.65,64.88
CST-000000182,WH-00024,2025-03-01,168,fuel,908.8,APAC,USD,5.4095,1032.92,-124.12,43.98
CST-000000183,WH-00007,2025-02-01,76,fuel,905.52,EMEA,USD,11.9147,960.75,-55.23,55.93
CST-000000184,WH-00015,2025-06-01,127,fuel,340.41,APAC,USD,2.6804,346.95,-6.54,28.76
CST-000000185,WH-00020,2025-07-01,192,fuel,1360.21,APAC,USD,7.0844,1201.21,159.0,94.38
CST-000000186,WH-00006,2025-07-01,121,fuel,2780.27,EMEA,USD,22.9774,3158.07,-377.8,193.44
CST-000000187,WH-00005,2025-11-01,175,fuel,5412.34,EMEA,USD,30.9277,4905.48,506.86,628.36
CST-000000188,WH-00005,2025-03-01,151,fuel,934.8,EMEA,USD,6.1907,938.28,-3.48,42.83
CST-000000189,WH-00024,2025-08-01,163,fuel,831.1,APAC,USD,5.0988,990.14,-159.04,85.02
CST-000000190,WH-00003,2025-11-01,163,fuel,693.52,LATAM,USD,4.2547,791.16,-97.64,21.16
CST-000000191,WH-00019,2025-01-01,141,fuel,523.62,APAC,USD,3.7136,558.4,-34.78,19.74
CST-000000192,WH-00005,2025-09-01,172,fuel,1892.12,EMEA,USD,11.0007,1924.27,-32.15,186.58
CST-000000193,WH-00010,2025-08-01,225,fuel,688.97,APAC,USD,3.0621,785.3,-96.33,34.19
CST-000000194,WH-00019,2025-06-01,137,fuel,608.73,APAC,USD,4.4433,577.37,31.36,69.52
CST-000000195,WH-00018,2025-10-01,154,fuel,547.52,EMEA,USD,3.5553,482.22,65.3,18.51
CST-000000196,WH-00023,2025-11-01,237,fuel,1024.83,LATAM,USD,4.3242,1165.5,-140.67,65.08
CST-000000197,WH-00015,2025-10-01,151,fuel,631.92,APAC,USD,4.1849,598.03,33.89,40.84
CST-000000198,WH-00006,2025-09-01,117,fuel,1375.1,EMEA,USD,11.753,1338.68,36.42,67.46
CST-000000199,WH-00019,2025-07-01,125,fuel,411.74,APAC,USD,3.2939,490.53,-78.79,25.24
CST-000000200,WH-00014,2025-09-01,231,fuel,27112.08,EMEA,USD,117.3683,30951.14,-3839.06,1887.98
CST-000000201,WH-00016,2025-05-01,195,fuel,775.67,APAC,USD,3.9778,750.36,25.31,81.5
CST-000000202,WH-00005,2025-06-01,136,fuel,2950.0,EMEA,USD,21.6912,3057.76,-107.76,340.68
CST-000000203,WH-00017,2025-10-01,111,fuel,1063.94,NA,USD,9.585,1028.56,35.38,112.46
CST-000000204,WH-00009,2025-11-01,334,fuel,14316.46,EMEA,USD,42.8637,13317.34,999.12,463.71
CST-000000205,WH-00022,2025-12-01,238,fuel,1565.87,NA,USD,6.5793,1624.19,-58.32,75.91
CST-000000206,WH-00003,2025-02-01,107,fuel,342.95,LATAM,USD,3.2051,357.43,-14.48,20.9
CST-000000207,WH-00006,2025-03-01,119,fuel,1349.84,EMEA,USD,11.3432,1229.25,120.59,152.66
CST-000000208,WH-00020,2025-05-01,209,fuel,1467.12,APAC,USD,7.0197,1675.5,-208.38,85.25
CST-000000209,WH-00011,2025-11-01,174,fuel,1002.52,NA,USD,5.7616,1027.93,-25.41,114.89
CST-000000210,WH-00020,2025-09-01,175,fuel,1136.58,APAC,USD,6.4947,999.34,137.24,117.41
CST-000000211,WH-00023,2025-06-01,187,fuel,600.7,LATAM,USD,3.2123,540.58,60.12,61.46
CST-000000212,WH-00014,2025-05-01,211,fuel,22149.28,EMEA,USD,104.9729,19452.58,2696.7,
CST-000000213,WH-00015,2025-04-01,128,fuel,506.03,APAC,USD,3.9534,498.58,7.45,52.88
CST-000000214,WH-00012,2025-06-01,230,fuel,3352.97,EMEA,USD,14.5781,3883.59,-530.62,228.67
CST-000000215,WH-00011,2025-02-01,95,fuel,885.53,NA,USD,9.3214,818.29,67.24,43.76
CST-000000216,WH-00021,2025-12-01,123,fuel,2361.62,EMEA,USD,19.2002,2284.9,76.72,119.3
CST-000000217,WH-00020,2025-10-01,185,fuel,1218.17,APAC,USD,6.5847,1181.93,36.24,75.89
CST-000000218,WH-00021,2025-01-01,81,fuel,2078.03,EMEA,USD,25.6547,2072.53,5.5,89.74
CST-000000219,WH-00006,2025-02-01,88,fuel,609.33,EMEA,USD,6.9242,718.57,-109.24,49.84
CST-000000220,WH-00007,2025-04-01,99,fuel,1054.12,EMEA,USD,10.6477,1103.6,-49.48,53.9
CST-000000221,WH-00010,2025-12-01,319,fuel,1021.53,APAC,USD,3.2023,964.46,57.07,40.34
CST-000000222,WH-00014,2025-10-01,232,fuel,19274.3,EMEA,USD,83.0789,18919.29,355.01,938.93
CST-000000223,WH-00025,2025-10-01,108,fuel,1309.05,EMEA,USD,12.1208,1393.74,-84.69,90.73
CST-000000224,WH-00006,2025-05-01,118,fuel,1790.6,EMEA,USD,15.1746,1911.17,-120.57,65.02
CST-000000225,WH-00003,2025-09-01,144,fuel,410.72,LATAM,USD,2.8522,380.69,30.03,31.7
CST-000000226,WH-00014,2025-03-01,204,fuel,21030.84,EMEA,USD,103.0924,24647.86,-3617.02,1314.9
CST-000000227,WH-00024,2025-04-01,175,fuel,848.38,APAC,USD,4.8479,958.04,-109.66,40.99
CST-000000228,WH-00011,2025-12-01,205,fuel,1338.05,NA,USD,6.5271,1228.12,109.93,96.51
CST-000000229,WH-00019,2025-02-01,131,fuel,403.47,APAC,USD,3.0799,342.96,60.51,26.92
CST-000000230,WH-00013,2025-08-01,135,fuel,498.07,APAC,USD,3.6894,466.11,31.96,15.21
CST-000000231,WH-00007,2025-03-01,90,fuel,1550.26,EMEA,USD,17.2251,1530.47,19.79,77.11
CST-000000232,WH-00003,2025-03-01,131,fuel,442.68,LATAM,USD,3.3792,507.32,-64.64,31.38
CST-000000233,WH-00008,2025-02-01,196,fuel,3172.21,EMEA,USD,16.1847,2987.02,185.19,105.75
CST-000000234,WH-00002,2025-10-01,233,fuel,11754.21,EMEA,USD,50.4473,11923.6,-169.39,992.86
CST-000000235,WH-00021,2025-03-01,85,fuel,2105.64,EMEA,USD,24.7722,2422.68,-317.04,
CST-000000236,WH-00001,2025-05-01,143,fuel,1512.62,EMEA,USD,10.5778,1656.33,-143.71,122.19
CST-000000237,WH-00025,2025-05-01,101,fuel,1506.2,EMEA,USD,14.9129,1433.95,72.25,77.81
CST-000000238,WH-00005,2025-08-01,144,fuel,1455.8,EMEA,USD,10.1097,1362.81,92.99,114.75
CST-000000239,WH-00017,2025-03-01,97,fuel,1009.25,NA,USD,10.4046,1135.02,-125.77,78.22
CST-000000240,WH-00007,2025-10-01,121,fuel,508.25,EMEA,USD,4.2004,581.37,-73.12,36.01
CST-000000241,WH-00016,2025-09-01,221,fuel,1327.64,APAC,USD,6.0074,1360.92,-33.28,98.69
CST-000000242,WH-00010,2025-02-01,198,fuel,524.93,APAC,USD,2.6512,458.54,66.39,29.3
CST-000000243,WH-00013,2025-01-01,123,fuel,613.53,APAC,USD,4.988,553.04,60.49,60.99
CST-000000244,WH-00013,2025-10-01,150,fuel,689.4,APAC,USD,4.596,705.17,-15.77,37.9
CST-000000245,WH-00025,2025-07-01,94,fuel,2342.1,EMEA,USD,24.916,2760.5,-418.4,272.16
CST-000000246,WH-00001,2025-03-01,137,fuel,734.31,EMEA,USD,5.3599,731.87,2.44,44.21
CST-000000247,WH-00013,2025-04-01,132,fuel,652.59,APAC,USD,4.9439,653.56,-0.97,51.44
CST-000000248,WH-00018,2025-06-01,120,fuel,395.23,EMEA,USD,3.2936,454.87,-59.64,28.32
CST-000000249,WH-00002,2025-02-01,142,fuel,4116.44,EMEA,USD,28.989,4047.76,68.68,404.09
CST-000000250,WH-00014,2025-07-01,201,fuel,15223.07,EMEA,USD,75.7367,17961.33,-2738.26,1419.27
CST-000000251,WH-00006,2025-01-01,99,fuel,505.7,EMEA,USD,5.1081,436.82,68.88,33.71
CST-000000252,WH-00024,2025-12-01,246,fuel,1315.34,APAC,USD,5.3469,1296.91,18.43,75.61
CST-000000253,WH-00016,2025-02-01,153,fuel,622.88,APAC,USD,4.0711,660.09,-37.21,68.62
CST-000000254,WH-00003,2025-01-01,114,fuel,362.35,LATAM,USD,3.1785,359.64,2.71,40.57
CST-000000255,WH-00025,2025-01-01,69,fuel,2424.53,EMEA,USD,35.1381,2547.35,-122.82,130.29
CST-000000256,WH-00020,2025-04-01,182,fuel,1103.94,APAC,USD,6.0656,1023.94,80.0,98.26
CST-000000257,WH-00003,2025-04-01,118,fuel,458.83,LATAM,USD,3.8884,454.47,4.36,42.96
CST-000000258,WH-00005,2025-04-01,117,fuel,2397.38,EMEA,USD,20.4904,2617.44,-220.06,265.08
CST-000000259,WH-00017,2025-11-01,112,fuel,878.13,NA,USD,7.8404,1014.36,-136.23,67.94
CST-000000260,WH-00004,2025-04-01,97,fuel,751.97,EMEA,USD,7.7523,862.75,-110.78,74.88
CST-000000261,WH-00017,2025-06-01,92,fuel,683.59,NA,USD,7.4303,776.36,-92.77,65.8
CST-000000262,WH-00018,2025-03-01,134,fuel,529.5,EMEA,USD,3.9515,507.6,21.9,56.53
CST-000000263,WH-00022,2025-09-01,176,fuel,1436.92,NA,USD,8.1643,1525.55,-88.63,79.13
CST-000000264,WH-00003,2025-05-01,104,fuel,295.06,LATAM,USD,2.8371,302.54,-7.48,19.49
CST-000000265,WH-00001,2025-07-01,138,fuel,2118.72,EMEA,USD,15.353,2502.46,-383.74,182.73
CST-000000266,WH-00025,2025-03-01,89,fuel,1248.68,EMEA,USD,14.0301,1383.49,-134.81,
CST-000000267,WH-00015,2025-09-01,137,fuel,584.89,APAC,USD,4.2693,652.72,-67.83,41.32
CST-000000268,WH-00004,2025-02-01,77,fuel,1983.72,EMEA,USD,25.7626,1708.83,274.89,66.24
CST-000000269,WH-00004,2025-01-01,101,fuel,1903.59,EMEA,USD,18.8474,1929.34,-25.75,207.58
CST-000000270,WH-00022,2025-02-01,123,fuel,1097.65,NA,USD,8.924,1275.0,-177.35,65.3
CST-000000271,WH-00011,2025-10-01,149,fuel,939.96,NA,USD,6.3085,1092.47,-152.51,87.41
CST-000000272,WH-00022,2025-01-01,134,fuel,1187.9,NA,USD,8.8649,1255.28,-67.38,78.96
CST-000000273,WH-00019,2025-09-01,134,fuel,516.53,APAC,USD,3.8547,561.4,-44.87,15.84
CST-000000274,WH-00010,2025-03-01,224,fuel,670.39,APAC,USD,2.9928,698.85,-28.46,69.76
CST-000000275,WH-00002,2025-08-01,158,fuel,7466.76,EMEA,USD,47.258,8499.67,-1032.91,591.32
CST-000000276,WH-00018,2025-04-01,124,fuel,445.08,EMEA,USD,3.5894,462.68,-17.6,23.91
CST-000000277,WH-00001,2025-02-01,99,fuel,593.66,EMEA,USD,5.9966,693.66,-100.0,23.5
CST-000000278,WH-00025,2025-04-01,103,fuel,1001.37,EMEA,USD,9.722,1067.5,-66.13,117.71
CST-000000279,WH-00019,2025-04-01,131,fuel,403.81,APAC,USD,3.0825,384.6,19.21,15.56
CST-000000280,WH-00017,2025-05-01,109,fuel,1171.55,NA,USD,10.7482,1087.88,83.67,99.67
CST-000000281,WH-00023,2025-03-01,161,fuel,698.63,LATAM,USD,4.3393,673.1,25.53,26.02
CST-000000282,WH-00022,2025-04-01,155,fuel,937.49,NA,USD,6.0483,1074.69,-137.2,57.21
CST-000000283,WH-00004,2025-08-01,107,fuel,824.66,EMEA,USD,7.7071,733.13,91.53,36.91
CST-000000284,WH-00013,2025-09-01,142,fuel,781.76,APAC,USD,5.5054,810.29,-28.53,89.21
CST-000000285,WH-00019,2025-03-01,130,fuel,413.52,APAC,USD,3.1809,366.52,47.0,30.59
CST-000000286,WH-00007,2025-08-01,99,fuel,1321.5,EMEA,USD,13.3485,1423.93,-102.43,73.68
CST-000000287,WH-00025,2025-12-01,130,fuel,1461.02,EMEA,USD,11.2386,1331.46,129.56,77.32
CST-000000288,WH-00001,2025-09-01,122,fuel,2204.13,EMEA,USD,18.0666,2173.16,30.97,155.51
CST-000000289,WH-00021,2025-08-01,74,fuel,4175.92,EMEA,USD,56.4314,4268.58,-92.66,436.79
CST-000000290,WH-00004,2025-06-01,99,fuel,848.42,EMEA,USD,8.5699,872.22,-23.8,47.49
CST-000000291,WH-00015,2025-02-01,98,fuel,468.51,APAC,USD,4.7807,513.13,-44.62,37.26
CST-000000292,WH-00015,2025-08-01,132,fuel,425.37,APAC,USD,3.2225,469.56,-44.19,45.77
CST-000000293,WH-00021,2025-07-01,80,fuel,997.37,EMEA,USD,12.4671,1059.15,-61.78,68.31
CST-000000294,WH-00021,2025-02-01,50,fuel,1627.46,EMEA,USD,32.5492,1857.77,-230.31,113.13
CST-000000295,WH-00021,2025-09-01,98,fuel,1062.91,EMEA,USD,10.846,1157.84,-94.93,83.77
CST-000000296,WH-00021,2025-04-01,83,fuel,1836.04,EMEA,USD,22.121,1727.66,108.38,75.14
CST-000000297,WH-00021,2025-05-01,91,fuel,3800.46,EMEA,USD,41.7633,4064.82,-264.36,413.01
CST-000000298,WH-00025,2025-08-01,77,fuel,903.92,EMEA,USD,11.7392,1000.61,-96.69,72.33
CST-000000299,WH-00017,2025-09-01,98,fuel,959.96,NA,USD,9.7955,965.86,-5.9,67.32
CST-000000300,WH-00025,2025-02-01,59,fuel,721.59,EMEA,USD,12.2303,780.76,-59.17,80.35
CST-000000301,WH-00016,2025-11-01,282,labour,8203.66,APAC,USD,29.091,8240.3,-36.64,849.81
CST-000000302,WH-00004,2025-05-01,132,labour,10080.3,EMEA,USD,76.3659,10980.68,-900.38,880.67
CST-000000303,WH-00020,2025-08-01,181,labour,6232.54,APAC,USD,34.4339,7034.7,-802.16,436.56
CST-000000304,WH-00005,2025-10-01,187,labour,7617.71,EMEA,USD,40.7364,7604.73,12.98,676.59
CST-000000305,WH-00010,2025-09-01,236,labour,5879.14,APAC,USD,24.9116,6897.78,-1018.64,635.83
CST-000000306,WH-00025,2025-11-01,126,labour,15230.19,EMEA,USD,120.8745,13412.04,1818.15,782.63
CST-000000307,WH-00012,2025-09-01,251,labour,14401.89,EMEA,USD,57.378,16546.1,-2144.21,1412.47
CST-000000308,WH-00001,2025-04-01,123,labour,7970.37,EMEA,USD,64.7998,9093.1,-1122.73,945.74
CST-000000309,WH-00009,2025-08-01,221,labour,27914.96,EMEA,USD,126.312,25237.4,2677.56,
CST-000000310,WH-00007,2025-12-01,157,labour,11380.27,EMEA,USD,72.4858,11458.33,-78.06,851.95
CST-000000311,WH-00022,2025-05-01,194,labour,7177.16,NA,USD,36.9957,7943.85,-766.69,800.84
CST-000000312,WH-00002,2025-03-01,194,labour,36161.43,EMEA,USD,186.3991,36315.51,-154.08,3541.53
CST-000000313,WH-00024,2025-07-01,173,labour,7142.83,APAC,USD,41.288,7463.24,-320.41,851.26
CST-000000314,WH-00010,2025-07-01,211,labour,4967.46,APAC,USD,23.5425,4363.37,604.09,283.79
CST-000000315,WH-00012,2025-02-01,199,labour,14389.52,EMEA,USD,72.3091,16920.31,-2530.79,852.42
CST-000000316,WH-00017,2025-04-01,102,labour,4545.06,NA,USD,44.5594,4689.51,-144.45,477.7
CST-000000317,WH-00005,2025-05-01,158,labour,6336.74,EMEA,USD,40.1059,7393.79,-1057.05,690.44
CST-000000318,WH-00019,2025-05-01,168,labour,5069.98,APAC,USD,30.1785,5321.74,-251.76,378.99
CST-000000319,WH-00017,2025-08-01,100,labour,5430.98,NA,USD,54.3098,5499.51,-68.53,274.31
CST-000000320,WH-00012,2025-01-01,257,labour,10309.62,EMEA,USD,40.1153,11064.97,-755.35,837.47
CST-000000321,WH-00013,2025-11-01,193,labour,7736.27,APAC,USD,40.0843,8202.69,-466.42,
CST-000000322,WH-00009,2025-01-01,232,labour,45160.19,EMEA,USD,194.656,47372.24,-2212.05,2570.28
CST-000000323,WH-00009,2025-02-01,200,labour,30430.85,EMEA,USD,152.1542,34131.55,-3700.7,2084.67
CST-000000324,WH-00023,2025-12-01,243,labour,4922.28,LATAM,USD,20.2563,4571.54,350.74,311.79
CST-000000325,WH-00017,2025-07-01,98,labour,4739.2,NA,USD,48.3592,4564.34,174.86,473.12
CST-000000326,WH-00008,2025-08-01,278,labour,11321.34,EMEA,USD,40.7242,10657.45,663.89,523.29
CST-000000327,WH-00007,2025-06-01,98,labour,3751.26,EMEA,USD,38.2782,3418.25,333.01,442.56
CST-000000328,WH-00009,2025-07-01,263,labour,39939.22,EMEA,USD,151.8602,47128.06,-7188.84,2380.25
CST-000000329,WH-00010,2025-05-01,245,labour,5643.4,APAC,USD,23.0343,5007.6,635.8,418.12
CST-000000330,WH-00025,2025-06-01,103,labour,10452.64,EMEA,USD,101.4819,10816.22,-363.58,389.18
CST-000000331,WH-00013,2025-06-01,124,labour,5408.4,APAC,USD,43.6161,4826.77,581.63,414.4
CST-000000332,WH-00016,2025-04-01,174,labour,5898.99,APAC,USD,33.9022,7008.76,-1109.77,629.33
CST-000000333,WH-00002,2025-05-01,203,labour,59300.11,EMEA,USD,292.1188,60885.11,-1585.0,6325.61
CST-000000334,WH-00019,2025-11-01,205,labour,5326.48,APAC,USD,25.9828,4902.13,424.35,424.34
CST-000000335,WH-00015,2025-05-01,130,labour,4692.11,APAC,USD,36.0932,4224.07,468.04,428.88
CST-000000336,WH-00018,2025-09-01,140,labour,6220.82,EMEA,USD,44.4344,5895.64,325.18,668.6
CST-000000337,WH-00008,2025-03-01,255,labour,10947.62,EMEA,USD,42.9318,9485.65,1461.97,423.84
CST-000000338,WH-00004,2025-07-01,129,labour,13024.83,EMEA,USD,100.9677,12554.3,470.53,1400.69
CST-000000339,WH-00014,2025-08-01,227,labour,110916.38,EMEA,USD,488.6184,107556.34,3360.04,9405.49
CST-000000340,WH-00022,2025-10-01,202,labour,8405.17,NA,USD,41.6098,8884.56,-479.39,749.76
CST-000000341,WH-00008,2025-01-01,271,labour,17236.58,EMEA,USD,63.6036,20306.86,-3070.28,1614.92
CST-000000342,WH-00009,2025-03-01,219,labour,32661.44,EMEA,USD,149.139,36758.02,-4096.58,2957.67
CST-000000343,WH-00007,2025-05-01,118,labour,9840.4,EMEA,USD,83.3932,10795.56,-955.16,779.21
CST-000000344,WH-00014,2025-02-01,167,labour,78077.9,EMEA,USD,467.5323,76460.56,1617.34,7427.12
CST-000000345,WH-00018,2025-05-01,132,labour,6035.87,EMEA,USD,45.7263,6087.38,-51.51,512.61
CST-000000346,WH-00001,2025-06-01,144,labour,5379.81,EMEA,USD,37.3598,5239.91,139.9,291.46
CST-000000347,WH-00008,2025-11-01,367,labour,31114.28,EMEA,USD,84.7801,29645.66,1468.62,3422.78
CST-000000348,WH-00010,2025-04-01,221,labour,5703.42,APAC,USD,25.8073,5808.71,-105.29,234.82
CST-000000349,WH-00006,2025-10-01,133,labour,6628.71,EMEA,USD,49.8399,7245.16,-616.45,564.27
CST-000000350,WH-00013,2025-12-01,201,labour,9118.35,APAC,USD,45.3649,10043.22,-924.87,718.83
CST-000000351,WH-00012,2025-11-01,335,labour,17399.21,EMEA,USD,51.9379,17183.19,216.02,827.13
CST-000000352,WH-00005,2025-07-01,121,labour,11746.13,EMEA,USD,97.0755,13693.48,-1947.35,753.11
CST-000000353,WH-00014,2025-11-01,282,labour,150624.84,EMEA,USD,534.1306,130220.42,20404.42,
CST-000000354,WH-00003,2025-12-01,188,labour,3843.26,LATAM,USD,20.4429,3842.17,1.09,324.45
CST-000000355,WH-00013,2025-05-01,147,labour,5834.78,APAC,USD,39.6924,5357.75,477.03,250.67
CST-000000356,WH-00002,2025-04-01,176,labour,36545.8,EMEA,USD,207.6466,42203.55,-5657.75,4169.0
CST-000000357,WH-00007,2025-11-01,132,labour,5831.78,EMEA,USD,44.1802,5777.2,54.58,623.06
CST-000000358,WH-00024,2025-01-01,134,labour,5501.66,APAC,USD,41.0572,6187.2,-685.54,366.88
CST-000000359,WH-00001,2025-12-01,210,labour,9632.17,EMEA,USD,45.8675,8380.06,1252.11,937.92
CST-000000360,WH-00009,2025-10-01,253,labour,26767.69,EMEA,USD,105.8011,30369.93,-3602.24,3134.99
CST-000000361,WH-00011,2025-05-01,127,labour,5723.96,NA,USD,45.0706,4904.74,819.22,478.14
CST-000000362,WH-00002,2025-09-01,193,labour,50946.44,EMEA,USD,263.9712,57936.76,-6990.32,5748.66
CST-000000363,WH-00002,2025-07-01,166,labour,33719.94,EMEA,USD,203.1322,34937.35,-1217.41,1331.28
CST-000000364,WH-00014,2025-01-01,183,labour,107622.08,EMEA,USD,588.0988,127605.64,-19983.56,3896.76
CST-000000365,WH-00007,2025-09-01,104,labour,8842.63,EMEA,USD,85.0253,7638.04,1204.59,518.82
CST-000000366,WH-00010,2025-10-01,252,labour,5973.26,APAC,USD,23.7034,5772.77,200.49,395.23
CST-000000367,WH-00008,2025-12-01,374,labour,18422.33,EMEA,USD,49.2576,16605.88,1816.45,1236.54
CST-000000368,WH-00015,2025-12-01,174,labour,6642.31,APAC,USD,38.1742,6313.65,328.66,769.28
CST-000000369,WH-00025,2025-09-01,91,labour,6205.6,EMEA,USD,68.1934,7057.09,-851.49,
CST-000000370,WH-00004,2025-11-01,172,labour,10066.38,EMEA,USD,58.5255,8865.95,1200.43,614.98
CST-000000371,WH-00016,2025-12-01,311,labour,10452.96,APAC,USD,33.6108,9362.38,1090.58,748.31
CST-000000372,WH-00023,2025-09-01,180,labour,3425.41,LATAM,USD,19.0301,3190.21,235.2,274.09
CST-000000373,WH-00024,2025-11-01,212,labour,8211.32,APAC,USD,38.7326,8013.56,197.76,843.88
CST-000000374,WH-00012,2025-10-01,282,labour,16571.82,EMEA,USD,58.7653,17385.21,-813.39,1583.77
CST-000000375,WH-00024,2025-09-01,178,labour,7318.52,APAC,USD,41.1153,7816.36,-497.84,386.87
CST-000000376,WH-00023,2025-05-01,191,labour,3817.1,LATAM,USD,19.9848,3586.97,230.13,326.48
CST-000000377,WH-00009,2025-04-01,230,labour,32263.65,EMEA,USD,140.2767,31972.69,290.96,1278.07
CST-000000378,WH-00023,2025-08-01,173,labour,3716.84,LATAM,USD,21.4846,3463.17,253.67,230.0
CST-000000379,WH-00002,2025-11-01,260,labour,48343.13,EMEA,USD,185.9351,45138.78,3204.35,3048.28
CST-000000380,WH-00016,2025-07-01,190,labour,5961.76,APAC,USD,31.3777,5127.38,834.38,473.13
CST-000000381,WH-00023,2025-01-01,175,labour,3915.07,LATAM,USD,22.3718,4113.07,-198.0,296.27
CST-000000382,WH-00020,2025-03-01,178,labour,7152.1,APAC,USD,40.1803,8318.02,-1165.92,848.74
CST-000000383,WH-00011,2025-06-01,139,labour,6521.18,NA,USD,46.915,6708.17,-186.99,338.07
CST-000000384,WH-00017,2025-02-01,73,labour,3474.17,NA,USD,47.5914,2965.73,508.44,166.85
CST-000000385,WH-00022,2025-07-01,159,labour,5920.77,NA,USD,37.2375,5675.4,245.37,500.31
CST-000000386,WH-00021,2025-10-01,91,labour,14378.65,EMEA,USD,158.0071,16898.79,-2520.14,1205.66
CST-000000387,WH-00009,2025-06-01,251,labour,32048.18,EMEA,USD,127.682,37341.85,-5293.67,1269.42
CST-000000388,WH-00021,2025-11-01,101,labour,5306.71,EMEA,USD,52.5417,5121.03,185.68,367.59
CST-000000389,WH-00006,2025-08-01,120,labour,11548.48,EMEA,USD,96.2373,12842.63,-1294.15,465.4
CST-000000390,WH-00020,2025-11-01,241,labour,9569.31,APAC,USD,39.7067,9915.01,-345.7,393.75
CST-000000391,WH-00023,2025-02-01,169,labour,3445.5,LATAM,USD,20.3876,3677.78,-232.28,112.48
CST-000000392,WH-00015,2025-07-01,141,labour,4691.15,APAC,USD,33.2706,4475.84,215.31,
CST-000000393,WH-00014,2025-12-01,281,labour,127305.05,EMEA,USD,453.0429,138669.26,-11364.21,4837.46
CST-000000394,WH-00011,2025-03-01,134,labour,6548.69,NA,USD,48.8708,7007.88,-459.19,306.89
CST-000000395,WH-00024,2025-02-01,129,labour,5551.59,APAC,USD,43.0356,5877.37,-325.78,242.72
CST-000000396,WH-00018,2025-07-01,120,labour,5674.3,EMEA,USD,47.2858,5242.95,431.35,249.34
CST-000000397,WH-00019,2025-12-01,195,labour,5478.74,APAC,USD,28.0961,6387.13,-908.39,337.44
CST-000000398,WH-00020,2025-12-01,254,labour,9304.59,APAC,USD,36.6322,8447.2,857.39,982.5
CST-000000399,WH-00024,2025-05-01,193,labour,7698.56,APAC,USD,39.8889,9091.05,-1392.49,502.29
CST-000000400,WH-00010,2025-06-01,231,labour,5321.23,APAC,USD,23.0356,5393.44,-72.21,532.31
CST-000000401,WH-00010,2025-11-01,322,labour,7587.53,APAC,USD,23.5638,8219.81,-632.28,642.03
CST-000000402,WH-00008,2025-10-01,322,labour,24051.32,EMEA,USD,74.6935,22143.91,1907.41,2698.8
CST-000000403,WH-00018,2025-11-01,197,labour,8865.51,EMEA,USD,45.0026,7697.1,1168.41,544.35
CST-000000404,WH-00024,2025-10-01,206,labour,8212.37,APAC,USD,39.8659,7280.76,931.61,746.67
CST-000000405,WH-00004,2025-03-01,100,labour,9717.78,EMEA,USD,97.1778,8266.66,1451.12,386.36
CST-000000406,WH-00007,2025-01-01,103,labour,5257.57,EMEA,USD,51.0444,4993.72,263.85,343.18
CST-000000407,WH-00005,2025-12-01,198,labour,10314.19,EMEA,USD,52.0919,9702.76,611.43,665.91
CST-000000408,WH-00008,2025-09-01,269,labour,14238.37,EMEA,USD,52.9307,16044.14,-1805.77,1225.42
CST-000000409,WH-00005,2025-01-01,122,labour,11288.2,EMEA,USD,92.5262,11894.78,-606.58,1040.67
CST-000000410,WH-00012,2025-12-01,333,labour,12991.64,EMEA,USD,39.0139,11239.97,1751.67,
CST-000000411,WH-00020,2025-01-01,150,labour,5858.43,APAC,USD,39.0562,5257.85,600.58,519.15
CST-000000412,WH-00021,2025-06-01,62,labour,3574.06,EMEA,USD,57.6461,3552.79,21.27,138.57
CST-000000413,WH-00012,2025-08-01,240,labour,16274.86,EMEA,USD,67.8119,18064.21,-1789.35,1462.25
CST-000000414,WH-00008,2025-06-01,246,labour,10518.62,EMEA,USD,42.7586,9803.72,714.9,517.92
CST-000000415,WH-00019,2025-10-01,179,labour,4913.82,APAC,USD,27.4515,4911.42,2.4,470.42
CST-000000416,WH-00015,2025-01-01,109,labour,3467.05,APAC,USD,31.8078,3062.88,404.17,404.85
CST-000000417,WH-00012,2025-03-01,240,labour,8391.19,EMEA,USD,34.9633,9448.62,-1057.43,820.08
CST-000000418,WH-00009,2025-05-01,259,labour,39777.83,EMEA,USD,153.5824,37480.98,2296.85,2905.82
CST-000000419,WH-00008,2025-07-01,281,labour,12021.39,EMEA,USD,42.7807,12384.8,-363.41,1239.41
CST-000000420,WH-00008,2025-05-01,305,labour,13969.58,EMEA,USD,45.8019,13892.68,76.9,931.26
CST-000000421,WH-00004,2025-12-01,160,labour,9471.53,EMEA,USD,59.1971,9325.79,145.74,
CST-000000422,WH-00006,2025-04-01,112,labour,10769.49,EMEA,USD,96.1562,11083.36,-313.87,869.63
CST-000000423,WH-00017,2025-01-01,89,labour,4856.36,NA,USD,54.5658,4220.4,635.96,184.95
CST-000000424,WH-00013,2025-03-01,118,labour,5194.09,APAC,USD,44.0177,4705.69,488.4,596.26
CST-000000425,WH-00024,2025-06-01,158,labour,6456.63,APAC,USD,40.8647,7008.11,-551.48,231.55
CST-000000426,WH-00023,2025-04-01,181,labour,3432.23,LATAM,USD,18.9626,3623.17,-190.94,173.55
CST-000000427,WH-00013,2025-07-01,128,labour,5952.08,APAC,USD,46.5006,6466.71,-514.63,216.74
CST-000000428,WH-00009,2025-12-01,326,labour,61780.71,EMEA,USD,189.5114,72054.22,-10273.51,2055.81
CST-000000429,WH-00023,2025-07-01,190,labour,3686.52,LATAM,USD,19.4027,3231.51,455.01,114.18
CST-000000430,WH-00008,2025-04-01,266,labour,10644.67,EMEA,USD,40.0176,9626.18,1018.49,549.41
CST-000000431,WH-00022,2025-03-01,158,labour,5840.44,NA,USD,36.9648,6816.27,-975.83,399.54
CST-000000432,WH-00003,2025-08-01,136,labour,3079.78,LATAM,USD,22.6454,2744.64,335.14,228.68
CST-000000433,WH-00002,2025-12-01,276,labour,55877.62,EMEA,USD,202.4551,60750.5,-4872.88,4013.63
CST-000000434,WH-00011,2025-01-01,107,labour,5063.23,NA,USD,47.3199,5016.28,46.95,235.01
CST-000000435,WH-00023,2025-10-01,220,labour,4846.03,LATAM,USD,22.0274,4422.1,423.93,470.71
CST-000000436,WH-00015,2025-03-01,123,labour,4265.79,APAC,USD,34.6812,4257.47,8.32,289.1
CST-000000437,WH-00016,2025-01-01,188,labour,5638.84,APAC,USD,29.9938,5657.84,-19.0,634.7
CST-000000438,WH-00012,2025-05-01,252,labour,13166.14,EMEA,USD,52.2466,11827.3,1338.84,900.46
CST-000000439,WH-00004,2025-10-01,135,labour,8127.43,EMEA,USD,60.2032,9539.26,-1411.83,680.56
CST-000000440,WH-00011,2025-08-01,124,labour,5677.92,NA,USD,45.7897,6162.61,-484.69,644.12
CST-000000441,WH-00020,2025-06-01,172,labour,6005.6,APAC,USD,34.9163,5222.4,783.2,401.38
CST-000000442,WH-00001,2025-11-01,203,labour,10257.66,EMEA,USD,50.5303,9930.44,327.22,899.65
CST-000000443,WH-00011,2025-07-01,130,labour,6677.3,NA,USD,51.3638,6773.14,-95.84,
CST-000000444,WH-00013,2025-02-01,99,labour,4507.92,APAC,USD,45.5345,4689.03,-181.11,222.22
CST-000000445,WH-00022,2025-08-01,155,labour,6309.16,NA,USD,40.7043,6682.35,-373.19,687.01
CST-000000446,WH-00003,2025-06-01,139,labour,2989.78,LATAM,USD,21.5092,2822.05,167.73,113.04
CST-000000447,WH-00003,2025-07-01,104,labour,2186.15,LATAM,USD,21.0207,2564.85,-378.7,83.0
CST-000000448,WH-00010,2025-01-01,229,labour,4840.22,APAC,USD,21.1363,5325.83,-485.61,501.89
CST-000000449,WH-00018,2025-01-01,138,labour,6126.2,EMEA,USD,44.3928,7177.11,-1050.91,627.89
CST-000000450,WH-00001,2025-10-01,167,labour,12429.21,EMEA,USD,74.4264,11927.39,501.82,1467.67
CST-000000451,WH-00006,2025-12-01,168,labour,11313.07,EMEA,USD,67.3397,9698.31,1614.76,582.4
CST-000000452,WH-00002,2025-06-01,196,labour,39614.28,EMEA,USD,202.1137,46445.03,-6830.75,
CST-000000453,WH-00016,2025-08-01,203,labour,6438.51,APAC,USD,31.7168,5541.95,896.56,430.6
CST-000000454,WH-00018,2025-08-01,143,labour,6004.81,EMEA,USD,41.9917,5121.1,883.71,715.65
CST-000000455,WH-00018,2025-12-01,201,labour,8630.54,EMEA,USD,42.938,10319.59,-1689.05,950.43
CST-000000456,WH-00012,2025-04-01,236,labour,17773.85,EMEA,USD,75.3129,17769.5,4.35,777.19
CST-000000457,WH-00007,2025-07-01,103,labour,6045.8,EMEA,USD,58.6971,6459.43,-413.63,466.0
CST-000000458,WH-00003,2025-10-01,109,labour,2391.25,LATAM,USD,21.9381,2577.62,-186.37,137.66
CST-000000459,WH-00022,2025-11-01,232,labour,8770.54,NA,USD,37.8041,8372.04,398.5,391.02
CST-000000460,WH-00009,2025-09-01,242,labour,37707.86,EMEA,USD,155.8176,37333.96,373.9,2596.3
CST-000000461,WH-00014,2025-04-01,222,labour,115502.86,EMEA,USD,520.2832,113272.11,2230.75,13453.39
CST-000000462,WH-00014,2025-06-01,212,labour,105771.1,EMEA,USD,498.9203,113196.44,-7425.34,9794.52
CST-000000463,WH-00001,2025-08-01,129,labour,11773.71,EMEA,USD,91.2691,13282.62,-1508.91,1154.44
CST-000000464,WH-00011,2025-04-01,130,labour,6164.6,NA,USD,47.42,5717.1,447.5,277.69
CST-000000465,WH-00006,2025-06-01,113,labour,8241.38,EMEA,USD,72.9326,8165.88,75.5,302.61
CST-000000466,WH-00002,2025-01-01,162,labour,33112.11,EMEA,USD,204.3957,33917.66,-805.55,3350.88
CST-000000467,WH-00016,2025-03-01,176,labour,5809.42,APAC,USD,33.0081,5774.9,34.52,554.65
CST-000000468,WH-00019,2025-08-01,148,labour,3698.94,APAC,USD,24.9928,3573.72,125.22,139.49
CST-000000469,WH-00005,2025-02-01,118,labour,14347.62,EMEA,USD,121.59,16385.15,-2037.53,467.43
CST-000000470,WH-00022,2025-06-01,173,labour,7180.13,NA,USD,41.5036,6945.73,234.4,413.76
CST-000000471,WH-00020,2025-02-01,141,labour,5111.53,APAC,USD,36.252,4430.15,681.38,556.61
CST-000000472,WH-00006,2025-11-01,169,labour,9097.16,EMEA,USD,53.8293,7994.8,1102.36,1070.35
CST-000000473,WH-00016,2025-06-01,190,labour,5675.99,APAC,USD,29.8736,5894.08,-218.09,388.33
CST-000000474,WH-00011,2025-09-01,133,labour,6239.24,NA,USD,46.9116,6276.82,-37.58,536.48
CST-000000475,WH-00001,2025-01-01,139,labour,7988.34,EMEA,USD,57.4701,7908.99,79.35,370.19
CST-000000476,WH-00016,2025-10-01,218,labour,7230.54,APAC,USD,33.1676,6976.7,253.84,294.82
CST-000000477,WH-00012,2025-07-01,270,labour,11817.55,EMEA,USD,43.7687,10559.53,1258.02,1261.39
CST-000000478,WH-00015,2025-11-01,170,labour,5855.36,APAC,USD,34.4433,6349.34,-493.98,317.18
CST-000000479,WH-00004,2025-09-01,119,labour,13234.02,EMEA,USD,111.2103,13157.91,76.11,850.56
CST-000000480,WH-00018,2025-02-01,96,labour,4114.95,EMEA,USD,42.8641,4436.01,-321.06,278.59
CST-000000481,WH-00017,2025-12-01,141,labour,7237.22,NA,USD,51.3278,7090.02,147.2,630.44
CST-000000482,WH-00024,2025-03-01,168,labour,6999.62,APAC,USD,41.6644,5995.48,1004.14,465.14
CST-000000483,WH-00007,2025-02-01,76,labour,4233.69,EMEA,USD,55.7064,3819.94,413.75,365.44
CST-000000484,WH-00015,2025-06-01,127,labour,4412.41,APAC,USD,34.7434,3975.44,436.97,474.38
CST-000000485,WH-00020,2025-07-01,192,labour,7275.39,APAC,USD,37.8927,8131.55,-856.16,831.96
CST-000000486,WH-00006,2025-07-01,121,labour,10168.03,EMEA,USD,84.0333,9017.92,1150.11,448.55
CST-000000487,WH-00005,2025-11-01,175,labour,22049.32,EMEA,USD,125.9961,26006.26,-3956.94,1584.18
CST-000000488,WH-00005,2025-03-01,151,labour,5960.63,EMEA,USD,39.4744,5594.26,366.37,676.75
CST-000000489,WH-00024,2025-08-01,163,labour,6504.86,APAC,USD,39.9071,7098.02,-593.16,658.99
CST-000000490,WH-00003,2025-11-01,163,labour,3384.06,LATAM,USD,20.7611,3617.35,-233.29,131.69
CST-000000491,WH-00019,2025-01-01,141,labour,3825.58,APAC,USD,27.1318,3656.25,169.33,400.19
CST-000000492,WH-00005,2025-09-01,172,labour,10855.08,EMEA,USD,63.1109,9241.55,1613.53,945.75
CST-000000493,WH-00010,2025-08-01,225,labour,5504.82,APAC,USD,24.4659,6559.8,-1054.98,528.6
CST-000000494,WH-00019,2025-06-01,137,labour,3551.07,APAC,USD,25.9202,3237.78,313.29,413.22
CST-000000495,WH-00018,2025-10-01,154,labour,6761.97,EMEA,USD,43.9089,7118.86,-356.89,289.02
CST-000000496,WH-00023,2025-11-01,237,labour,5088.87,LATAM,USD,21.472,5674.14,-585.27,202.56
CST-000000497,WH-00015,2025-10-01,151,labour,5528.82,APAC,USD,36.6147,6105.63,-576.81,224.97
CST-000000498,WH-00006,2025-09-01,117,labour,7584.27,EMEA,USD,64.8228,8047.63,-463.36,637.01
CST-000000499,WH-00019,2025-07-01,125,labour,3120.19,APAC,USD,24.9615,3705.2,-585.01,241.57
CST-000000500,WH-00014,2025-09-01,231,labour,114893.03,EMEA,USD,497.3724,130701.89,-15808.86,4550.71
CST-000000501,WH-00016,2025-05-01,195,labour,6472.3,APAC,USD,33.1913,6964.03,-491.73,235.43
CST-000000502,WH-00005,2025-06-01,136,labour,12024.13,EMEA,USD,88.4127,13312.65,-1288.52,667.9
CST-000000503,WH-00017,2025-10-01,111,labour,6005.43,NA,USD,54.103,5158.45,846.98,532.03
CST-000000504,WH-00009,2025-11-01,334,labour,58294.58,EMEA,USD,174.5347,56645.75,1648.83,6373.96
CST-000000505,WH-00022,2025-12-01,238,labour,10092.55,NA,USD,42.4057,10566.61,-474.06,1036.65
CST-000000506,WH-00003,2025-02-01,107,labour,2074.48,LATAM,USD,19.3877,2354.82,-280.34,234.48
CST-000000507,WH-00006,2025-03-01,119,labour,4851.26,EMEA,USD,40.7669,4825.53,25.73,453.09
CST-000000508,WH-00020,2025-05-01,209,labour,7821.25,APAC,USD,37.4222,7242.28,578.97,632.35
CST-000000509,WH-00011,2025-11-01,174,labour,8019.49,NA,USD,46.089,8585.34,-565.85,907.34
CST-000000510,WH-00020,2025-09-01,175,labour,6139.6,APAC,USD,35.0834,6771.19,-631.59,735.39
CST-000000511,WH-00023,2025-06-01,187,labour,4360.02,LATAM,USD,23.3156,4882.86,-522.84,492.76
CST-000000512,WH-00014,2025-05-01,211,labour,118168.17,EMEA,USD,560.0387,118928.92,-760.75,9109.97
CST-000000513,WH-00015,2025-04-01,128,labour,4036.43,APAC,USD,31.5346,3741.93,294.5,129.04
CST-000000514,WH-00012,2025-06-01,230,labour,14372.1,EMEA,USD,62.4874,17166.75,-2794.65,
CST-000000515,WH-00011,2025-02-01,95,labour,4410.78,NA,USD,46.4293,5090.32,-679.54,405.1
CST-000000516,WH-00021,2025-12-01,123,labour,11694.78,EMEA,USD,95.0795,12392.8,-698.02,1399.32
CST-000000517,WH-00020,2025-10-01,185,labour,6526.12,APAC,USD,35.2763,7112.02,-585.9,742.46
CST-000000518,WH-00021,2025-01-01,81,labour,13108.79,EMEA,USD,161.8369,12028.17,1080.62,600.09
CST-000000519,WH-00006,2025-02-01,88,labour,3718.36,EMEA,USD,42.2541,3325.1,393.26,156.24
CST-000000520,WH-00007,2025-04-01,99,labour,7096.21,EMEA,USD,71.6789,6566.03,530.18,344.83
CST-000000521,WH-00010,2025-12-01,319,labour,7403.75,APAC,USD,23.2092,6650.83,752.92,521.15
CST-000000522,WH-00014,2025-10-01,232,labour,109272.42,EMEA,USD,471.0018,98527.5,10744.92,
CST-000000523,WH-00025,2025-10-01,108,labour,8198.7,EMEA,USD,75.9139,8469.08,-270.38,816.82
CST-000000524,WH-00006,2025-05-01,118,labour,8867.67,EMEA,USD,75.1497,7817.57,1050.1,1013.42
CST-000000525,WH-00003,2025-09-01,144,labour,2975.71,LATAM,USD,20.6647,2900.23,75.48,181.06
CST-000000526,WH-00014,2025-03-01,204,labour,109988.31,EMEA,USD,539.1584,107273.38,2714.93,3772.41
CST-000000527,WH-00024,2025-04-01,175,labour,7064.67,APAC,USD,40.3695,6217.42,847.25,500.33
CST-000000528,WH-00011,2025-12-01,205,labour,9565.83,NA,USD,46.6626,9554.58,11.25,395.19
CST-000000529,WH-00019,2025-02-01,131,labour,3671.2,APAC,USD,28.0244,4322.83,-651.63,297.97
CST-000000530,WH-00013,2025-08-01,135,labour,5646.9,APAC,USD,41.8289,6417.11,-770.21,335.01
CST-000000531,WH-00007,2025-03-01,90,labour,6246.41,EMEA,USD,69.4046,5541.49,704.92,511.7
CST-000000532,WH-00003,2025-03-01,131,labour,2685.61,LATAM,USD,20.5008,2580.75,104.86,178.95
CST-000000533,WH-00008,2025-02-01,196,labour,10854.08,EMEA,USD,55.378,11524.61,-670.53,793.3
CST-000000534,WH-00002,2025-10-01,233,labour,48779.72,EMEA,USD,209.355,41829.26,6950.46,1829.02
CST-000000535,WH-00021,2025-03-01,85,labour,6866.89,EMEA,USD,80.7869,7951.59,-1084.7,497.49
CST-000000536,WH-00001,2025-05-01,143,labour,7577.52,EMEA,USD,52.9897,7875.05,-297.53,685.16
CST-000000537,WH-00025,2025-05-01,101,labour,13312.38,EMEA,USD,131.8057,13297.19,15.19,1513.36
CST-000000538,WH-00005,2025-08-01,144,labour,8218.54,EMEA,USD,57.0732,9309.02,-1090.48,644.69
CST-000000539,WH-00017,2025-03-01,97,labour,4710.64,NA,USD,48.5633,4420.4,290.24,202.56
CST-000000540,WH-00007,2025-10-01,121,labour,4204.71,EMEA,USD,34.7497,3620.48,584.23,414.65
CST-000000541,WH-00016,2025-09-01,221,labour,7246.93,APAC,USD,32.7915,8667.38,-1420.45,661.85
CST-000000542,WH-00010,2025-02-01,198,labour,4798.87,APAC,USD,24.2367,5577.52,-778.65,231.19
CST-000000543,WH-00013,2025-01-01,123,labour,5490.79,APAC,USD,44.6406,6386.85,-896.06,409.53
CST-000000544,WH-00013,2025-10-01,150,labour,6133.61,APAC,USD,40.8907,5314.97,818.64,411.04
CST-000000545,WH-00025,2025-07-01,94,labour,7205.49,EMEA,USD,76.6541,6468.33,737.16,850.64
CST-000000546,WH-00001,2025-03-01,137,labour,4673.83,EMEA,USD,34.1155,4949.29,-275.46,501.87
CST-000000547,WH-00013,2025-04-01,132,labour,5263.4,APAC,USD,39.8742,6151.21,-887.81,189.95
CST-000000548,WH-00018,2025-06-01,120,labour,5132.29,EMEA,USD,42.7691,4630.12,502.17,399.14
CST-000000549,WH-00002,2025-02-01,142,labour,25276.8,EMEA,USD,178.0056,22904.9,2371.9,2614.4
CST-000000550,WH-00014,2025-07-01,201,labour,91680.6,EMEA,USD,456.1224,91031.63,648.97,10389.61
CST-000000551,WH-00006,2025-01-01,99,labour,4666.25,EMEA,USD,47.1338,4991.66,-325.41,151.84
CST-000000552,WH-00024,2025-12-01,246,labour,9547.09,APAC,USD,38.8093,8919.37,627.72,541.44
CST-000000553,WH-00016,2025-02-01,153,labour,5403.6,APAC,USD,35.3176,5150.31,253.29,247.6
CST-000000554,WH-00003,2025-01-01,114,labour,2253.84,LATAM,USD,19.7705,2578.58,-324.74,235.45
CST-000000555,WH-00025,2025-01-01,69,labour,7205.06,EMEA,USD,104.4212,6281.16,923.9,848.49
CST-000000556,WH-00020,2025-04-01,182,labour,6680.41,APAC,USD,36.7055,7221.37,-540.96,676.04
CST-000000557,WH-00003,2025-04-01,118,labour,2662.62,LATAM,USD,22.5646,2701.51,-38.89,237.4
CST-000000558,WH-00005,2025-04-01,117,labour,9091.26,EMEA,USD,77.7031,10527.88,-1436.62,747.6
CST-000000559,WH-00017,2025-11-01,112,labour,5739.52,NA,USD,51.2457,5946.33,-206.81,607.07
CST-000000560,WH-00004,2025-04-01,97,labour,4676.26,EMEA,USD,48.2089,4328.41,347.85,549.23
CST-000000561,WH-00017,2025-06-01,92,labour,4389.37,NA,USD,47.7105,4151.45,237.92,216.23
CST-000000562,WH-00018,2025-03-01,134,labour,5619.55,EMEA,USD,41.9369,6461.6,-842.05,447.0
CST-000000563,WH-00022,2025-09-01,176,labour,7106.96,NA,USD,40.3805,8244.95,-1137.99,459.77
CST-000000564,WH-00003,2025-05-01,104,labour,2055.19,LATAM,USD,19.7614,1759.46,295.73,94.6
CST-000000565,WH-00001,2025-07-01,138,labour,10039.96,EMEA,USD,72.7533,8968.14,1071.82,828.41
CST-000000566,WH-00025,2025-03-01,89,labour,4672.73,EMEA,USD,52.5026,4769.75,-97.02,550.83
CST-000000567,WH-00015,2025-09-01,137,labour,4903.41,APAC,USD,35.7913,4617.75,285.66,245.53
CST-000000568,WH-00004,2025-02-01,77,labour,9695.28,EMEA,USD,125.9127,11007.14,-1311.86,689.54
CST-000000569,WH-00004,2025-01-01,101,labour,16066.64,EMEA,USD,159.0756,14361.91,1704.73,1835.61
CST-000000570,WH-00022,2025-02-01,123,labour,4808.44,NA,USD,39.093,5660.22,-851.78,224.65
CST-000000571,WH-00011,2025-10-01,149,labour,7119.84,NA,USD,47.7842,8309.73,-1189.89,758.97
CST-000000572,WH-00022,2025-01-01,134,labour,4815.18,NA,USD,35.9342,5227.37,-412.19,147.91
CST-000000573,WH-00019,2025-09-01,134,labour,3997.54,APAC,USD,29.8324,4206.79,-209.25,352.01
CST-000000574,WH-00010,2025-03-01,224,labour,5370.51,APAC,USD,23.9755,4590.25,780.26,383.59
CST-000000575,WH-00002,2025-08-01,158,labour,45359.13,EMEA,USD,287.0831,41499.77,3859.36,4973.38
CST-000000576,WH-00018,2025-04-01,124,labour,5540.63,EMEA,USD,44.6825,5836.03,-295.4,283.98
CST-000000577,WH-00001,2025-02-01,99,labour,3522.38,EMEA,USD,35.5796,3763.16,-240.78,246.19
CST-000000578,WH-00025,2025-04-01,103,labour,3930.44,EMEA,USD,38.1596,4383.34,-452.9,140.94
CST-000000579,WH-00019,2025-04-01,131,labour,3471.62,APAC,USD,26.5009,3822.23,-350.61,395.29
CST-000000580,WH-00017,2025-05-01,109,labour,5581.86,NA,USD,51.2097,6518.55,-936.69,368.0
CST-000000581,WH-00023,2025-03-01,161,labour,3456.21,LATAM,USD,21.4671,3130.82,325.39,412.1
CST-000000582,WH-00022,2025-04-01,155,labour,6053.21,NA,USD,39.053,5211.76,841.45,399.78
CST-000000583,WH-00004,2025-08-01,107,labour,5578.48,EMEA,USD,52.1353,5181.02,397.46,319.54
CST-000000584,WH-00013,2025-09-01,142,labour,6276.16,APAC,USD,44.1983,6770.78,-494.62,418.57
CST-000000585,WH-00019,2025-03-01,130,labour,3703.46,APAC,USD,28.4882,3336.82,366.64,
CST-000000586,WH-00007,2025-08-01,99,labour,5491.29,EMEA,USD,55.4676,6536.24,-1044.95,464.89
CST-000000587,WH-00025,2025-12-01,130,labour,7081.11,EMEA,USD,54.4701,8128.49,-1047.38,529.99
CST-000000588,WH-00001,2025-09-01,122,labour,8141.55,EMEA,USD,66.734,8945.51,-803.96,803.69
CST-000000589,WH-00021,2025-08-01,74,labour,13261.76,EMEA,USD,179.213,13598.29,-336.53,1276.17
CST-000000590,WH-00004,2025-06-01,99,labour,5464.3,EMEA,USD,55.1949,5615.64,-151.34,252.72
CST-000000591,WH-00015,2025-02-01,98,labour,3229.66,APAC,USD,32.9557,3368.29,-138.63,111.89
CST-000000592,WH-00015,2025-08-01,132,labour,4582.89,APAC,USD,34.7189,4631.53,-48.64,234.61
CST-000000593,WH-00021,2025-07-01,80,labour,11326.16,EMEA,USD,141.577,10126.01,1200.15,690.47
CST-000000594,WH-00021,2025-02-01,50,labour,4342.02,EMEA,USD,86.8404,3725.82,616.2,235.65
CST-000000595,WH-00021,2025-09-01,98,labour,6486.27,EMEA,USD,66.1864,5791.69,694.58,425.6
CST-000000596,WH-00021,2025-04-01,83,labour,5999.93,EMEA,USD,72.2883,7084.63,-1084.7,365.29
CST-000000597,WH-00021,2025-05-01,91,labour,9420.3,EMEA,USD,103.5198,10525.06,-1104.76,1044.32
CST-000000598,WH-00025,2025-08-01,77,labour,6096.4,EMEA,USD,79.174,6630.69,-534.29,423.43
CST-000000599,WH-00017,2025-09-01,98,labour,4797.93,NA,USD,48.9585,5436.76,-638.83,534.81
CST-000000600,WH-00025,2025-02-01,59,labour,3982.27,EMEA,USD,67.4961,4499.17,-516.9,161.61
CST-000000601,WH-00016,2025-11-01,282,maintenance,380.69,APAC,USD,1.35,408.61,-27.92,40.85
CST-000000602,WH-00004,2025-05-01,132,maintenance,493.94,EMEA,USD,3.742,588.5,-94.56,18.15
CST-000000603,WH-00020,2025-08-01,181,maintenance,252.12,APAC,USD,1.3929,274.72,-22.6,12.04
CST-000000604,WH-00005,2025-10-01,187,maintenance,520.14,EMEA,USD,2.7815,507.06,13.08,25.07
CST-000000605,WH-00010,2025-09-01,236,maintenance,207.37,APAC,USD,0.8787,181.29,26.08,12.17
CST-000000606,WH-00025,2025-11-01,126,maintenance,808.76,EMEA,USD,6.4187,863.07,-54.31,34.59
CST-000000607,WH-00012,2025-09-01,251,maintenance,831.62,EMEA,USD,3.3132,711.9,119.72,
CST-000000608,WH-00001,2025-04-01,123,maintenance,633.58,EMEA,USD,5.1511,556.93,76.65,68.32
CST-000000609,WH-00009,2025-08-01,221,maintenance,2170.93,EMEA,USD,9.8232,2585.65,-414.72,212.49
CST-000000610,WH-00007,2025-12-01,157,maintenance,444.05,EMEA,USD,2.8283,433.45,10.6,31.14
CST-000000611,WH-00022,2025-05-01,194,maintenance,740.77,NA,USD,3.8184,841.94,-101.17,71.66
CST-000000612,WH-00002,2025-03-01,194,maintenance,4547.17,EMEA,USD,23.439,4031.52,515.65,289.13
CST-000000613,WH-00024,2025-07-01,173,maintenance,132.91,APAC,USD,0.7683,142.14,-9.23,8.34
CST-000000614,WH-00010,2025-07-01,211,maintenance,215.9,APAC,USD,1.0232,199.66,16.24,20.43
CST-000000615,WH-00012,2025-02-01,199,maintenance,1083.73,EMEA,USD,5.4459,1199.05,-115.32,58.64
CST-000000616,WH-00017,2025-04-01,102,maintenance,472.14,NA,USD,4.6288,477.3,-5.16,16.08
CST-000000617,WH-00005,2025-05-01,158,maintenance,215.85,EMEA,USD,1.3661,234.38,-18.53,13.68
CST-000000618,WH-00019,2025-05-01,168,maintenance,226.29,APAC,USD,1.347,247.04,-20.75,22.8
CST-000000619,WH-00017,2025-08-01,100,maintenance,447.71,NA,USD,4.4771,420.31,27.4,25.58
CST-000000620,WH-00012,2025-01-01,257,maintenance,603.57,EMEA,USD,2.3485,694.21,-90.64,47.19
CST-000000621,WH-00013,2025-11-01,193,maintenance,403.4,APAC,USD,2.0902,349.38,54.02,22.54
CST-000000622,WH-00009,2025-01-01,232,maintenance,5269.33,EMEA,USD,22.7126,5629.69,-360.36,263.25
CST-000000623,WH-00009,2025-02-01,200,maintenance,3262.83,EMEA,USD,16.3141,3009.95,252.88,181.74
CST-000000624,WH-00023,2025-12-01,243,maintenance,388.33,LATAM,USD,1.5981,454.25,-65.92,43.3
CST-000000625,WH-00017,2025-07-01,98,maintenance,167.62,NA,USD,1.7104,194.64,-27.02,18.42
CST-000000626,WH-00008,2025-08-01,278,maintenance,790.74,EMEA,USD,2.8444,888.68,-97.94,65.15
CST-000000627,WH-00007,2025-06-01,98,maintenance,134.6,EMEA,USD,1.3735,114.91,19.69,
CST-000000628,WH-00009,2025-07-01,263,maintenance,5190.17,EMEA,USD,19.7345,5202.69,-12.52,303.62
CST-000000629,WH-00010,2025-05-01,245,maintenance,267.12,APAC,USD,1.0903,306.62,-39.5,18.52
CST-000000630,WH-00025,2025-06-01,103,maintenance,549.6,EMEA,USD,5.3359,572.6,-23.0,
CST-000000631,WH-00013,2025-06-01,124,maintenance,281.76,APAC,USD,2.2723,323.5,-41.74,16.04
CST-000000632,WH-00016,2025-04-01,174,maintenance,276.78,APAC,USD,1.5907,274.49,2.29,14.1
CST-000000633,WH-00002,2025-05-01,203,maintenance,6567.57,EMEA,USD,32.3526,6953.77,-386.2,436.68
CST-000000634,WH-00019,2025-11-01,205,maintenance,202.3,APAC,USD,0.9868,178.44,23.86,10.97
CST-000000635,WH-00015,2025-05-01,130,maintenance,119.63,APAC,USD,0.9202,125.27,-5.64,9.85
CST-000000636,WH-00018,2025-09-01,140,maintenance,198.34,EMEA,USD,1.4167,173.39,24.95,19.1
CST-000000637,WH-00008,2025-03-01,255,maintenance,616.7,EMEA,USD,2.4184,597.7,19.0,53.76
CST-000000638,WH-00004,2025-07-01,129,maintenance,1030.33,EMEA,USD,7.9871,1021.98,8.35,121.81
CST-000000639,WH-00014,2025-08-01,227,maintenance,5093.26,EMEA,USD,22.4373,5381.04,-287.78,435.45
CST-000000640,WH-00022,2025-10-01,202,maintenance,550.04,NA,USD,2.723,594.73,-44.69,17.14
CST-000000641,WH-00008,2025-01-01,271,maintenance,1261.0,EMEA,USD,4.6531,1141.5,119.5,88.81
CST-000000642,WH-00009,2025-03-01,219,maintenance,3972.74,EMEA,USD,18.1404,4645.8,-673.06,119.57
CST-000000643,WH-00007,2025-05-01,118,maintenance,704.51,EMEA,USD,5.9704,697.0,7.51,28.93
CST-000000644,WH-00014,2025-02-01,167,maintenance,6330.54,EMEA,USD,37.9074,6120.34,210.2,310.71
CST-000000645,WH-00018,2025-05-01,132,maintenance,278.62,EMEA,USD,2.1108,298.69,-20.07,25.5
CST-000000646,WH-00001,2025-06-01,144,maintenance,391.83,EMEA,USD,2.721,393.31,-1.48,36.67
CST-000000647,WH-00008,2025-11-01,367,maintenance,2722.83,EMEA,USD,7.4192,3115.99,-393.16,137.65
CST-000000648,WH-00010,2025-04-01,221,maintenance,128.8,APAC,USD,0.5828,123.51,5.29,5.95
CST-000000649,WH-00006,2025-10-01,133,maintenance,268.38,EMEA,USD,2.0179,321.24,-52.86,9.22
CST-000000650,WH-00013,2025-12-01,201,maintenance,436.61,APAC,USD,2.1722,416.18,20.43,25.26
CST-000000651,WH-00012,2025-11-01,335,maintenance,944.42,EMEA,USD,2.8192,1046.86,-102.44,105.18
CST-000000652,WH-00005,2025-07-01,121,maintenance,775.14,EMEA,USD,6.4061,681.86,93.28,
CST-000000653,WH-00014,2025-11-01,282,maintenance,5565.86,EMEA,USD,19.7371,5954.27,-388.41,212.65
CST-000000654,WH-00003,2025-12-01,188,maintenance,386.54,LATAM,USD,2.0561,455.5,-68.96,41.64
CST-000000655,WH-00013,2025-05-01,147,maintenance,387.85,APAC,USD,2.6384,401.69,-13.84,
CST-000000656,WH-00002,2025-04-01,176,maintenance,2093.66,EMEA,USD,11.8958,1789.1,304.56,69.61
CST-000000657,WH-00007,2025-11-01,132,maintenance,630.36,EMEA,USD,4.7755,540.82,89.54,44.44
CST-000000658,WH-00024,2025-01-01,134,maintenance,175.53,APAC,USD,1.3099,196.39,-20.86,
CST-000000659,WH-00001,2025-12-01,210,maintenance,512.92,EMEA,USD,2.4425,495.0,17.92,34.18
CST-000000660,WH-00009,2025-10-01,253,maintenance,4261.0,EMEA,USD,16.8419,4733.75,-472.75,362.9
CST-000000661,WH-00011,2025-05-01,127,maintenance,315.08,NA,USD,2.4809,292.83,22.25,15.79
CST-000000662,WH-00002,2025-09-01,193,maintenance,6364.91,EMEA,USD,32.9788,5986.83,378.08,603.7
CST-000000663,WH-00002,2025-07-01,166,maintenance,1786.39,EMEA,USD,10.7614,1792.45,-6.06,109.46
CST-000000664,WH-00014,2025-01-01,183,maintenance,5679.56,EMEA,USD,31.0358,5194.15,485.41,243.52
CST-000000665,WH-00007,2025-09-01,104,maintenance,615.03,EMEA,USD,5.9137,585.88,29.15,31.22
CST-000000666,WH-00010,2025-10-01,252,maintenance,285.87,APAC,USD,1.1344,283.56,2.31,29.19
CST-000000667,WH-00008,2025-12-01,374,maintenance,577.29,EMEA,USD,1.5436,548.15,29.14,23.71
CST-000000668,WH-00015,2025-12-01,174,maintenance,227.34,APAC,USD,1.3066,232.34,-5.0,25.34
CST-000000669,WH-00025,2025-09-01,91,maintenance,690.7,EMEA,USD,7.5901,606.5,84.2,80.26
CST-000000670,WH-00004,2025-11-01,172,maintenance,414.74,EMEA,USD,2.4113,443.75,-29.01,15.25
CST-000000671,WH-00016,2025-12-01,311,maintenance,395.82,APAC,USD,1.2727,467.12,-71.3,43.37
CST-000000672,WH-00023,2025-09-01,180,maintenance,122.74,LATAM,USD,0.6819,130.08,-7.34,14.34
CST-000000673,WH-00024,2025-11-01,212,maintenance,325.11,APAC,USD,1.5335,311.99,13.12,
CST-000000674,WH-00012,2025-10-01,282,maintenance,854.62,EMEA,USD,3.0306,955.75,-101.13,49.34
CST-000000675,WH-00024,2025-09-01,178,maintenance,467.42,APAC,USD,2.626,527.53,-60.11,23.49
CST-000000676,WH-00023,2025-05-01,191,maintenance,338.38,LATAM,USD,1.7716,404.83,-66.45,34.85
CST-000000677,WH-00009,2025-04-01,230,maintenance,1916.93,EMEA,USD,8.3345,1982.16,-65.23,180.95
CST-000000678,WH-00023,2025-08-01,173,maintenance,200.49,LATAM,USD,1.1589,197.14,3.35,22.39
CST-000000679,WH-00002,2025-11-01,260,maintenance,4054.98,EMEA,USD,15.5961,3776.53,278.45,417.94
CST-000000680,WH-00016,2025-07-01,190,maintenance,420.74,APAC,USD,2.2144,423.97,-3.23,43.01
CST-000000681,WH-00023,2025-01-01,175,maintenance,224.07,LATAM,USD,1.2804,219.76,4.31,13.68
CST-000000682,WH-00020,2025-03-01,178,maintenance,505.8,APAC,USD,2.8416,485.57,20.23,21.34
CST-000000683,WH-00011,2025-06-01,139,maintenance,263.85,NA,USD,1.8982,277.31,-13.46,14.71
CST-000000684,WH-00017,2025-02-01,73,maintenance,160.86,NA,USD,2.2036,150.46,10.4,12.61
CST-000000685,WH-00022,2025-07-01,159,maintenance,432.22,NA,USD,2.7184,495.91,-63.69,23.6
CST-000000686,WH-00021,2025-10-01,91,maintenance,1530.22,EMEA,USD,16.8156,1727.47,-197.25,168.73
CST-000000687,WH-00009,2025-06-01,251,maintenance,1471.36,EMEA,USD,5.862,1334.64,136.72,166.13
CST-000000688,WH-00021,2025-11-01,101,maintenance,450.0,EMEA,USD,4.4554,497.48,-47.48,51.5
CST-000000689,WH-00006,2025-08-01,120,maintenance,677.24,EMEA,USD,5.6437,600.6,76.64,45.24
CST-000000690,WH-00020,2025-11-01,241,maintenance,241.5,APAC,USD,1.0021,264.32,-22.82,24.05
CST-000000691,WH-00023,2025-02-01,169,maintenance,221.43,LATAM,USD,1.3102,198.85,22.58,12.11
CST-000000692,WH-00015,2025-07-01,141,maintenance,229.8,APAC,USD,1.6298,216.02,13.78,16.97
CST-000000693,WH-00014,2025-12-01,281,maintenance,15059.13,EMEA,USD,53.5912,17856.31,-2797.18,1234.53
CST-000000694,WH-00011,2025-03-01,134,maintenance,167.86,NA,USD,1.2527,162.71,5.15,18.95
CST-000000695,WH-00024,2025-02-01,129,maintenance,162.38,APAC,USD,1.2588,192.32,-29.94,16.66
CST-000000696,WH-00018,2025-07-01,120,maintenance,235.48,EMEA,USD,1.9623,239.18,-3.7,25.33
CST-000000697,WH-00019,2025-12-01,195,maintenance,205.68,APAC,USD,1.0548,192.21,13.47,10.82
CST-000000698,WH-00020,2025-12-01,254,maintenance,240.38,APAC,USD,0.9464,249.11,-8.73,28.22
CST-000000699,WH-00024,2025-05-01,193,maintenance,427.19,APAC,USD,2.2134,503.92,-76.73,43.44
CST-000000700,WH-00010,2025-06-01,231,maintenance,190.09,APAC,USD,0.8229,208.37,-18.28,22.06
CST-000000701,WH-00010,2025-11-01,322,maintenance,308.79,APAC,USD,0.959,321.97,-13.18,30.32
CST-000000702,WH-00008,2025-10-01,322,maintenance,1812.63,EMEA,USD,5.6293,1995.83,-183.2,204.07
CST-000000703,WH-00018,2025-11-01,197,maintenance,358.12,EMEA,USD,1.8179,334.25,23.87,30.45
CST-000000704,WH-00024,2025-10-01,206,maintenance,199.74,APAC,USD,0.9696,181.86,17.88,11.91
CST-000000705,WH-00004,2025-03-01,100,maintenance,888.45,EMEA,USD,8.8845,988.38,-99.93,67.39
CST-000000706,WH-00007,2025-01-01,103,maintenance,460.08,EMEA,USD,4.4668,477.34,-17.26,41.66
CST-000000707,WH-00005,2025-12-01,198,maintenance,520.93,EMEA,USD,2.631,495.82,25.11,35.29
CST-000000708,WH-00008,2025-09-01,269,maintenance,869.06,EMEA,USD,3.2307,833.06,36.0,62.33
CST-000000709,WH-00005,2025-01-01,122,maintenance,452.13,EMEA,USD,3.706,497.43,-45.3,47.04
CST-000000710,WH-00012,2025-12-01,333,maintenance,238.62,EMEA,USD,0.7166,224.55,14.07,25.07
CST-000000711,WH-00020,2025-01-01,150,maintenance,254.98,APAC,USD,1.6999,230.21,24.77,17.36
CST-000000712,WH-00021,2025-06-01,62,maintenance,396.58,EMEA,USD,6.3965,435.7,-39.12,21.31
CST-000000713,WH-00012,2025-08-01,240,maintenance,647.51,EMEA,USD,2.698,589.25,58.26,70.37
CST-000000714,WH-00008,2025-06-01,246,maintenance,673.17,EMEA,USD,2.7365,782.5,-109.33,48.21
CST-000000715,WH-00019,2025-10-01,179,maintenance,314.17,APAC,USD,1.7551,297.93,16.24,37.62
CST-000000716,WH-00015,2025-01-01,109,maintenance,226.92,APAC,USD,2.0818,269.11,-42.19,16.96
CST-000000717,WH-00012,2025-03-01,240,maintenance,195.07,EMEA,USD,0.8128,180.49,14.58,17.29
CST-000000718,WH-00009,2025-05-01,259,maintenance,5932.16,EMEA,USD,22.9041,5553.55,378.61,490.87
CST-000000719,WH-00008,2025-07-01,281,maintenance,326.87,EMEA,USD,1.1632,298.73,28.14,11.74
CST-000000720,WH-00008,2025-05-01,305,maintenance,1211.56,EMEA,USD,3.9723,1446.85,-235.29,53.51
CST-000000721,WH-00004,2025-12-01,160,maintenance,745.76,EMEA,USD,4.661,869.58,-123.82,63.88
CST-000000722,WH-00006,2025-04-01,112,maintenance,949.07,EMEA,USD,8.4738,1026.64,-77.57,113.84
CST-000000723,WH-00017,2025-01-01,89,maintenance,154.18,NA,USD,1.7324,172.54,-18.36,
CST-000000724,WH-00013,2025-03-01,118,maintenance,277.64,APAC,USD,2.3529,241.19,36.45,17.38
CST-000000725,WH-00024,2025-06-01,158,maintenance,124.53,APAC,USD,0.7882,113.43,11.1,12.0
CST-000000726,WH-00023,2025-04-01,181,maintenance,114.99,LATAM,USD,0.6353,110.65,4.34,11.12
CST-000000727,WH-00013,2025-07-01,128,maintenance,292.48,APAC,USD,2.285,307.13,-14.65,13.06
CST-000000728,WH-00009,2025-12-01,326,maintenance,4698.3,EMEA,USD,14.412,4336.12,362.18,440.41
CST-000000729,WH-00023,2025-07-01,190,maintenance,254.87,LATAM,USD,1.3414,229.37,25.5,13.72
CST-000000730,WH-00008,2025-04-01,266,maintenance,443.82,EMEA,USD,1.6685,408.58,35.24,38.22
CST-000000731,WH-00022,2025-03-01,158,maintenance,578.85,NA,USD,3.6636,605.25,-26.4,35.79
CST-000000732,WH-00003,2025-08-01,136,maintenance,177.18,LATAM,USD,1.3028,167.3,9.88,15.03
CST-000000733,WH-00002,2025-12-01,276,maintenance,5544.62,EMEA,USD,20.0892,5783.82,-239.2,252.11
CST-000000734,WH-00011,2025-01-01,107,maintenance,150.64,NA,USD,1.4079,170.11,-19.47,6.78
CST-000000735,WH-00023,2025-10-01,220,maintenance,171.31,LATAM,USD,0.7787,172.46,-1.15,
CST-000000736,WH-00015,2025-03-01,123,maintenance,282.73,APAC,USD,2.2986,241.86,40.87,10.66
CST-000000737,WH-00016,2025-01-01,188,maintenance,175.36,APAC,USD,0.9328,166.51,8.85,13.4
CST-000000738,WH-00012,2025-05-01,252,maintenance,696.88,EMEA,USD,2.7654,746.45,-49.57,64.25
CST-000000739,WH-00004,2025-10-01,135,maintenance,409.19,EMEA,USD,3.031,393.45,15.74,18.38
CST-000000740,WH-00011,2025-08-01,124,maintenance,196.54,NA,USD,1.585,179.01,17.53,8.53
CST-000000741,WH-00020,2025-06-01,172,maintenance,355.68,APAC,USD,2.0679,351.47,4.21,14.67
CST-000000742,WH-00001,2025-11-01,203,maintenance,385.99,EMEA,USD,1.9014,349.41,36.58,23.53
CST-000000743,WH-00011,2025-07-01,130,maintenance,359.16,NA,USD,2.7628,415.68,-56.52,29.86
CST-000000744,WH-00013,2025-02-01,99,maintenance,126.16,APAC,USD,1.2743,136.24,-10.08,10.89
CST-000000745,WH-00022,2025-08-01,155,maintenance,571.0,NA,USD,3.6839,485.89,85.11,35.87
CST-000000746,WH-00003,2025-06-01,139,maintenance,172.32,LATAM,USD,1.2397,202.62,-30.3,18.31
CST-000000747,WH-00003,2025-07-01,104,maintenance,157.38,LATAM,USD,1.5133,138.39,18.99,
CST-000000748,WH-00010,2025-01-01,229,maintenance,234.81,APAC,USD,1.0254,265.56,-30.75,18.71
CST-000000749,WH-00018,2025-01-01,138,maintenance,288.12,EMEA,USD,2.0878,329.49,-41.37,32.24
CST-000000750,WH-00001,2025-10-01,167,maintenance,1149.63,EMEA,USD,6.884,1168.21,-18.58,35.97
CST-000000751,WH-00006,2025-12-01,168,maintenance,410.97,EMEA,USD,2.4462,464.51,-53.54,20.12
CST-000000752,WH-00002,2025-06-01,196,maintenance,3577.42,EMEA,USD,18.2521,3284.53,292.89,413.84
CST-000000753,WH-00016,2025-08-01,203,maintenance,352.02,APAC,USD,1.7341,345.57,6.45,39.93
CST-000000754,WH-00018,2025-08-01,143,maintenance,353.86,EMEA,USD,2.4745,405.12,-51.26,32.81
CST-000000755,WH-00018,2025-12-01,201,maintenance,316.87,EMEA,USD,1.5765,334.66,-17.79,21.71
CST-000000756,WH-00012,2025-04-01,236,maintenance,624.08,EMEA,USD,2.6444,689.66,-65.58,71.95
CST-000000757,WH-00007,2025-07-01,103,maintenance,448.07,EMEA,USD,4.3502,386.32,61.75,30.64
CST-000000758,WH-00003,2025-10-01,109,maintenance,181.27,LATAM,USD,1.663,190.6,-9.33,7.66
CST-000000759,WH-00022,2025-11-01,232,maintenance,599.16,NA,USD,2.5826,668.04,-68.88,27.09
CST-000000760,WH-00009,2025-09-01,242,maintenance,2981.6,EMEA,USD,12.3207,3311.41,-329.81,124.16
CST-000000761,WH-00014,2025-04-01,222,maintenance,7304.34,EMEA,USD,32.9024,7545.5,-241.16,648.1
CST-000000762,WH-00014,2025-06-01,212,maintenance,11054.5,EMEA,USD,52.1439,9648.13,1406.37,540.43
CST-000000763,WH-00001,2025-08-01,129,maintenance,680.81,EMEA,USD,5.2776,649.41,31.4,52.69
CST-000000764,WH-00011,2025-04-01,130,maintenance,284.01,NA,USD,2.1847,247.84,36.17,29.52
CST-000000765,WH-00006,2025-06-01,113,maintenance,622.31,EMEA,USD,5.5072,661.45,-39.14,36.82
CST-000000766,WH-00002,2025-01-01,162,maintenance,3295.58,EMEA,USD,20.3431,3447.36,-151.78,292.34
CST-000000767,WH-00016,2025-03-01,176,maintenance,361.64,APAC,USD,2.0548,377.04,-15.4,35.03
CST-000000768,WH-00019,2025-08-01,148,maintenance,232.25,APAC,USD,1.5693,216.22,16.03,21.03
CST-000000769,WH-00005,2025-02-01,118,maintenance,626.59,EMEA,USD,5.3101,554.79,71.8,19.34
CST-000000770,WH-00022,2025-06-01,173,maintenance,540.46,NA,USD,3.124,595.11,-54.65,28.03
CST-000000771,WH-00020,2025-02-01,141,maintenance,189.99,APAC,USD,1.3474,203.98,-13.99,16.77
CST-000000772,WH-00006,2025-11-01,169,maintenance,294.66,EMEA,USD,1.7436,273.78,20.88,31.16
CST-000000773,WH-00016,2025-06-01,190,maintenance,286.12,APAC,USD,1.5059,313.73,-27.61,12.86
CST-000000774,WH-00011,2025-09-01,133,maintenance,357.23,NA,USD,2.6859,322.13,35.1,23.65
CST-000000775,WH-00001,2025-01-01,139,maintenance,302.66,EMEA,USD,2.1774,290.37,12.29,33.85
CST-000000776,WH-00016,2025-10-01,218,maintenance,217.26,APAC,USD,0.9966,191.81,25.45,11.46
CST-000000777,WH-00012,2025-07-01,270,maintenance,423.38,EMEA,USD,1.5681,443.86,-20.48,30.01
CST-000000778,WH-00015,2025-11-01,170,maintenance,283.64,APAC,USD,1.6685,247.98,35.66,10.35
CST-000000779,WH-00004,2025-09-01,119,maintenance,887.89,EMEA,USD,7.4613,768.24,119.65,34.53
CST-000000780,WH-00018,2025-02-01,96,maintenance,245.89,EMEA,USD,2.5614,212.47,33.42,14.84
CST-000000781,WH-00017,2025-12-01,141,maintenance,284.25,NA,USD,2.016,264.59,19.66,14.13
CST-000000782,WH-00024,2025-03-01,168,maintenance,142.2,APAC,USD,0.8464,159.04,-16.84,16.68
CST-000000783,WH-00007,2025-02-01,76,maintenance,151.38,EMEA,USD,1.9918,156.06,-4.68,5.42
CST-000000784,WH-00015,2025-06-01,127,maintenance,328.43,APAC,USD,2.5861,287.08,41.35,27.92
CST-000000785,WH-00020,2025-07-01,192,maintenance,221.43,APAC,USD,1.1533,242.34,-20.91,9.18
CST-000000786,WH-00006,2025-07-01,121,maintenance,314.59,EMEA,USD,2.5999,375.67,-61.08,29.9
CST-000000787,WH-00005,2025-11-01,175,maintenance,739.39,EMEA,USD,4.2251,820.31,-80.92,41.57
CST-000000788,WH-00005,2025-03-01,151,maintenance,386.88,EMEA,USD,2.5621,463.22,-76.34,26.85
CST-000000789,WH-00024,2025-08-01,163,maintenance,254.83,APAC,USD,1.5634,236.13,18.7,27.21
CST-000000790,WH-00003,2025-11-01,163,maintenance,341.44,LATAM,USD,2.0947,375.36,-33.92,32.38
CST-000000791,WH-00019,2025-01-01,141,maintenance,168.33,APAC,USD,1.1938,161.5,6.83,13.76
CST-000000792,WH-00005,2025-09-01,172,maintenance,655.19,EMEA,USD,3.8092,721.82,-66.63,
CST-000000793,WH-00010,2025-08-01,225,maintenance,311.49,APAC,USD,1.3844,369.77,-58.28,33.9
CST-000000794,WH-00019,2025-06-01,137,maintenance,180.66,APAC,USD,1.3187,168.93,11.73,11.66
CST-000000795,WH-00018,2025-10-01,154,maintenance,377.38,EMEA,USD,2.4505,398.68,-21.3,24.52
CST-000000796,WH-00023,2025-11-01,237,maintenance,227.08,LATAM,USD,0.9581,214.34,12.74,10.67
CST-000000797,WH-00015,2025-10-01,151,maintenance,223.01,APAC,USD,1.4769,218.23,4.78,23.32
CST-000000798,WH-00006,2025-09-01,117,maintenance,336.29,EMEA,USD,2.8743,339.89,-3.6,11.21
CST-000000799,WH-00019,2025-07-01,125,maintenance,150.45,APAC,USD,1.2036,175.35,-24.9,
CST-000000800,WH-00014,2025-09-01,231,maintenance,4818.31,EMEA,USD,20.8585,4808.5,9.81,
CST-000000801,WH-00016,2025-05-01,195,maintenance,366.31,APAC,USD,1.8785,412.42,-46.11,16.42
CST-000000802,WH-00005,2025-06-01,136,maintenance,363.63,EMEA,USD,2.6738,344.58,19.05,28.78
CST-000000803,WH-00017,2025-10-01,111,maintenance,331.27,NA,USD,2.9844,383.02,-51.75,12.34
CST-000000804,WH-00009,2025-11-01,334,maintenance,3946.43,EMEA,USD,11.8157,3515.12,431.31,392.9
CST-000000805,WH-00022,2025-12-01,238,maintenance,879.11,NA,USD,3.6937,959.22,-80.11,91.17
CST-000000806,WH-00003,2025-02-01,107,maintenance,175.68,LATAM,USD,1.6419,169.68,6.0,7.36
CST-000000807,WH-00006,2025-03-01,119,maintenance,360.82,EMEA,USD,3.0321,355.83,4.99,15.43
CST-000000808,WH-00020,2025-05-01,209,maintenance,251.08,APAC,USD,1.2013,237.34,13.74,13.74
CST-000000809,WH-00011,2025-11-01,174,maintenance,578.26,NA,USD,3.3233,556.54,21.72,58.0
CST-000000810,WH-00020,2025-09-01,175,maintenance,514.26,APAC,USD,2.9386,461.06,53.2,15.5
CST-000000811,WH-00023,2025-06-01,187,maintenance,285.83,LATAM,USD,1.5285,331.32,-45.49,26.75
CST-000000812,WH-00014,2025-05-01,211,maintenance,12873.36,EMEA,USD,61.0112,12890.01,-16.65,598.87
CST-000000813,WH-00015,2025-04-01,128,maintenance,287.8,APAC,USD,2.2484,254.92,32.88,30.15
CST-000000814,WH-00012,2025-06-01,230,maintenance,647.3,EMEA,USD,2.8143,696.58,-49.28,30.24
CST-000000815,WH-00011,2025-02-01,95,maintenance,190.13,NA,USD,2.0014,216.87,-26.74,16.69
CST-000000816,WH-00021,2025-12-01,123,maintenance,875.52,EMEA,USD,7.118,998.52,-123.0,
CST-000000817,WH-00020,2025-10-01,185,maintenance,381.33,APAC,USD,2.0612,373.87,7.46,32.25
CST-000000818,WH-00021,2025-01-01,81,maintenance,607.1,EMEA,USD,7.4951,610.27,-3.17,60.78
CST-000000819,WH-00006,2025-02-01,88,maintenance,234.44,EMEA,USD,2.6641,211.54,22.9,27.94
CST-000000820,WH-00007,2025-04-01,99,maintenance,261.06,EMEA,USD,2.637,247.18,13.88,20.36
CST-000000821,WH-00010,2025-12-01,319,maintenance,426.09,APAC,USD,1.3357,501.42,-75.33,
CST-000000822,WH-00014,2025-10-01,232,maintenance,4561.25,EMEA,USD,19.6606,4881.0,-319.75,223.27
CST-000000823,WH-00025,2025-10-01,108,maintenance,828.66,EMEA,USD,7.6728,894.51,-65.85,32.61
CST-000000824,WH-00006,2025-05-01,118,maintenance,510.12,EMEA,USD,4.3231,592.65,-82.53,15.88
CST-000000825,WH-00003,2025-09-01,144,maintenance,138.25,LATAM,USD,0.9601,136.89,1.36,10.93
CST-000000826,WH-00014,2025-03-01,204,maintenance,8075.19,EMEA,USD,39.5843,9485.77,-1410.58,831.5
CST-000000827,WH-00024,2025-04-01,175,maintenance,309.62,APAC,USD,1.7693,277.34,32.28,13.93
CST-000000828,WH-00011,2025-12-01,205,maintenance,656.22,NA,USD,3.2011,633.62,22.6,59.75
CST-000000829,WH-00019,2025-02-01,131,maintenance,140.25,APAC,USD,1.0706,149.32,-9.07,11.68
CST-000000830,WH-00013,2025-08-01,135,maintenance,213.29,APAC,USD,1.5799,194.46,18.83,6.52
CST-000000831,WH-00007,2025-03-01,90,maintenance,354.34,EMEA,USD,3.9371,343.33,11.01,25.51
CST-000000832,WH-00003,2025-03-01,131,maintenance,197.28,LATAM,USD,1.506,175.63,21.65,6.56
CST-000000833,WH-00008,2025-02-01,196,maintenance,438.63,EMEA,USD,2.2379,471.38,-32.75,
CST-000000834,WH-00002,2025-10-01,233,maintenance,3314.14,EMEA,USD,14.2238,3728.74,-414.6,137.36
CST-000000835,WH-00021,2025-03-01,85,maintenance,339.44,EMEA,USD,3.9934,289.37,50.07,11.65
CST-000000836,WH-00001,2025-05-01,143,maintenance,269.99,EMEA,USD,1.888,271.62,-1.63,18.86
CST-000000837,WH-00025,2025-05-01,101,maintenance,1305.63,EMEA,USD,12.927,1325.64,-20.01,130.26
CST-000000838,WH-00005,2025-08-01,144,maintenance,677.3,EMEA,USD,4.7035,716.67,-39.37,48.61
CST-000000839,WH-00017,2025-03-01,97,maintenance,432.09,NA,USD,4.4545,484.96,-52.87,
CST-000000840,WH-00007,2025-10-01,121,maintenance,151.46,EMEA,USD,1.2517,145.54,5.92,16.98
CST-000000841,WH-00016,2025-09-01,221,maintenance,498.38,APAC,USD,2.2551,463.68,34.7,40.88
CST-000000842,WH-00010,2025-02-01,198,maintenance,130.18,APAC,USD,0.6575,127.86,2.32,13.59
CST-000000843,WH-00013,2025-01-01,123,maintenance,273.19,APAC,USD,2.2211,310.95,-37.76,16.68
CST-000000844,WH-00013,2025-10-01,150,maintenance,177.02,APAC,USD,1.1801,178.56,-1.54,17.89
CST-000000845,WH-00025,2025-07-01,94,maintenance,364.31,EMEA,USD,3.8756,435.2,-70.89,23.87
CST-000000846,WH-00001,2025-03-01,137,maintenance,276.19,EMEA,USD,2.016,291.09,-14.9,25.31
CST-000000847,WH-00013,2025-04-01,132,maintenance,274.98,APAC,USD,2.0832,327.89,-52.91,25.85
CST-000000848,WH-00018,2025-06-01,120,maintenance,221.09,EMEA,USD,1.8424,258.33,-37.24,
CST-000000849,WH-00002,2025-02-01,142,maintenance,2075.81,EMEA,USD,14.6184,2257.97,-182.16,235.16
CST-000000850,WH-00014,2025-07-01,201,maintenance,9569.58,EMEA,USD,47.6099,9990.0,-420.42,735.08
CST-000000851,WH-00006,2025-01-01,99,maintenance,140.45,EMEA,USD,1.4187,134.41,6.04,12.2
CST-000000852,WH-00024,2025-12-01,246,maintenance,377.51,APAC,USD,1.5346,443.99,-66.48,12.65
CST-000000853,WH-00016,2025-02-01,153,maintenance,208.67,APAC,USD,1.3639,216.57,-7.9,13.8
CST-000000854,WH-00003,2025-01-01,114,maintenance,218.06,LATAM,USD,1.9128,229.47,-11.41,
CST-000000855,WH-00025,2025-01-01,69,maintenance,294.45,EMEA,USD,4.2674,322.93,-28.48,20.55
CST-000000856,WH-00020,2025-04-01,182,maintenance,509.95,APAC,USD,2.8019,530.34,-20.39,
CST-000000857,WH-00003,2025-04-01,118,maintenance,194.24,LATAM,USD,1.6461,206.99,-12.75,7.46
CST-000000858,WH-00005,2025-04-01,117,maintenance,508.76,EMEA,USD,4.3484,486.41,22.35,51.91
CST-000000859,WH-00017,2025-11-01,112,maintenance,533.68,NA,USD,4.765,509.75,23.93,24.5
CST-000000860,WH-00004,2025-04-01,97,maintenance,301.26,EMEA,USD,3.1058,347.5,-46.24,35.54
CST-000000861,WH-00017,2025-06-01,92,maintenance,294.51,NA,USD,3.2012,311.29,-16.78,23.39
CST-000000862,WH-00018,2025-03-01,134,maintenance,347.22,EMEA,USD,2.5912,329.37,17.85,16.84
CST-000000863,WH-00022,2025-09-01,176,maintenance,672.58,NA,USD,3.8215,681.11,-8.53,43.17
CST-000000864,WH-00003,2025-05-01,104,maintenance,149.46,LATAM,USD,1.4371,137.23,12.23,17.35
CST-000000865,WH-00001,2025-07-01,138,maintenance,1022.12,EMEA,USD,7.4067,913.58,108.54,74.41
CST-000000866,WH-00025,2025-03-01,89,maintenance,495.69,EMEA,USD,5.5696,474.55,21.14,32.96
CST-000000867,WH-00015,2025-09-01,137,maintenance,163.29,APAC,USD,1.1919,194.54,-31.25,13.17
CST-000000868,WH-00004,2025-02-01,77,maintenance,573.23,EMEA,USD,7.4445,655.45,-82.22,19.72
CST-000000869,WH-00004,2025-01-01,101,maintenance,1186.3,EMEA,USD,11.7455,1341.42,-155.12,59.26
CST-000000870,WH-00022,2025-02-01,123,maintenance,433.56,NA,USD,3.5249,478.5,-44.94,19.06
CST-000000871,WH-00011,2025-10-01,149,maintenance,185.56,NA,USD,1.2454,217.06,-31.5,15.05
CST-000000872,WH-00022,2025-01-01,134,maintenance,441.44,NA,USD,3.2943,484.62,-43.18,40.84
CST-000000873,WH-00019,2025-09-01,134,maintenance,207.41,APAC,USD,1.5478,195.43,11.98,10.85
CST-000000874,WH-00010,2025-03-01,224,maintenance,99.66,APAC,USD,0.4449,99.01,0.65,8.88
CST-000000875,WH-00002,2025-08-01,158,maintenance,2553.69,EMEA,USD,16.1626,2529.84,23.85,249.6
CST-000000876,WH-00018,2025-04-01,124,maintenance,334.63,EMEA,USD,2.6986,285.37,49.26,27.56
CST-000000877,WH-00001,2025-02-01,99,maintenance,280.99,EMEA,USD,2.8383,330.14,-49.15,15.49
CST-000000878,WH-00025,2025-04-01,103,maintenance,338.86,EMEA,USD,3.2899,320.85,18.01,34.67
CST-000000879,WH-00019,2025-04-01,131,maintenance,79.71,APAC,USD,0.6085,81.08,-1.37,8.13
CST-000000880,WH-00017,2025-05-01,109,maintenance,406.5,NA,USD,3.7294,402.62,3.88,40.25
CST-000000881,WH-00023,2025-03-01,161,maintenance,271.53,LATAM,USD,1.6865,296.14,-24.61,27.13
CST-000000882,WH-00022,2025-04-01,155,maintenance,282.93,NA,USD,1.8254,297.47,-14.54,17.69
CST-000000883,WH-00004,2025-08-01,107,maintenance,305.74,EMEA,USD,2.8574,267.97,37.77,21.22
CST-000000884,WH-00013,2025-09-01,142,maintenance,277.22,APAC,USD,1.9523,326.11,-48.89,18.35
CST-000000885,WH-00019,2025-03-01,130,maintenance,186.04,APAC,USD,1.4311,180.16,5.88,15.67
CST-000000886,WH-00007,2025-08-01,99,maintenance,552.98,EMEA,USD,5.5857,577.76,-24.78,17.6
CST-000000887,WH-00025,2025-12-01,130,maintenance,789.51,EMEA,USD,6.0732,811.79,-22.28,71.59
CST-000000888,WH-00001,2025-09-01,122,maintenance,449.59,EMEA,USD,3.6852,515.1,-65.51,36.66
CST-000000889,WH-00021,2025-08-01,74,maintenance,1229.84,EMEA,USD,16.6195,1192.5,37.34,118.49
CST-000000890,WH-00004,2025-06-01,99,maintenance,256.19,EMEA,USD,2.5878,238.48,17.71,14.91
CST-000000891,WH-00015,2025-02-01,98,maintenance,209.45,APAC,USD,2.1372,227.3,-17.85,19.81
CST-000000892,WH-00015,2025-08-01,132,maintenance,306.43,APAC,USD,2.3214,343.47,-37.04,26.84
CST-000000893,WH-00021,2025-07-01,80,maintenance,535.52,EMEA,USD,6.694,632.31,-96.79,25.14
CST-000000894,WH-00021,2025-02-01,50,maintenance,269.51,EMEA,USD,5.3902,230.46,39.05,9.49
CST-000000895,WH-00021,2025-09-01,98,maintenance,474.88,EMEA,USD,4.8457,441.56,33.32,22.85
CST-000000896,WH-00021,2025-04-01,83,maintenance,501.3,EMEA,USD,6.0398,450.26,51.04,23.01
CST-000000897,WH-00021,2025-05-01,91,maintenance,536.97,EMEA,USD,5.9008,536.42,0.55,51.87
CST-000000898,WH-00025,2025-08-01,77,maintenance,524.49,EMEA,USD,6.8116,594.66,-70.17,44.17
CST-000000899,WH-00017,2025-09-01,98,maintenance,139.99,NA,USD,1.4285,153.14,-13.15,7.58
CST-000000900,WH-00025,2025-02-01,59,maintenance,279.23,EMEA,USD,4.7327,246.97,32.26,23.86
CST-000000901,WH-00016,2025-11-01,282,tolls,0.0,APAC,USD,0.0,0.0,0.0,0.0
CST-000000902,WH-00004,2025-05-01,132,tolls,172.34,EMEA,USD,1.3056,193.44,-21.1,16.83
CST-000000903,WH-00020,2025-08-01,181,tolls,168.06,APAC,USD,0.9285,163.56,4.5,15.65
CST-000000904,WH-00005,2025-10-01,187,tolls,298.36,EMEA,USD,1.5955,291.84,6.52,27.64
CST-000000905,WH-00010,2025-09-01,236,tolls,60.41,APAC,USD,0.256,51.36,9.05,7.21
CST-000000906,WH-00025,2025-11-01,126,tolls,179.94,EMEA,USD,1.4281,169.68,10.26,15.42
CST-000000907,WH-00012,2025-09-01,251,tolls,346.6,EMEA,USD,1.3809,358.59,-11.99,23.81
CST-000000908,WH-00001,2025-04-01,123,tolls,256.71,EMEA,USD,2.0871,293.34,-36.63,16.38
CST-000000909,WH-00009,2025-08-01,221,tolls,190.79,EMEA,USD,0.8633,179.7,11.09,17.11
CST-000000910,WH-00007,2025-12-01,157,tolls,202.64,EMEA,USD,1.2907,222.25,-19.61,12.17
CST-000000911,WH-00022,2025-05-01,194,tolls,96.32,NA,USD,0.4965,95.7,0.62,4.7
CST-000000912,WH-00002,2025-03-01,194,tolls,233.9,EMEA,USD,1.2057,198.95,34.95,9.32
CST-000000913,WH-00024,2025-07-01,173,tolls,227.74,APAC,USD,1.3164,230.53,-2.79,9.4
CST-000000914,WH-00010,2025-07-01,211,tolls,72.03,APAC,USD,0.3414,69.34,2.69,4.62
CST-000000915,WH-00012,2025-02-01,199,tolls,300.02,EMEA,USD,1.5076,261.22,38.8,26.56
CST-000000916,WH-00017,2025-04-01,102,tolls,219.38,NA,USD,2.1508,208.27,11.11,13.3
CST-000000917,WH-00005,2025-05-01,158,tolls,285.9,EMEA,USD,1.8095,282.57,3.33,23.51
CST-000000918,WH-00019,2025-05-01,168,tolls,257.05,APAC,USD,1.5301,280.98,-23.93,19.6
CST-000000919,WH-00017,2025-08-01,100,tolls,271.49,NA,USD,2.7149,294.28,-22.79,31.14
CST-000000920,WH-00012,2025-01-01,257,tolls,346.83,EMEA,USD,1.3495,412.95,-66.12,35.53
CST-000000921,WH-00013,2025-11-01,193,tolls,343.5,APAC,USD,1.7798,373.52,-30.02,31.34
CST-000000922,WH-00009,2025-01-01,232,tolls,186.71,EMEA,USD,0.8048,165.95,20.76,22.26
CST-000000923,WH-00009,2025-02-01,200,tolls,207.48,EMEA,USD,1.0374,241.67,-34.19,16.38
CST-000000924,WH-00023,2025-12-01,243,tolls,0.0,LATAM,USD,0.0,0.0,0.0,0.0
CST-000000925,WH-00017,2025-07-01,98,tolls,299.25,NA,USD,3.0536,258.31,40.94,11.7
CST-000000926,WH-00008,2025-08-01,278,tolls,354.16,EMEA,USD,1.274,391.29,-37.13,29.7
CST-000000927,WH-00007,2025-06-01,98,tolls,146.23,EMEA,USD,1.4921,161.28,-15.05,15.53
CST-000000928,WH-00009,2025-07-01,263,tolls,319.13,EMEA,USD,1.2134,345.42,-26.29,10.12
CST-000000929,WH-00010,2025-05-01,245,tolls,113.55,APAC,USD,0.4635,128.34,-14.79,3.69
CST-000000930,WH-00025,2025-06-01,103,tolls,106.53,EMEA,USD,1.0343,123.28,-16.75,4.14
CST-000000931,WH-00013,2025-06-01,124,tolls,148.4,APAC,USD,1.1968,164.62,-16.22,8.27
CST-000000932,WH-00016,2025-04-01,174,tolls,0.0,APAC,USD,0.0,0.0,0.0,0.0
CST-000000933,WH-00002,2025-05-01,203,tolls,223.57,EMEA,USD,1.1013,203.01,20.56,8.16
CST-000000934,WH-00019,2025-11-01,205,tolls,207.52,APAC,USD,1.0123,199.26,8.26,21.3
CST-000000935,WH-00015,2025-05-01,130,tolls,56.62,APAC,USD,0.4355,55.91,0.71,
CST-000000936,WH-00018,2025-09-01,140,tolls,168.43,EMEA,USD,1.2031,151.15,17.28,17.41
CST-000000937,WH-00008,2025-03-01,255,tolls,274.72,EMEA,USD,1.0773,321.12,-46.4,29.01
CST-000000938,WH-00004,2025-07-01,129,tolls,153.16,EMEA,USD,1.1873,154.67,-1.51,7.49
CST-000000939,WH-00014,2025-08-01,227,tolls,79.02,EMEA,USD,0.3481,83.06,-4.04,
CST-000000940,WH-00022,2025-10-01,202,tolls,102.21,NA,USD,0.506,114.34,-12.13,6.62
CST-000000941,WH-00008,2025-01-01,271,tolls,274.19,EMEA,USD,1.0118,254.54,19.65,21.32
CST-000000942,WH-00009,2025-03-01,219,tolls,217.97,EMEA,USD,0.9953,261.25,-43.28,14.84
CST-000000943,WH-00007,2025-05-01,118,tolls,132.35,EMEA,USD,1.1216,145.54,-13.19,8.97
CST-000000944,WH-00014,2025-02-01,167,tolls,142.04,EMEA,USD,0.8505,140.93,1.11,15.85
CST-000000945,WH-00018,2025-05-01,132,tolls,102.86,EMEA,USD,0.7792,121.84,-18.98,7.56
CST-000000946,WH-00001,2025-06-01,144,tolls,176.99,EMEA,USD,1.2291,174.74,2.25,5.83
CST-000000947,WH-00008,2025-11-01,367,tolls,482.07,EMEA,USD,1.3135,524.33,-42.26,44.63
CST-000000948,WH-00010,2025-04-01,221,tolls,50.51,APAC,USD,0.2286,50.48,0.03,1.57
CST-000000949,WH-00006,2025-10-01,133,tolls,127.35,EMEA,USD,0.9575,120.66,6.69,
CST-000000950,WH-00013,2025-12-01,201,tolls,356.22,APAC,USD,1.7722,388.14,-31.92,14.23
CST-000000951,WH-00012,2025-11-01,335,tolls,381.06,EMEA,USD,1.1375,447.14,-66.08,14.89
CST-000000952,WH-00005,2025-07-01,121,tolls,158.37,EMEA,USD,1.3088,177.11,-18.74,7.03
CST-000000953,WH-00014,2025-11-01,282,tolls,179.95,EMEA,USD,0.6381,208.98,-29.03,7.34
CST-000000954,WH-00003,2025-12-01,188,tolls,89.7,LATAM,USD,0.4771,87.82,1.88,10.14
CST-000000955,WH-00013,2025-05-01,147,tolls,203.32,APAC,USD,1.3831,188.82,14.5,10.46
CST-000000956,WH-00002,2025-04-01,176,tolls,166.34,EMEA,USD,0.9451,159.24,7.1,12.88
CST-000000957,WH-00007,2025-11-01,132,tolls,237.15,EMEA,USD,1.7966,282.76,-45.61,16.5
CST-000000958,WH-00024,2025-01-01,134,tolls,203.67,APAC,USD,1.5199,226.34,-22.67,22.27
CST-000000959,WH-00001,2025-12-01,210,tolls,246.16,EMEA,USD,1.1722,286.34,-40.18,13.2
CST-000000960,WH-00009,2025-10-01,253,tolls,228.44,EMEA,USD,0.9029,206.73,21.71,25.37
CST-000000961,WH-00011,2025-05-01,127,tolls,178.77,NA,USD,1.4076,153.35,25.42,6.01
CST-000000962,WH-00002,2025-09-01,193,tolls,193.49,EMEA,USD,1.0025,207.66,-14.17,10.58
CST-000000963,WH-00002,2025-07-01,166,tolls,141.45,EMEA,USD,0.8521,143.1,-1.65,13.79
CST-000000964,WH-00014,2025-01-01,183,tolls,194.79,EMEA,USD,1.0644,191.53,3.26,6.45
CST-000000965,WH-00007,2025-09-01,104,tolls,124.64,EMEA,USD,1.1985,138.67,-14.03,5.56
CST-000000966,WH-00010,2025-10-01,252,tolls,118.86,APAC,USD,0.4717,119.8,-0.94,13.32
CST-000000967,WH-00008,2025-12-01,374,tolls,391.23,EMEA,USD,1.0461,441.09,-49.86,20.94
CST-000000968,WH-00015,2025-12-01,174,tolls,71.19,APAC,USD,0.4091,83.47,-12.28,2.9
CST-000000969,WH-00025,2025-09-01,91,tolls,126.04,EMEA,USD,1.3851,131.56,-5.52,10.69
CST-000000970,WH-00004,2025-11-01,172,tolls,297.27,EMEA,USD,1.7283,325.79,-28.52,13.5
CST-000000971,WH-00016,2025-12-01,311,tolls,0.0,APAC,USD,0.0,0.0,0.0,0.0
CST-000000972,WH-00023,2025-09-01,180,tolls,0.0,LATAM,USD,0.0,0.0,0.0,0.0
CST-000000973,WH-00024,2025-11-01,212,tolls,355.89,APAC,USD,1.6787,309.51,46.38,11.09
CST-000000974,WH-00012,2025-10-01,282,tolls,483.73,EMEA,USD,1.7154,429.53,54.2,14.9
CST-000000975,WH-00024,2025-09-01,178,tolls,285.89,APAC,USD,1.6061,302.75,-16.86,
CST-000000976,WH-00023,2025-05-01,191,tolls,0.0,LATAM,USD,0.0,0.0,0.0,0.0
CST-000000977,WH-00009,2025-04-01,230,tolls,170.16,EMEA,USD,0.7398,158.92,11.24,16.1
CST-000000978,WH-00023,2025-08-01,173,tolls,0.0,LATAM,USD,0.0,0.0,0.0,0.0
CST-000000979,WH-00002,2025-11-01,260,tolls,232.45,EMEA,USD,0.894,221.34,11.11,12.71
CST-000000980,WH-00016,2025-07-01,190,tolls,0.0,APAC,USD,0.0,0.0,0.0,0.0
CST-000000981,WH-00023,2025-01-01,175,tolls,0.0,LATAM,USD,0.0,0.0,0.0,0.0
CST-000000982,WH-00020,2025-03-01,178,tolls,192.76,APAC,USD,1.0829,200.89,-8.13,11.57
CST-000000983,WH-00011,2025-06-01,139,tolls,286.3,NA,USD,2.0597,313.02,-26.72,24.68
CST-000000984,WH-00017,2025-02-01,73,tolls,166.76,NA,USD,2.2844,198.52,-31.76,10.18
CST-000000985,WH-00022,2025-07-01,159,tolls,169.19,NA,USD,1.0641,196.47,-27.28,8.61
CST-000000986,WH-00021,2025-10-01,91,tolls,148.4,EMEA,USD,1.6308,133.04,15.36,5.47
CST-000000987,WH-00009,2025-06-01,251,tolls,296.52,EMEA,USD,1.1814,303.7,-7.18,17.15
CST-000000988,WH-00021,2025-11-01,101,tolls,83.42,EMEA,USD,0.8259,78.77,4.65,7.33
CST-000000989,WH-00006,2025-08-01,120,tolls,152.98,EMEA,USD,1.2748,153.83,-0.85,7.8
CST-000000990,WH-00020,2025-11-01,241,tolls,201.36,APAC,USD,0.8355,173.72,27.64,19.36
CST-000000991,WH-00023,2025-02-01,169,tolls,0.0,LATAM,USD,0.0,0.0,0.0,0.0
CST-000000992,WH-00015,2025-07-01,141,tolls,20.06,APAC,USD,0.1423,17.85,2.21,2.27
CST-000000993,WH-00014,2025-12-01,281,tolls,154.65,EMEA,USD,0.5504,153.99,0.66,15.3
CST-000000994,WH-00011,2025-03-01,134,tolls,340.04,NA,USD,2.5376,309.13,30.91,14.76
CST-000000995,WH-00024,2025-02-01,129,tolls,163.4,APAC,USD,1.2667,189.23,-25.83,16.25
CST-000000996,WH-00018,2025-07-01,120,tolls,102.35,EMEA,USD,0.8529,115.54,-13.19,10.5
CST-000000997,WH-00019,2025-12-01,195,tolls,166.66,APAC,USD,0.8547,174.35,-7.69,
CST-000000998,WH-00020,2025-12-01,254,tolls,242.62,APAC,USD,0.9552,240.57,2.05,21.83
CST-000000999,WH-00024,2025-05-01,193,tolls,329.41,APAC,USD,1.7068,333.5,-4.09,12.6
CST-000001000,WH-00010,2025-06-01,231,tolls,96.95,APAC,USD,0.4197,98.4,-1.45,7.6
CST-000001001,WH-00010,2025-11-01,322,tolls,127.92,APAC,USD,0.3973,141.88,-13.96,4.05
CST-000001002,WH-00008,2025-10-01,322,tolls,334.34,EMEA,USD,1.0383,302.83,31.51,26.91
CST-000001003,WH-00018,2025-11-01,197,tolls,206.78,EMEA,USD,1.0496,196.01,10.77,19.67
CST-000001004,WH-00024,2025-10-01,206,tolls,262.5,APAC,USD,1.2743,300.84,-38.34,19.59
CST-000001005,WH-00004,2025-03-01,100,tolls,161.05,EMEA,USD,1.6105,155.96,5.09,14.53
CST-000001006,WH-00007,2025-01-01,103,tolls,180.81,EMEA,USD,1.7554,185.22,-4.41,16.5
CST-000001007,WH-00005,2025-12-01,198,tolls,274.47,EMEA,USD,1.3862,311.65,-37.18,23.01
CST-000001008,WH-00008,2025-09-01,269,tolls,284.93,EMEA,USD,1.0592,279.5,5.43,23.24
CST-000001009,WH-00005,2025-01-01,122,tolls,145.2,EMEA,USD,1.1902,128.52,16.68,6.71
CST-000001010,WH-00012,2025-12-01,333,tolls,422.72,EMEA,USD,1.2694,415.98,6.74,48.04
CST-000001011,WH-00020,2025-01-01,150,tolls,146.65,APAC,USD,0.9777,146.94,-0.29,10.4
CST-000001012,WH-00021,2025-06-01,62,tolls,92.52,EMEA,USD,1.4923,109.36,-16.84,10.09
CST-000001013,WH-00012,2025-08-01,240,tolls,285.02,EMEA,USD,1.1876,312.49,-27.47,29.28
CST-000001014,WH-00008,2025-06-01,246,tolls,292.23,EMEA,USD,1.1879,347.99,-55.76,20.64
CST-000001015,WH-00019,2025-10-01,179,tolls,200.98,APAC,USD,1.1228,192.94,8.04,
CST-000001016,WH-00015,2025-01-01,109,tolls,35.34,APAC,USD,0.3242,38.69,-3.35,1.95
CST-000001017,WH-00012,2025-03-01,240,tolls,408.43,EMEA,USD,1.7018,453.17,-44.74,17.72
CST-000001018,WH-00009,2025-05-01,259,tolls,357.79,EMEA,USD,1.3814,315.32,42.47,40.76
CST-000001019,WH-00008,2025-07-01,281,tolls,298.48,EMEA,USD,1.0622,297.97,0.51,18.62
CST-000001020,WH-00008,2025-05-01,305,tolls,303.34,EMEA,USD,0.9946,265.46,37.88,9.4
CST-000001021,WH-00004,2025-12-01,160,tolls,286.82,EMEA,USD,1.7926,293.16,-6.34,20.8
CST-000001022,WH-00006,2025-04-01,112,tolls,130.17,EMEA,USD,1.1622,128.11,2.06,10.84
CST-000001023,WH-00017,2025-01-01,89,tolls,148.89,NA,USD,1.6729,150.7,-1.81,5.44
CST-000001024,WH-00013,2025-03-01,118,tolls,204.53,APAC,USD,1.7333,197.49,7.04,9.76
CST-000001025,WH-00024,2025-06-01,158,tolls,223.74,APAC,USD,1.4161,257.42,-33.68,
CST-000001026,WH-00023,2025-04-01,181,tolls,0.0,LATAM,USD,0.0,0.0,0.0,0.0
CST-000001027,WH-00013,2025-07-01,128,tolls,150.63,APAC,USD,1.1768,130.75,19.88,15.01
CST-000001028,WH-00009,2025-12-01,326,tolls,270.58,EMEA,USD,0.83,277.45,-6.87,11.25
CST-000001029,WH-00023,2025-07-01,190,tolls,0.0,LATAM,USD,0.0,0.0,0.0,0.0
CST-000001030,WH-00008,2025-04-01,266,tolls,380.87,EMEA,USD,1.4318,456.83,-75.96,17.19
CST-000001031,WH-00022,2025-03-01,158,tolls,82.28,NA,USD,0.5208,98.28,-16.0,4.83
CST-000001032,WH-00003,2025-08-01,136,tolls,104.62,LATAM,USD,0.7693,115.48,-10.86,7.28
CST-000001033,WH-00002,2025-12-01,276,tolls,323.48,EMEA,USD,1.172,298.71,24.77,23.17
CST-000001034,WH-00011,2025-01-01,107,tolls,250.3,NA,USD,2.3393,223.56,26.74,11.41
CST-000001035,WH-00023,2025-10-01,220,tolls,0.0,LATAM,USD,0.0,0.0,0.0,0.0
CST-000001036,WH-00015,2025-03-01,123,tolls,56.37,APAC,USD,0.4583,61.5,-5.13,5.94
CST-000001037,WH-00016,2025-01-01,188,tolls,0.0,APAC,USD,0.0,0.0,0.0,0.0
CST-000001038,WH-00012,2025-05-01,252,tolls,339.1,EMEA,USD,1.3456,388.81,-49.71,37.6
CST-000001039,WH-00004,2025-10-01,135,tolls,127.88,EMEA,USD,0.9473,116.78,11.1,8.7
CST-000001040,WH-00011,2025-08-01,124,tolls,248.61,NA,USD,2.0049,211.67,36.94,20.83
CST-000001041,WH-00020,2025-06-01,172,tolls,144.39,APAC,USD,0.8395,149.38,-4.99,17.11
CST-000001042,WH-00001,2025-11-01,203,tolls,206.66,EMEA,USD,1.018,230.52,-23.86,23.84
CST-000001043,WH-00011,2025-07-01,130,tolls,265.19,NA,USD,2.0399,255.63,9.56,9.32
CST-000001044,WH-00013,2025-02-01,99,tolls,143.39,APAC,USD,1.4484,169.53,-26.14,10.86
CST-000001045,WH-00022,2025-08-01,155,tolls,88.0,NA,USD,0.5677,76.64,11.36,6.4
CST-000001046,WH-00003,2025-06-01,139,tolls,54.6,LATAM,USD,0.3928,60.49,-5.89,3.27
CST-000001047,WH-00003,2025-07-01,104,tolls,67.63,LATAM,USD,0.6503,77.43,-9.8,5.11
CST-000001048,WH-00010,2025-01-01,229,tolls,57.72,APAC,USD,0.2521,67.71,-9.99,4.79
CST-000001049,WH-00018,2025-01-01,138,tolls,100.12,EMEA,USD,0.7255,110.05,-9.93,6.85
CST-000001050,WH-00001,2025-10-01,167,tolls,204.78,EMEA,USD,1.2262,228.23,-23.45,8.56
CST-000001051,WH-00006,2025-12-01,168,tolls,227.34,EMEA,USD,1.3532,263.94,-36.6,
CST-000001052,WH-00002,2025-06-01,196,tolls,179.59,EMEA,USD,0.9163,175.88,3.71,19.27
CST-000001053,WH-00016,2025-08-01,203,tolls,0.0,APAC,USD,0.0,0.0,0.0,0.0
CST-000001054,WH-00018,2025-08-01,143,tolls,100.06,EMEA,USD,0.6997,87.83,12.23,7.51
CST-000001055,WH-00018,2025-12-01,201,tolls,189.9,EMEA,USD,0.9448,198.58,-8.68,14.9
CST-000001056,WH-00012,2025-04-01,236,tolls,275.08,EMEA,USD,1.1656,312.29,-37.21,32.4
CST-000001057,WH-00007,2025-07-01,103,tolls,105.95,EMEA,USD,1.0286,121.22,-15.27,8.77
CST-000001058,WH-00003,2025-10-01,109,tolls,26.69,LATAM,USD,0.2449,29.69,-3.0,1.07
CST-000001059,WH-00022,2025-11-01,232,tolls,141.84,NA,USD,0.6114,151.98,-10.14,14.39
CST-000001060,WH-00009,2025-09-01,242,tolls,241.51,EMEA,USD,0.998,271.72,-30.21,16.89
CST-000001061,WH-00014,2025-04-01,222,tolls,88.64,EMEA,USD,0.3993,101.69,-13.05,9.59
CST-000001062,WH-00014,2025-06-01,212,tolls,127.29,EMEA,USD,0.6004,152.32,-25.03,5.83
CST-000001063,WH-00001,2025-08-01,129,tolls,154.19,EMEA,USD,1.1953,145.52,8.67,14.47
CST-000001064,WH-00011,2025-04-01,130,tolls,244.84,NA,USD,1.8834,236.58,8.26,19.43
CST-000001065,WH-00006,2025-06-01,113,tolls,152.84,EMEA,USD,1.3526,153.7,-0.86,15.99
CST-000001066,WH-00002,2025-01-01,162,tolls,215.92,EMEA,USD,1.3328,193.43,22.49,22.87
CST-000001067,WH-00016,2025-03-01,176,tolls,0.0,APAC,USD,0.0,0.0,0.0,0.0
CST-000001068,WH-00019,2025-08-01,148,tolls,158.81,APAC,USD,1.073,139.43,19.38,19.03
CST-000001069,WH-00005,2025-02-01,118,tolls,261.81,EMEA,USD,2.2187,224.2,37.61,15.51
CST-000001070,WH-00022,2025-06-01,173,tolls,84.69,NA,USD,0.4895,84.67,0.02,8.19
CST-000001071,WH-00020,2025-02-01,141,tolls,193.25,APAC,USD,1.3706,186.18,7.07,20.33
CST-000001072,WH-00006,2025-11-01,169,tolls,343.46,EMEA,USD,2.0323,360.92,-17.46,38.59
CST-000001073,WH-00016,2025-06-01,190,tolls,0.0,APAC,USD,0.0,0.0,0.0,
CST-000001074,WH-00011,2025-09-01,133,tolls,226.75,NA,USD,1.7049,232.85,-6.1,10.48
CST-000001075,WH-00001,2025-01-01,139,tolls,120.64,EMEA,USD,0.8679,133.78,-13.14,6.21
CST-000001076,WH-00016,2025-10-01,218,tolls,0.0,APAC,USD,0.0,0.0,0.0,0.0
CST-000001077,WH-00012,2025-07-01,270,tolls,311.18,EMEA,USD,1.1525,270.76,40.42,26.74
CST-000001078,WH-00015,2025-11-01,170,tolls,89.78,APAC,USD,0.5281,84.06,5.72,3.82
CST-000001079,WH-00004,2025-09-01,119,tolls,146.83,EMEA,USD,1.2339,149.59,-2.76,16.66
CST-000001080,WH-00018,2025-02-01,96,tolls,68.98,EMEA,USD,0.7185,73.05,-4.07,6.77
CST-000001081,WH-00017,2025-12-01,141,tolls,248.64,NA,USD,1.7634,290.87,-42.23,27.5
CST-000001082,WH-00024,2025-03-01,168,tolls,233.82,APAC,USD,1.3918,246.6,-12.78,23.99
CST-000001083,WH-00007,2025-02-01,76,tolls,70.47,EMEA,USD,0.9272,84.52,-14.05,7.05
CST-000001084,WH-00015,2025-06-01,127,tolls,28.32,APAC,USD,0.223,33.97,-5.65,2.73
CST-000001085,WH-00020,2025-07-01,192,tolls,173.02,APAC,USD,0.9011,165.67,7.35,6.33
CST-000001086,WH-00006,2025-07-01,121,tolls,122.54,EMEA,USD,1.0127,112.48,10.06,5.47
CST-000001087,WH-00005,2025-11-01,175,tolls,208.58,EMEA,USD,1.1919,212.96,-4.38,20.76
CST-000001088,WH-00005,2025-03-01,151,tolls,249.74,EMEA,USD,1.6539,261.84,-12.1,24.81
CST-000001089,WH-00024,2025-08-01,163,tolls,196.19,APAC,USD,1.2036,175.69,20.5,13.58
CST-000001090,WH-00003,2025-11-01,163,tolls,107.96,LATAM,USD,0.6623,98.01,9.95,9.48
CST-000001091,WH-00019,2025-01-01,141,tolls,164.43,APAC,USD,1.1662,149.91,14.52,12.53
CST-000001092,WH-00005,2025-09-01,172,tolls,302.82,EMEA,USD,1.7606,338.89,-36.07,26.4
CST-000001093,WH-00010,2025-08-01,225,tolls,74.31,APAC,USD,0.3303,87.13,-12.82,2.46
CST-000001094,WH-00019,2025-06-01,137,tolls,152.25,APAC,USD,1.1113,168.78,-16.53,13.52
CST-000001095,WH-00018,2025-10-01,154,tolls,144.56,EMEA,USD,0.9387,161.33,-16.77,10.12
CST-000001096,WH-00023,2025-11-01,237,tolls,0.0,LATAM,USD,0.0,0.0,0.0,0.0
CST-000001097,WH-00015,2025-10-01,151,tolls,61.67,APAC,USD,0.4084,60.23,1.44,5.3
CST-000001098,WH-00006,2025-09-01,117,tolls,88.41,EMEA,USD,0.7556,93.58,-5.17,9.31
CST-000001099,WH-00019,2025-07-01,125,tolls,129.75,APAC,USD,1.038,113.49,16.26,7.26
CST-000001100,WH-00014,2025-09-01,231,tolls,164.38,EMEA,USD,0.7116,176.26,-11.88,9.96
CST-000001101,WH-00016,2025-05-01,195,tolls,0.0,APAC,USD,0.0,0.0,0.0,0.0
CST-000001102,WH-00005,2025-06-01,136,tolls,166.12,EMEA,USD,1.2215,170.56,-4.44,10.26
CST-000001103,WH-00017,2025-10-01,111,tolls,225.63,NA,USD,2.0327,217.43,8.2,22.02
CST-000001104,WH-00009,2025-11-01,334,tolls,330.48,EMEA,USD,0.9895,330.87,-0.39,31.28
CST-000001105,WH-00022,2025-12-01,238,tolls,181.9,NA,USD,0.7643,213.05,-31.15,20.82
CST-000001106,WH-00003,2025-02-01,107,tolls,54.04,LATAM,USD,0.505,54.3,-0.26,1.75
CST-000001107,WH-00006,2025-03-01,119,tolls,232.82,EMEA,USD,1.9565,198.74,34.08,11.19
CST-000001108,WH-00020,2025-05-01,209,tolls,175.22,APAC,USD,0.8384,188.7,-13.48,7.36
CST-000001109,WH-00011,2025-11-01,174,tolls,350.75,NA,USD,2.0158,384.11,-33.36,41.37
CST-000001110,WH-00020,2025-09-01,175,tolls,170.53,APAC,USD,0.9745,160.46,10.07,9.83
CST-000001111,WH-00023,2025-06-01,187,tolls,0.0,LATAM,USD,0.0,0.0,0.0,0.0
CST-000001112,WH-00014,2025-05-01,211,tolls,149.26,EMEA,USD,0.7074,135.42,13.84,9.71
CST-000001113,WH-00015,2025-04-01,128,tolls,66.25,APAC,USD,0.5176,63.8,2.45,5.38
CST-000001114,WH-00012,2025-06-01,230,tolls,323.24,EMEA,USD,1.4054,293.91,29.33,
CST-000001115,WH-00011,2025-02-01,95,tolls,223.03,NA,USD,2.3477,195.59,27.44,23.22
CST-000001116,WH-00021,2025-12-01,123,tolls,160.61,EMEA,USD,1.3058,140.48,20.13,9.48
CST-000001117,WH-00020,2025-10-01,185,tolls,199.23,APAC,USD,1.0769,171.45,27.78,21.05
CST-000001118,WH-00021,2025-01-01,81,tolls,60.77,EMEA,USD,0.7502,54.04,6.73,5.51
CST-000001119,WH-00006,2025-02-01,88,tolls,88.36,EMEA,USD,1.0041,75.32,13.04,5.2
CST-000001120,WH-00007,2025-04-01,99,tolls,142.19,EMEA,USD,1.4363,162.67,-20.48,12.77
CST-000001121,WH-00010,2025-12-01,319,tolls,117.51,APAC,USD,0.3684,102.4,15.11,8.07
CST-000001122,WH-00014,2025-10-01,232,tolls,104.6,EMEA,USD,0.4509,98.97,5.63,8.99
CST-000001123,WH-00025,2025-10-01,108,tolls,177.51,EMEA,USD,1.6436,153.59,23.92,19.66
CST-000001124,WH-00006,2025-05-01,118,tolls,127.51,EMEA,USD,1.0806,113.53,13.98,14.65
CST-000001125,WH-00003,2025-09-01,144,tolls,69.87,LATAM,USD,0.4852,77.0,-7.13,6.43
CST-000001126,WH-00014,2025-03-01,204,tolls,147.85,EMEA,USD,0.7248,140.03,7.82,12.26
CST-000001127,WH-00024,2025-04-01,175,tolls,257.74,APAC,USD,1.4728,252.9,4.84,9.03
CST-000001128,WH-00011,2025-12-01,205,tolls,345.41,NA,USD,1.6849,374.05,-28.64,36.77
CST-000001129,WH-00019,2025-02-01,131,tolls,127.92,APAC,USD,0.9765,142.17,-14.25,13.95
CST-000001130,WH-00013,2025-08-01,135,tolls,199.9,APAC,USD,1.4807,234.49,-34.59,7.01
CST-000001131,WH-00007,2025-03-01,90,tolls,105.97,EMEA,USD,1.1774,109.92,-3.95,4.43
CST-000001132,WH-00003,2025-03-01,131,tolls,73.69,LATAM,USD,0.5625,78.53,-4.84,5.36
CST-000001133,WH-00008,2025-02-01,196,tolls,280.8,EMEA,USD,1.4327,281.05,-0.25,16.29
CST-000001134,WH-00002,2025-10-01,233,tolls,202.12,EMEA,USD,0.8675,172.04,30.08,14.47
CST-000001135,WH-00021,2025-03-01,85,tolls,130.72,EMEA,USD,1.5379,118.51,12.21,12.71
CST-000001136,WH-00001,2025-05-01,143,tolls,150.15,EMEA,USD,1.05,156.29,-6.14,4.87
CST-000001137,WH-00025,2025-05-01,101,tolls,97.61,EMEA,USD,0.9664,96.31,1.3,7.09
CST-000001138,WH-00005,2025-08-01,144,tolls,180.78,EMEA,USD,1.2554,180.09,0.69,16.82
CST-000001139,WH-00017,2025-03-01,97,tolls,163.14,NA,USD,1.6819,185.41,-22.27,7.98
CST-000001140,WH-00007,2025-10-01,121,tolls,101.28,EMEA,USD,0.837,107.05,-5.77,7.67
CST-000001141,WH-00016,2025-09-01,221,tolls,0.0,APAC,USD,0.0,0.0,0.0,0.0
CST-000001142,WH-00010,2025-02-01,198,tolls,50.45,APAC,USD,0.2548,50.49,-0.04,3.98
CST-000001143,WH-00013,2025-01-01,123,tolls,213.09,APAC,USD,1.7324,225.02,-11.93,13.2
CST-000001144,WH-00013,2025-10-01,150,tolls,178.26,APAC,USD,1.1884,181.16,-2.9,14.25
CST-000001145,WH-00025,2025-07-01,94,tolls,89.35,EMEA,USD,0.9505,97.88,-8.53,9.22
CST-000001146,WH-00001,2025-03-01,137,tolls,203.1,EMEA,USD,1.4825,186.93,16.17,17.47
CST-000001147,WH-00013,2025-04-01,132,tolls,195.1,APAC,USD,1.478,172.46,22.64,20.55
CST-000001148,WH-00018,2025-06-01,120,tolls,124.06,EMEA,USD,1.0338,119.69,4.37,9.56
CST-000001149,WH-00002,2025-02-01,142,tolls,193.14,EMEA,USD,1.3601,217.66,-24.52,20.68
CST-000001150,WH-00014,2025-07-01,201,tolls,114.77,EMEA,USD,0.571,117.59,-2.82,3.87
CST-000001151,WH-00006,2025-01-01,99,tolls,117.66,EMEA,USD,1.1885,134.58,-16.92,12.93
CST-000001152,WH-00024,2025-12-01,246,tolls,444.67,APAC,USD,1.8076,482.87,-38.2,46.82
CST-000001153,WH-00016,2025-02-01,153,tolls,0.0,APAC,USD,0.0,0.0,0.0,0.0
CST-000001154,WH-00003,2025-01-01,114,tolls,37.38,LATAM,USD,0.3279,38.32,-0.94,2.35
CST-000001155,WH-00025,2025-01-01,69,tolls,104.94,EMEA,USD,1.5209,120.3,-15.36,6.66
CST-000001156,WH-00020,2025-04-01,182,tolls,147.65,APAC,USD,0.8113,176.46,-28.81,8.1
CST-000001157,WH-00003,2025-04-01,118,tolls,54.11,LATAM,USD,0.4586,61.65,-7.54,4.52
CST-000001158,WH-00005,2025-04-01,117,tolls,179.85,EMEA,USD,1.5372,183.69,-3.84,19.43
CST-000001159,WH-00017,2025-11-01,112,tolls,250.48,NA,USD,2.2364,236.44,14.04,16.43
CST-000001160,WH-00004,2025-04-01,97,tolls,111.79,EMEA,USD,1.1525,120.35,-8.56,5.31
CST-000001161,WH-00017,2025-06-01,92,tolls,186.53,NA,USD,2.0275,194.74,-8.21,10.53
CST-000001162,WH-00018,2025-03-01,134,tolls,191.22,EMEA,USD,1.427,182.31,8.91,6.17
CST-000001163,WH-00022,2025-09-01,176,tolls,153.75,NA,USD,0.8736,153.14,0.61,6.75
CST-000001164,WH-00003,2025-05-01,104,tolls,63.72,LATAM,USD,0.6127,75.62,-11.9,2.2
CST-000001165,WH-00001,2025-07-01,138,tolls,180.07,EMEA,USD,1.3049,204.02,-23.95,5.41
CST-000001166,WH-00025,2025-03-01,89,tolls,69.2,EMEA,USD,0.7775,60.52,8.68,7.25
CST-000001167,WH-00015,2025-09-01,137,tolls,37.05,APAC,USD,0.2704,39.92,-2.87,2.21
CST-000001168,WH-00004,2025-02-01,77,tolls,72.03,EMEA,USD,0.9355,81.15,-9.12,6.47
CST-000001169,WH-00004,2025-01-01,101,tolls,107.04,EMEA,USD,1.0598,108.65,-1.61,6.05
CST-000001170,WH-00022,2025-02-01,123,tolls,29.33,NA,USD,0.2385,27.86,1.47,1.7
CST-000001171,WH-00011,2025-10-01,149,tolls,312.78,NA,USD,2.0992,274.79,37.99,12.56
CST-000001172,WH-00022,2025-01-01,134,tolls,139.13,NA,USD,1.0383,164.74,-25.61,16.24
CST-000001173,WH-00019,2025-09-01,134,tolls,142.22,APAC,USD,1.0613,156.78,-14.56,11.22
CST-000001174,WH-00010,2025-03-01,224,tolls,76.89,APAC,USD,0.3433,88.28,-11.39,9.19
CST-000001175,WH-00002,2025-08-01,158,tolls,233.28,EMEA,USD,1.4765,234.06,-0.78,16.94
CST-000001176,WH-00018,2025-04-01,124,tolls,130.67,EMEA,USD,1.0538,153.55,-22.88,5.12
CST-000001177,WH-00001,2025-02-01,99,tolls,87.9,EMEA,USD,0.8879,85.98,1.92,4.54
CST-000001178,WH-00025,2025-04-01,103,tolls,157.3,EMEA,USD,1.5272,145.57,11.73,6.66
CST-000001179,WH-00019,2025-04-01,131,tolls,155.4,APAC,USD,1.1863,159.75,-4.35,10.17
CST-000001180,WH-00017,2025-05-01,109,tolls,195.86,NA,USD,1.7969,215.59,-19.73,22.62
CST-000001181,WH-00023,2025-03-01,161,tolls,0.0,LATAM,USD,0.0,0.0,0.0,0.0
CST-000001182,WH-00022,2025-04-01,155,tolls,95.58,NA,USD,0.6166,101.91,-6.33,9.58
CST-000001183,WH-00004,2025-08-01,107,tolls,176.87,EMEA,USD,1.653,165.87,11.0,16.59
CST-000001184,WH-00013,2025-09-01,142,tolls,165.88,APAC,USD,1.1682,153.65,12.23,13.23
CST-000001185,WH-00019,2025-03-01,130,tolls,185.85,APAC,USD,1.4296,176.68,9.17,12.59
CST-000001186,WH-00007,2025-08-01,99,tolls,146.22,EMEA,USD,1.477,139.99,6.23,6.16
CST-000001187,WH-00025,2025-12-01,130,tolls,235.64,EMEA,USD,1.8126,247.34,-11.7,20.66
CST-000001188,WH-00001,2025-09-01,122,tolls,229.56,EMEA,USD,1.8816,248.73,-19.17,27.16
CST-000001189,WH-00021,2025-08-01,74,tolls,66.11,EMEA,USD,0.8934,71.93,-5.82,7.35
CST-000001190,WH-00004,2025-06-01,99,tolls,148.1,EMEA,USD,1.496,144.37,3.73,9.3
CST-000001191,WH-00015,2025-02-01,98,tolls,33.77,APAC,USD,0.3446,33.58,0.19,1.83
CST-000001192,WH-00015,2025-08-01,132,tolls,71.29,APAC,USD,0.5401,84.41,-13.12,4.98
CST-000001193,WH-00021,2025-07-01,80,tolls,78.8,EMEA,USD,0.985,83.24,-4.44,6.64
CST-000001194,WH-00021,2025-02-01,50,tolls,90.92,EMEA,USD,1.8184,85.14,5.78,3.65
CST-000001195,WH-00021,2025-09-01,98,tolls,113.97,EMEA,USD,1.163,107.17,6.8,10.77
CST-000001196,WH-00021,2025-04-01,83,tolls,111.33,EMEA,USD,1.3413,114.36,-3.03,3.59
CST-000001197,WH-00021,2025-05-01,91,tolls,127.83,EMEA,USD,1.4047,129.95,-2.12,7.13
CST-000001198,WH-00025,2025-08-01,77,tolls,81.51,EMEA,USD,1.0586,91.44,-9.93,4.82
CST-000001199,WH-00017,2025-09-01,98,tolls,163.71,NA,USD,1.6705,154.18,9.53,15.88
CST-000001200,WH-00025,2025-02-01,59,tolls,58.5,EMEA,USD,0.9915,57.04,1.46,4.6
CST-000001201,WH-00016,2025-11-01,282,insurance,82.76,APAC,USD,0.2935,97.66,-14.9,
CST-000001202,WH-00004,2025-05-01,132,insurance,73.97,EMEA,USD,0.5604,75.46,-1.49,7.74
CST-000001203,WH-00020,2025-08-01,181,insurance,23.64,APAC,USD,0.1306,20.16,3.48,2.61
CST-000001204,WH-00005,2025-10-01,187,insurance,50.68,EMEA,USD,0.271,52.42,-1.74,3.85
CST-000001205,WH-00010,2025-09-01,236,insurance,100.45,APAC,USD,0.4256,105.5,-5.05,10.89
CST-000001206,WH-00025,2025-11-01,126,insurance,50.6,EMEA,USD,0.4016,43.41,7.19,4.9
CST-000001207,WH-00012,2025-09-01,251,insurance,111.97,EMEA,USD,0.4461,96.68,15.29,6.25
CST-000001208,WH-00001,2025-04-01,123,insurance,23.17,EMEA,USD,0.1884,20.24,2.93,1.56
CST-000001209,WH-00009,2025-08-01,221,insurance,129.64,EMEA,USD,0.5866,131.53,-1.89,15.4
CST-000001210,WH-00007,2025-12-01,157,insurance,40.89,EMEA,USD,0.2604,40.12,0.77,1.71
CST-000001211,WH-00022,2025-05-01,194,insurance,97.64,NA,USD,0.5033,108.06,-10.42,4.73
CST-000001212,WH-00002,2025-03-01,194,insurance,90.56,EMEA,USD,0.4668,104.95,-14.39,3.14
CST-000001213,WH-00024,2025-07-01,173,insurance,66.15,APAC,USD,0.3824,59.18,6.97,6.97
CST-000001214,WH-00010,2025-07-01,211,insurance,46.81,APAC,USD,0.2218,41.61,5.2,4.84
CST-000001215,WH-00012,2025-02-01,199,insurance,80.84,EMEA,USD,0.4062,70.13,10.71,7.84
CST-000001216,WH-00017,2025-04-01,102,insurance,67.89,NA,USD,0.6656,80.06,-12.17,3.23
CST-000001217,WH-00005,2025-05-01,158,insurance,79.52,EMEA,USD,0.5033,90.06,-10.54,4.22
CST-000001218,WH-00019,2025-05-01,168,insurance,43.5,APAC,USD,0.2589,50.61,-7.11,1.55
CST-000001219,WH-00017,2025-08-01,100,insurance,28.54,NA,USD,0.2854,26.9,1.64,2.27
CST-000001220,WH-00012,2025-01-01,257,insurance,52.05,EMEA,USD,0.2025,46.6,5.45,3.64
CST-000001221,WH-00013,2025-11-01,193,insurance,43.29,APAC,USD,0.2243,51.59,-8.3,3.14
CST-000001222,WH-00009,2025-01-01,232,insurance,53.29,EMEA,USD,0.2297,52.1,1.19,5.41
CST-000001223,WH-00009,2025-02-01,200,insurance,31.18,EMEA,USD,0.1559,28.11,3.07,2.78
CST-000001224,WH-00023,2025-12-01,243,insurance,97.42,LATAM,USD,0.4009,88.65,8.77,7.91
CST-000001225,WH-00017,2025-07-01,98,insurance,24.55,NA,USD,0.2505,28.93,-4.38,2.61
CST-000001226,WH-00008,2025-08-01,278,insurance,110.14,EMEA,USD,0.3962,102.93,7.21,11.56
CST-000001227,WH-00007,2025-06-01,98,insurance,35.27,EMEA,USD,0.3599,32.03,3.24,3.8
CST-000001228,WH-00009,2025-07-01,263,insurance,52.78,EMEA,USD,0.2007,54.09,-1.31,3.41
CST-000001229,WH-00010,2025-05-01,245,insurance,102.7,APAC,USD,0.4192,111.68,-8.98,3.62
CST-000001230,WH-00025,2025-06-01,103,insurance,22.69,EMEA,USD,0.2203,22.45,0.24,2.19
CST-000001231,WH-00013,2025-06-01,124,insurance,21.7,APAC,USD,0.175,21.45,0.25,2.44
CST-000001232,WH-00016,2025-04-01,174,insurance,26.13,APAC,USD,0.1502,26.18,-0.05,2.56
CST-000001233,WH-00002,2025-05-01,203,insurance,42.85,EMEA,USD,0.2111,38.14,4.71,4.78
CST-000001234,WH-00019,2025-11-01,205,insurance,96.85,APAC,USD,0.4724,83.57,13.28,9.95
CST-000001235,WH-00015,2025-05-01,130,insurance,29.91,APAC,USD,0.2301,32.32,-2.41,
CST-000001236,WH-00018,2025-09-01,140,insurance,34.53,EMEA,USD,0.2466,29.81,4.72,1.09
CST-000001237,WH-00008,2025-03-01,255,insurance,131.08,EMEA,USD,0.514,116.9,14.18,5.01
CST-000001238,WH-00004,2025-07-01,129,insurance,61.84,EMEA,USD,0.4794,59.14,2.7,4.17
CST-000001239,WH-00014,2025-08-01,227,insurance,52.56,EMEA,USD,0.2315,57.26,-4.7,2.14
CST-000001240,WH-00022,2025-10-01,202,insurance,106.26,NA,USD,0.526,91.41,14.85,11.92
CST-000001241,WH-00008,2025-01-01,271,insurance,44.82,EMEA,USD,0.1654,46.28,-1.46,5.06
CST-000001242,WH-00009,2025-03-01,219,insurance,120.58,EMEA,USD,0.5506,134.95,-14.37,12.42
CST-000001243,WH-00007,2025-05-01,118,insurance,53.46,EMEA,USD,0.4531,58.05,-4.59,3.67
CST-000001244,WH-00014,2025-02-01,167,insurance,65.47,EMEA,USD,0.392,74.88,-9.41,6.4
CST-000001245,WH-00018,2025-05-01,132,insurance,56.51,EMEA,USD,0.4281,56.56,-0.05,2.28
CST-000001246,WH-00001,2025-06-01,144,insurance,35.41,EMEA,USD,0.2459,41.08,-5.67,1.52
CST-000001247,WH-00008,2025-11-01,367,insurance,144.92,EMEA,USD,0.3949,149.52,-4.6,17.35
CST-000001248,WH-00010,2025-04-01,221,insurance,103.47,APAC,USD,0.4682,103.77,-0.3,
CST-000001249,WH-00006,2025-10-01,133,insurance,79.04,EMEA,USD,0.5943,71.54,7.5,8.11
CST-000001250,WH-00013,2025-12-01,201,insurance,88.92,APAC,USD,0.4424,88.05,0.87,9.86
CST-000001251,WH-00012,2025-11-01,335,insurance,182.86,EMEA,USD,0.5459,202.15,-19.29,9.99
CST-000001252,WH-00005,2025-07-01,121,insurance,69.66,EMEA,USD,0.5757,82.63,-12.97,4.67
CST-000001253,WH-00014,2025-11-01,282,insurance,124.03,EMEA,USD,0.4398,123.5,0.53,10.69
CST-000001254,WH-00003,2025-12-01,188,insurance,20.28,LATAM,USD,0.1079,20.24,0.04,
CST-000001255,WH-00013,2025-05-01,147,insurance,61.86,APAC,USD,0.4208,68.22,-6.36,2.95
CST-000001256,WH-00002,2025-04-01,176,insurance,51.42,EMEA,USD,0.2922,54.94,-3.52,3.39
CST-000001257,WH-00007,2025-11-01,132,insurance,60.87,EMEA,USD,0.4611,68.95,-8.08,4.18
CST-000001258,WH-00024,2025-01-01,134,insurance,22.7,APAC,USD,0.1694,23.93,-1.23,2.09
CST-000001259,WH-00001,2025-12-01,210,insurance,50.66,EMEA,USD,0.2412,59.65,-8.99,5.74
CST-000001260,WH-00009,2025-10-01,253,insurance,123.16,EMEA,USD,0.4868,122.53,0.63,7.41
CST-000001261,WH-00011,2025-05-01,127,insurance,55.55,NA,USD,0.4374,48.73,6.82,3.33
CST-000001262,WH-00002,2025-09-01,193,insurance,104.72,EMEA,USD,0.5426,100.96,3.76,6.65
CST-000001263,WH-00002,2025-07-01,166,insurance,86.97,EMEA,USD,0.5239,87.15,-0.18,4.54
CST-000001264,WH-00014,2025-01-01,183,insurance,47.18,EMEA,USD,0.2578,56.57,-9.39,1.68
CST-000001265,WH-00007,2025-09-01,104,insurance,18.39,EMEA,USD,0.1768,21.53,-3.14,
CST-000001266,WH-00010,2025-10-01,252,insurance,96.34,APAC,USD,0.3823,89.58,6.76,6.86
CST-000001267,WH-00008,2025-12-01,374,insurance,175.33,EMEA,USD,0.4688,154.82,20.51,8.52
CST-000001268,WH-00015,2025-12-01,174,insurance,64.93,APAC,USD,0.3732,59.36,5.57,6.28
CST-000001269,WH-00025,2025-09-01,91,insurance,46.53,EMEA,USD,0.5113,43.57,2.96,4.31
CST-000001270,WH-00004,2025-11-01,172,insurance,75.12,EMEA,USD,0.4367,78.31,-3.19,5.2
CST-000001271,WH-00016,2025-12-01,311,insurance,109.87,APAC,USD,0.3533,108.34,1.53,4.43
CST-000001272,WH-00023,2025-09-01,180,insurance,52.83,LATAM,USD,0.2935,58.49,-5.66,2.72
CST-000001273,WH-00024,2025-11-01,212,insurance,86.19,APAC,USD,0.4066,76.44,9.75,4.61
CST-000001274,WH-00012,2025-10-01,282,insurance,45.09,EMEA,USD,0.1599,52.94,-7.85,
CST-000001275,WH-00024,2025-09-01,178,insurance,45.99,APAC,USD,0.2584,42.84,3.15,
CST-000001276,WH-00023,2025-05-01,191,insurance,50.9,LATAM,USD,0.2665,46.31,4.59,2.85
CST-000001277,WH-00009,2025-04-01,230,insurance,52.44,EMEA,USD,0.228,47.03,5.41,6.23
CST-000001278,WH-00023,2025-08-01,173,insurance,43.96,LATAM,USD,0.2541,37.7,6.26,1.57
CST-000001279,WH-00002,2025-11-01,260,insurance,78.1,EMEA,USD,0.3004,72.56,5.54,5.52
CST-000001280,WH-00016,2025-07-01,190,insurance,74.73,APAC,USD,0.3933,75.51,-0.78,2.42
CST-000001281,WH-00023,2025-01-01,175,insurance,18.32,LATAM,USD,0.1047,17.65,0.67,1.18
CST-000001282,WH-00020,2025-03-01,178,insurance,82.17,APAC,USD,0.4616,77.64,4.53,2.71
CST-000001283,WH-00011,2025-06-01,139,insurance,39.21,NA,USD,0.2821,45.62,-6.41,2.66
CST-000001284,WH-00017,2025-02-01,73,insurance,29.43,NA,USD,0.4032,26.85,2.58,1.6
CST-000001285,WH-00022,2025-07-01,159,insurance,77.77,NA,USD,0.4891,83.36,-5.59,5.6
CST-000001286,WH-00021,2025-10-01,91,insurance,44.02,EMEA,USD,0.4837,49.82,-5.8,
CST-000001287,WH-00009,2025-06-01,251,insurance,91.82,EMEA,USD,0.3658,99.6,-7.78,4.23
CST-000001288,WH-00021,2025-11-01,101,insurance,56.32,EMEA,USD,0.5576,55.96,0.36,2.35
CST-000001289,WH-00006,2025-08-01,120,insurance,33.43,EMEA,USD,0.2786,38.04,-4.61,1.06
CST-000001290,WH-00020,2025-11-01,241,insurance,38.2,APAC,USD,0.1585,39.97,-1.77,3.79
CST-000001291,WH-00023,2025-02-01,169,insurance,56.83,LATAM,USD,0.3363,51.93,4.9,5.54
CST-000001292,WH-00015,2025-07-01,141,insurance,45.45,APAC,USD,0.3223,54.09,-8.64,1.92
CST-000001293,WH-00014,2025-12-01,281,insurance,164.86,EMEA,USD,0.5867,181.07,-16.21,6.47
CST-000001294,WH-00011,2025-03-01,134,insurance,35.67,NA,USD,0.2662,42.05,-6.38,2.19
CST-000001295,WH-00024,2025-02-01,129,insurance,38.16,APAC,USD,0.2958,43.79,-5.63,2.24
CST-000001296,WH-00018,2025-07-01,120,insurance,31.63,EMEA,USD,0.2636,37.5,-5.87,1.46
CST-000001297,WH-00019,2025-12-01,195,insurance,49.82,APAC,USD,0.2555,48.21,1.61,5.89
CST-000001298,WH-00020,2025-12-01,254,insurance,107.25,APAC,USD,0.4222,128.43,-21.18,12.21
CST-000001299,WH-00024,2025-05-01,193,insurance,79.05,APAC,USD,0.4096,73.81,5.24,9.17
CST-000001300,WH-00010,2025-06-01,231,insurance,37.3,APAC,USD,0.1615,32.28,5.02,3.38
CST-000001301,WH-00010,2025-11-01,322,insurance,77.3,APAC,USD,0.2401,66.99,10.31,4.47
CST-000001302,WH-00008,2025-10-01,322,insurance,170.48,EMEA,USD,0.5294,178.43,-7.95,14.03
CST-000001303,WH-00018,2025-11-01,197,insurance,88.6,EMEA,USD,0.4497,104.65,-16.05,5.31
CST-000001304,WH-00024,2025-10-01,206,insurance,64.99,APAC,USD,0.3155,61.14,3.85,5.61
CST-000001305,WH-00004,2025-03-01,100,insurance,50.63,EMEA,USD,0.5063,57.97,-7.34,5.05
CST-000001306,WH-00007,2025-01-01,103,insurance,51.02,EMEA,USD,0.4953,46.38,4.64,5.35
CST-000001307,WH-00005,2025-12-01,198,insurance,95.09,EMEA,USD,0.4803,99.13,-4.04,9.19
CST-000001308,WH-00008,2025-09-01,269,insurance,58.46,EMEA,USD,0.2173,50.67,7.79,5.12
CST-000001309,WH-00005,2025-01-01,122,insurance,50.99,EMEA,USD,0.418,57.07,-6.08,3.92
CST-000001310,WH-00012,2025-12-01,333,insurance,60.44,EMEA,USD,0.1815,62.65,-2.21,7.12
CST-000001311,WH-00020,2025-01-01,150,insurance,20.45,APAC,USD,0.1363,23.03,-2.58,1.64
CST-000001312,WH-00021,2025-06-01,62,insurance,31.16,EMEA,USD,0.5026,36.22,-5.06,2.72
CST-000001313,WH-00012,2025-08-01,240,insurance,74.73,EMEA,USD,0.3114,71.25,3.48,8.57
CST-000001314,WH-00008,2025-06-01,246,insurance,92.54,EMEA,USD,0.3762,84.17,8.37,9.13
CST-000001315,WH-00019,2025-10-01,179,insurance,76.64,APAC,USD,0.4282,70.59,6.05,6.81
CST-000001316,WH-00015,2025-01-01,109,insurance,24.21,APAC,USD,0.2221,22.39,1.82,1.99
CST-000001317,WH-00012,2025-03-01,240,insurance,77.91,EMEA,USD,0.3246,82.12,-4.21,3.5
CST-000001318,WH-00009,2025-05-01,259,insurance,124.46,EMEA,USD,0.4805,149.33,-24.87,11.99
CST-000001319,WH-00008,2025-07-01,281,insurance,92.89,EMEA,USD,0.3306,96.4,-3.51,4.35
CST-000001320,WH-00008,2025-05-01,305,insurance,94.16,EMEA,USD,0.3087,109.67,-15.51,3.76
CST-000001321,WH-00004,2025-12-01,160,insurance,92.23,EMEA,USD,0.5764,103.8,-11.57,4.51
CST-000001322,WH-00006,2025-04-01,112,insurance,48.18,EMEA,USD,0.4302,54.59,-6.41,5.72
CST-000001323,WH-00017,2025-01-01,89,insurance,56.7,NA,USD,0.6371,52.84,3.86,6.07
CST-000001324,WH-00013,2025-03-01,118,insurance,30.77,APAC,USD,0.2608,32.0,-1.23,2.9
CST-000001325,WH-00024,2025-06-01,158,insurance,54.36,APAC,USD,0.3441,59.28,-4.92,1.76
CST-000001326,WH-00023,2025-04-01,181,insurance,35.66,LATAM,USD,0.197,40.13,-4.47,1.54
CST-000001327,WH-00013,2025-07-01,128,insurance,41.58,APAC,USD,0.3248,44.16,-2.58,2.0
CST-000001328,WH-00009,2025-12-01,326,insurance,66.38,EMEA,USD,0.2036,73.8,-7.42,5.84
CST-000001329,WH-00023,2025-07-01,190,insurance,26.55,LATAM,USD,0.1397,25.32,1.23,1.39
CST-000001330,WH-00008,2025-04-01,266,insurance,83.04,EMEA,USD,0.3122,87.31,-4.27,3.29
CST-000001331,WH-00022,2025-03-01,158,insurance,36.43,NA,USD,0.2306,38.6,-2.17,1.43
CST-000001332,WH-00003,2025-08-01,136,insurance,30.21,LATAM,USD,0.2221,26.62,3.59,3.32
CST-000001333,WH-00002,2025-12-01,276,insurance,85.78,EMEA,USD,0.3108,102.36,-16.58,4.1
CST-000001334,WH-00011,2025-01-01,107,insurance,38.06,NA,USD,0.3557,36.51,1.55,1.95
CST-000001335,WH-00023,2025-10-01,220,insurance,69.01,LATAM,USD,0.3137,63.48,5.53,4.38
CST-000001336,WH-00015,2025-03-01,123,insurance,42.23,APAC,USD,0.3433,39.14,3.09,3.6
CST-000001337,WH-00016,2025-01-01,188,insurance,78.48,APAC,USD,0.4174,69.41,9.07,6.82
CST-000001338,WH-00012,2025-05-01,252,insurance,110.16,EMEA,USD,0.4371,105.2,4.96,9.94
CST-000001339,WH-00004,2025-10-01,135,insurance,61.52,EMEA,USD,0.4557,65.82,-4.3,4.21
CST-000001340,WH-00011,2025-08-01,124,insurance,33.47,NA,USD,0.2699,34.55,-1.08,
CST-000001341,WH-00020,2025-06-01,172,insurance,33.41,APAC,USD,0.1942,40.06,-6.65,2.12
CST-000001342,WH-00001,2025-11-01,203,insurance,118.04,EMEA,USD,0.5815,107.53,10.51,8.24
CST-000001343,WH-00011,2025-07-01,130,insurance,38.78,NA,USD,0.2983,34.24,4.54,2.3
CST-000001344,WH-00013,2025-02-01,99,insurance,20.01,APAC,USD,0.2021,20.24,-0.23,2.12
CST-000001345,WH-00022,2025-08-01,155,insurance,61.74,NA,USD,0.3983,62.36,-0.62,5.01
CST-000001346,WH-00003,2025-06-01,139,insurance,27.53,LATAM,USD,0.1981,30.39,-2.86,2.69
CST-000001347,WH-00003,2025-07-01,104,insurance,12.61,LATAM,USD,0.1212,15.09,-2.48,1.01
CST-000001348,WH-00010,2025-01-01,229,insurance,37.99,APAC,USD,0.1659,35.66,2.33,3.52
CST-000001349,WH-00018,2025-01-01,138,insurance,42.06,EMEA,USD,0.3048,36.38,5.68,2.79
CST-000001350,WH-00001,2025-10-01,167,insurance,44.68,EMEA,USD,0.2675,49.54,-4.86,
CST-000001351,WH-00006,2025-12-01,168,insurance,26.29,EMEA,USD,0.1565,29.73,-3.44,1.52
CST-000001352,WH-00002,2025-06-01,196,insurance,54.11,EMEA,USD,0.2761,54.64,-0.53,3.54
CST-000001353,WH-00016,2025-08-01,203,insurance,46.9,APAC,USD,0.231,42.48,4.42,3.7
CST-000001354,WH-00018,2025-08-01,143,insurance,59.04,EMEA,USD,0.4129,68.78,-9.74,6.69
CST-000001355,WH-00018,2025-12-01,201,insurance,109.73,EMEA,USD,0.5459,116.55,-6.82,3.4
CST-000001356,WH-00012,2025-04-01,236,insurance,113.62,EMEA,USD,0.4814,103.85,9.77,13.46
CST-000001357,WH-00007,2025-07-01,103,insurance,37.88,EMEA,USD,0.3678,42.8,-4.92,1.44
CST-000001358,WH-00003,2025-10-01,109,insurance,21.58,LATAM,USD,0.198,20.61,0.97,2.16
CST-000001359,WH-00022,2025-11-01,232,insurance,125.78,NA,USD,0.5422,124.94,0.84,6.55
CST-000001360,WH-00009,2025-09-01,242,insurance,59.53,EMEA,USD,0.246,64.43,-4.9,2.3
CST-000001361,WH-00014,2025-04-01,222,insurance,74.91,EMEA,USD,0.3374,63.74,11.17,5.98
CST-000001362,WH-00014,2025-06-01,212,insurance,61.3,EMEA,USD,0.2892,67.32,-6.02,
CST-000001363,WH-00001,2025-08-01,129,insurance,64.84,EMEA,USD,0.5026,70.88,-6.04,2.26
CST-000001364,WH-00011,2025-04-01,130,insurance,40.96,NA,USD,0.3151,35.04,5.92,2.83
CST-000001365,WH-00006,2025-06-01,113,insurance,39.93,EMEA,USD,0.3534,46.06,-6.13,3.13
CST-000001366,WH-00002,2025-01-01,162,insurance,55.23,EMEA,USD,0.3409,62.14,-6.91,5.85
CST-000001367,WH-00016,2025-03-01,176,insurance,30.2,APAC,USD,0.1716,36.12,-5.92,3.38
CST-000001368,WH-00019,2025-08-01,148,insurance,17.99,APAC,USD,0.1216,19.53,-1.54,1.7
CST-000001369,WH-00005,2025-02-01,118,insurance,35.6,EMEA,USD,0.3017,35.91,-0.31,3.1
CST-000001370,WH-00022,2025-06-01,173,insurance,83.89,NA,USD,0.4849,97.39,-13.5,4.59
CST-000001371,WH-00020,2025-02-01,141,insurance,30.72,APAC,USD,0.2179,26.15,4.57,0.96
CST-000001372,WH-00006,2025-11-01,169,insurance,88.26,EMEA,USD,0.5222,85.78,2.48,9.54
CST-000001373,WH-00016,2025-06-01,190,insurance,29.18,APAC,USD,0.1536,27.7,1.48,0.98
CST-000001374,WH-00011,2025-09-01,133,insurance,79.63,NA,USD,0.5987,81.89,-2.26,
CST-000001375,WH-00001,2025-01-01,139,insurance,26.67,EMEA,USD,0.1919,25.94,0.73,1.65
CST-000001376,WH-00016,2025-10-01,218,insurance,71.67,APAC,USD,0.3288,67.73,3.94,5.3
CST-000001377,WH-00012,2025-07-01,270,insurance,66.57,EMEA,USD,0.2466,79.17,-12.6,5.94
CST-000001378,WH-00015,2025-11-01,170,insurance,77.97,APAC,USD,0.4586,85.55,-7.58,7.65
CST-000001379,WH-00004,2025-09-01,119,insurance,70.38,EMEA,USD,0.5914,79.05,-8.67,6.56
CST-000001380,WH-00018,2025-02-01,96,insurance,24.76,EMEA,USD,0.2579,21.12,3.64,2.79
CST-000001381,WH-00017,2025-12-01,141,insurance,80.27,NA,USD,0.5693,81.04,-0.77,3.04
CST-000001382,WH-00024,2025-03-01,168,insurance,26.92,APAC,USD,0.1602,30.48,-3.56,1.64
CST-000001383,WH-00007,2025-02-01,76,insurance,34.62,EMEA,USD,0.4555,31.11,3.51,3.86
CST-000001384,WH-00015,2025-06-01,127,insurance,44.23,APAC,USD,0.3483,50.28,-6.05,2.0
CST-000001385,WH-00020,2025-07-01,192,insurance,32.25,APAC,USD,0.168,35.65,-3.4,2.09
CST-000001386,WH-00006,2025-07-01,121,insurance,59.11,EMEA,USD,0.4885,70.49,-11.38,
CST-000001387,WH-00005,2025-11-01,175,insurance,27.36,EMEA,USD,0.1563,27.14,0.22,2.19
CST-000001388,WH-00005,2025-03-01,151,insurance,82.05,EMEA,USD,0.5434,85.82,-3.77,9.51
CST-000001389,WH-00024,2025-08-01,163,insurance,67.21,APAC,USD,0.4123,71.51,-4.3,4.89
CST-000001390,WH-00003,2025-11-01,163,insurance,43.01,LATAM,USD,0.2639,49.8,-6.79,4.89
CST-000001391,WH-00019,2025-01-01,141,insurance,63.91,APAC,USD,0.4533,57.04,6.87,3.05
CST-000001392,WH-00005,2025-09-01,172,insurance,58.81,EMEA,USD,0.3419,53.36,5.45,2.23
CST-000001393,WH-00010,2025-08-01,225,insurance,30.75,APAC,USD,0.1367,33.3,-2.55,1.1
CST-000001394,WH-00019,2025-06-01,137,insurance,44.17,APAC,USD,0.3224,44.6,-0.43,4.45
CST-000001395,WH-00018,2025-10-01,154,insurance,85.37,EMEA,USD,0.5544,84.84,0.53,6.96
CST-000001396,WH-00023,2025-11-01,237,insurance,91.34,LATAM,USD,0.3854,78.3,13.04,6.79
CST-000001397,WH-00015,2025-10-01,151,insurance,22.29,APAC,USD,0.1476,25.49,-3.2,1.29
CST-000001398,WH-00006,2025-09-01,117,insurance,58.03,EMEA,USD,0.496,65.23,-7.2,3.1
CST-000001399,WH-00019,2025-07-01,125,insurance,44.54,APAC,USD,0.3563,38.8,5.74,3.59
CST-000001400,WH-00014,2025-09-01,231,insurance,79.89,EMEA,USD,0.3458,72.69,7.2,8.33
CST-000001401,WH-00016,2025-05-01,195,insurance,86.9,APAC,USD,0.4456,86.18,0.72,5.2
CST-000001402,WH-00005,2025-06-01,136,insurance,35.12,EMEA,USD,0.2582,35.61,-0.49,3.67
CST-000001403,WH-00017,2025-10-01,111,insurance,62.39,NA,USD,0.5621,70.0,-7.61,4.79
CST-000001404,WH-00009,2025-11-01,334,insurance,59.42,EMEA,USD,0.1779,62.02,-2.6,6.39
CST-000001405,WH-00022,2025-12-01,238,insurance,72.4,NA,USD,0.3042,69.94,2.46,7.36
CST-000001406,WH-00003,2025-02-01,107,insurance,11.5,LATAM,USD,0.1075,10.36,1.14,1.24
CST-000001407,WH-00006,2025-03-01,119,insurance,46.03,EMEA,USD,0.3868,47.57,-1.54,4.87
CST-000001408,WH-00020,2025-05-01,209,insurance,53.54,APAC,USD,0.2562,47.58,5.96,
CST-000001409,WH-00011,2025-11-01,174,insurance,75.78,NA,USD,0.4355,82.71,-6.93,4.36
CST-000001410,WH-00020,2025-09-01,175,insurance,51.05,APAC,USD,0.2917,43.43,7.62,2.67
CST-000001411,WH-00023,2025-06-01,187,insurance,30.93,LATAM,USD,0.1654,36.36,-5.43,3.69
CST-000001412,WH-00014,2025-05-01,211,insurance,83.55,EMEA,USD,0.396,71.35,12.2,3.47
CST-000001413,WH-00015,2025-04-01,128,insurance,46.27,APAC,USD,0.3615,43.57,2.7,3.13
CST-000001414,WH-00012,2025-06-01,230,insurance,125.83,EMEA,USD,0.5471,125.09,0.74,4.82
CST-000001415,WH-00011,2025-02-01,95,insurance,52.92,NA,USD,0.5571,55.3,-2.38,3.34
CST-000001416,WH-00021,2025-12-01,123,insurance,67.88,EMEA,USD,0.5519,64.23,3.65,
CST-000001417,WH-00020,2025-10-01,185,insurance,59.94,APAC,USD,0.324,57.31,2.63,3.84
CST-000001418,WH-00021,2025-01-01,81,insurance,42.68,EMEA,USD,0.5269,41.37,1.31,3.69
CST-000001419,WH-00006,2025-02-01,88,insurance,20.5,EMEA,USD,0.233,22.75,-2.25,1.98
CST-000001420,WH-00007,2025-04-01,99,insurance,38.79,EMEA,USD,0.3918,33.71,5.08,
CST-000001421,WH-00010,2025-12-01,319,insurance,117.42,APAC,USD,0.3681,132.2,-14.78,4.86
CST-000001422,WH-00014,2025-10-01,232,insurance,72.5,EMEA,USD,0.3125,61.94,10.56,6.37
CST-000001423,WH-00025,2025-10-01,108,insurance,58.9,EMEA,USD,0.5454,69.2,-10.3,6.49
CST-000001424,WH-00006,2025-05-01,118,insurance,36.57,EMEA,USD,0.3099,31.85,4.72,4.38
CST-000001425,WH-00003,2025-09-01,144,insurance,40.85,LATAM,USD,0.2837,37.33,3.52,4.37
CST-000001426,WH-00014,2025-03-01,204,insurance,54.44,EMEA,USD,0.2669,47.19,7.25,3.09
CST-000001427,WH-00024,2025-04-01,175,insurance,51.62,APAC,USD,0.295,59.91,-8.29,4.94
CST-000001428,WH-00011,2025-12-01,205,insurance,130.86,NA,USD,0.6383,120.5,10.36,
CST-000001429,WH-00019,2025-02-01,131,insurance,55.32,APAC,USD,0.4223,53.71,1.61,4.87
CST-000001430,WH-00013,2025-08-01,135,insurance,51.59,APAC,USD,0.3821,46.55,5.04,
CST-000001431,WH-00007,2025-03-01,90,insurance,40.42,EMEA,USD,0.4491,48.41,-7.99,2.87
CST-000001432,WH-00003,2025-03-01,131,insurance,20.29,LATAM,USD,0.1549,19.75,0.54,0.63
CST-000001433,WH-00008,2025-02-01,196,insurance,109.09,EMEA,USD,0.5566,100.26,8.83,5.54
CST-000001434,WH-00002,2025-10-01,233,insurance,58.42,EMEA,USD,0.2507,49.8,8.62,3.87
CST-000001435,WH-00021,2025-03-01,85,insurance,32.16,EMEA,USD,0.3784,31.02,1.14,2.25
CST-000001436,WH-00001,2025-05-01,143,insurance,68.31,EMEA,USD,0.4777,79.16,-10.85,6.33
CST-000001437,WH-00025,2025-05-01,101,insurance,39.44,EMEA,USD,0.3905,37.66,1.78,4.05
CST-000001438,WH-00005,2025-08-01,144,insurance,39.13,EMEA,USD,0.2717,36.13,3.0,1.24
CST-000001439,WH-00017,2025-03-01,97,insurance,23.38,NA,USD,0.241,21.59,1.79,1.9
CST-000001440,WH-00007,2025-10-01,121,insurance,44.16,EMEA,USD,0.365,39.91,4.25,1.92
CST-000001441,WH-00016,2025-09-01,221,insurance,72.7,APAC,USD,0.329,70.07,2.63,5.51
CST-000001442,WH-00010,2025-02-01,198,insurance,50.83,APAC,USD,0.2567,49.18,1.65,4.32
CST-000001443,WH-00013,2025-01-01,123,insurance,19.37,APAC,USD,0.1575,17.16,2.21,1.41
CST-000001444,WH-00013,2025-10-01,150,insurance,46.78,APAC,USD,0.3119,43.78,3.0,2.86
CST-000001445,WH-00025,2025-07-01,94,insurance,23.98,EMEA,USD,0.2551,25.97,-1.99,1.48
CST-000001446,WH-00001,2025-03-01,137,insurance,26.97,EMEA,USD,0.1969,25.31,1.66,3.11
CST-000001447,WH-00013,2025-04-01,132,insurance,46.96,APAC,USD,0.3558,55.57,-8.61,3.87
CST-000001448,WH-00018,2025-06-01,120,insurance,29.99,EMEA,USD,0.2499,28.87,1.12,2.5
CST-000001449,WH-00002,2025-02-01,142,insurance,37.06,EMEA,USD,0.261,41.13,-4.07,3.68
CST-000001450,WH-00014,2025-07-01,201,insurance,98.98,EMEA,USD,0.4924,98.64,0.34,11.44
CST-000001451,WH-00006,2025-01-01,99,insurance,16.05,EMEA,USD,0.1621,19.08,-3.03,0.55
CST-000001452,WH-00024,2025-12-01,246,insurance,71.28,APAC,USD,0.2898,71.97,-0.69,5.85
CST-000001453,WH-00016,2025-02-01,153,insurance,23.66,APAC,USD,0.1546,22.49,1.17,2.47
CST-000001454,WH-00003,2025-01-01,114,insurance,14.23,LATAM,USD,0.1248,14.45,-0.22,0.58
CST-000001455,WH-00025,2025-01-01,69,insurance,25.1,EMEA,USD,0.3638,23.14,1.96,0.89
CST-000001456,WH-00020,2025-04-01,182,insurance,46.47,APAC,USD,0.2553,43.09,3.38,2.79
CST-000001457,WH-00003,2025-04-01,118,insurance,47.29,LATAM,USD,0.4008,47.59,-0.3,3.84
CST-000001458,WH-00005,2025-04-01,117,insurance,26.9,EMEA,USD,0.2299,29.82,-2.92,2.3
CST-000001459,WH-00017,2025-11-01,112,insurance,68.67,NA,USD,0.6131,63.61,5.06,7.41
CST-000001460,WH-00004,2025-04-01,97,insurance,51.64,EMEA,USD,0.5324,56.9,-5.26,4.66
CST-000001461,WH-00017,2025-06-01,92,insurance,48.51,NA,USD,0.5273,51.64,-3.13,3.78
CST-000001462,WH-00018,2025-03-01,134,insurance,63.02,EMEA,USD,0.4703,71.66,-8.64,
CST-000001463,WH-00022,2025-09-01,176,insurance,85.85,NA,USD,0.4878,101.99,-16.14,2.64
CST-000001464,WH-00003,2025-05-01,104,insurance,11.51,LATAM,USD,0.1107,12.07,-0.56,0.35
CST-000001465,WH-00001,2025-07-01,138,insurance,28.03,EMEA,USD,0.2031,30.93,-2.9,3.27
CST-000001466,WH-00025,2025-03-01,89,insurance,35.17,EMEA,USD,0.3952,31.51,3.66,3.13
CST-000001467,WH-00015,2025-09-01,137,insurance,62.66,APAC,USD,0.4574,62.46,0.2,4.81
CST-000001468,WH-00004,2025-02-01,77,insurance,38.99,EMEA,USD,0.5064,40.44,-1.45,3.81
CST-000001469,WH-00004,2025-01-01,101,insurance,50.55,EMEA,USD,0.5005,46.83,3.72,5.92
CST-000001470,WH-00022,2025-02-01,123,insurance,74.54,NA,USD,0.606,70.1,4.44,6.63
CST-000001471,WH-00011,2025-10-01,149,insurance,90.32,NA,USD,0.6062,77.59,12.73,7.86
CST-000001472,WH-00022,2025-01-01,134,insurance,48.27,NA,USD,0.3602,46.14,2.13,2.34
CST-000001473,WH-00019,2025-09-01,134,insurance,27.95,APAC,USD,0.2086,26.06,1.89,2.56
CST-000001474,WH-00010,2025-03-01,224,insurance,36.61,APAC,USD,0.1634,33.0,3.61,1.67
CST-000001475,WH-00002,2025-08-01,158,insurance,38.77,EMEA,USD,0.2454,41.03,-2.26,4.59
CST-000001476,WH-00018,2025-04-01,124,insurance,44.21,EMEA,USD,0.3565,44.64,-0.43,1.81
CST-000001477,WH-00001,2025-02-01,99,insurance,43.95,EMEA,USD,0.4439,42.7,1.25,3.23
CST-000001478,WH-00025,2025-04-01,103,insurance,50.47,EMEA,USD,0.49,56.77,-6.3,2.88
CST-000001479,WH-00019,2025-04-01,131,insurance,20.18,APAC,USD,0.154,17.92,2.26,1.68
CST-000001480,WH-00017,2025-05-01,109,insurance,25.88,NA,USD,0.2374,26.85,-0.97,1.46
CST-000001481,WH-00023,2025-03-01,161,insurance,17.0,LATAM,USD,0.1056,19.87,-2.87,0.58
CST-000001482,WH-00022,2025-04-01,155,insurance,54.62,NA,USD,0.3524,61.79,-7.17,5.13
CST-000001483,WH-00004,2025-08-01,107,insurance,30.71,EMEA,USD,0.287,33.12,-2.41,2.8
CST-000001484,WH-00013,2025-09-01,142,insurance,23.19,APAC,USD,0.1633,24.36,-1.17,1.9
CST-000001485,WH-00019,2025-03-01,130,insurance,29.66,APAC,USD,0.2282,26.15,3.51,
CST-000001486,WH-00007,2025-08-01,99,insurance,50.41,EMEA,USD,0.5092,48.02,2.39,2.99
CST-000001487,WH-00025,2025-12-01,130,insurance,48.86,EMEA,USD,0.3758,54.21,-5.35,2.0
CST-000001488,WH-00001,2025-09-01,122,insurance,55.13,EMEA,USD,0.4519,57.59,-2.46,6.32
CST-000001489,WH-00021,2025-08-01,74,insurance,17.08,EMEA,USD,0.2308,19.6,-2.52,1.17
CST-000001490,WH-00004,2025-06-01,99,insurance,21.31,EMEA,USD,0.2153,19.86,1.45,1.65
CST-000001491,WH-00015,2025-02-01,98,insurance,42.79,APAC,USD,0.4366,46.82,-4.03,2.6
CST-000001492,WH-00015,2025-08-01,132,insurance,44.92,APAC,USD,0.3403,44.66,0.26,3.86
CST-000001493,WH-00021,2025-07-01,80,insurance,23.54,EMEA,USD,0.2942,20.78,2.76,1.28
CST-000001494,WH-00021,2025-02-01,50,insurance,11.62,EMEA,USD,0.2324,11.29,0.33,1.36
CST-000001495,WH-00021,2025-09-01,98,insurance,33.96,EMEA,USD,0.3465,30.93,3.03,2.4
CST-000001496,WH-00021,2025-04-01,83,insurance,32.24,EMEA,USD,0.3884,38.09,-5.85,1.3
CST-000001497,WH-00021,2025-05-01,91,insurance,43.56,EMEA,USD,0.4787,47.6,-4.04,3.48
CST-000001498,WH-00025,2025-08-01,77,insurance,13.86,EMEA,USD,0.18,14.35,-0.49,1.14
CST-000001499,WH-00017,2025-09-01,98,insurance,53.41,NA,USD,0.545,47.75,5.66,5.34
CST-000001500,WH-00025,2025-02-01,59,insurance,25.39,EMEA,USD,0.4303,25.29,0.1,
CST-000001501,WH-00016,2025-11-01,282,warehousing,110996.13,APAC,USD,393.6033,128728.3,-17732.17,9595.63
CST-000001502,WH-00004,2025-05-01,132,warehousing,476.34,EMEA,USD,3.6086,520.86,-44.52,38.49
CST-000001503,WH-00020,2025-08-01,181,warehousing,94843.11,APAC,USD,523.9951,96872.11,-2029.0,7739.48
CST-000001504,WH-00005,2025-10-01,187,warehousing,81511.43,EMEA,USD,435.89,75177.95,6333.48,6100.67
CST-000001505,WH-00010,2025-09-01,236,warehousing,15832.2,APAC,USD,67.0856,17448.62,-1616.42,
CST-000001506,WH-00025,2025-11-01,126,warehousing,1076.75,EMEA,USD,8.5456,1205.53,-128.78,110.65
CST-000001507,WH-00012,2025-09-01,251,warehousing,32272.41,EMEA,USD,128.5753,33513.07,-1240.66,2606.63
CST-000001508,WH-00001,2025-04-01,123,warehousing,1919.32,EMEA,USD,15.6042,2041.36,-122.04,183.38
CST-000001509,WH-00009,2025-08-01,221,warehousing,18578.69,EMEA,USD,84.0665,18663.78,-85.09,1444.29
CST-000001510,WH-00007,2025-12-01,157,warehousing,4911.1,EMEA,USD,31.2809,4859.57,51.53,223.52
CST-000001511,WH-00022,2025-05-01,194,warehousing,28088.93,NA,USD,144.7883,25072.66,3016.27,1637.41
CST-000001512,WH-00002,2025-03-01,194,warehousing,109063.93,EMEA,USD,562.1852,128445.29,-19381.36,8747.98
CST-000001513,WH-00024,2025-07-01,173,warehousing,69859.07,APAC,USD,403.8097,67461.06,2398.01,2492.71
CST-000001514,WH-00010,2025-07-01,211,warehousing,17555.28,APAC,USD,83.2004,15400.2,2155.08,1809.6
CST-000001515,WH-00012,2025-02-01,199,warehousing,32306.28,EMEA,USD,162.3431,35173.95,-2867.67,3045.92
CST-000001516,WH-00017,2025-04-01,102,warehousing,1332.75,NA,USD,13.0662,1393.27,-60.52,153.8
CST-000001517,WH-00005,2025-05-01,158,warehousing,83772.76,EMEA,USD,530.2073,81742.5,2030.26,6855.71
CST-000001518,WH-00019,2025-05-01,168,warehousing,1307.16,APAC,USD,7.7807,1202.47,104.69,
CST-000001519,WH-00017,2025-08-01,100,warehousing,1484.73,NA,USD,14.8473,1664.91,-180.18,122.02
CST-000001520,WH-00012,2025-01-01,257,warehousing,27750.74,EMEA,USD,107.9795,28128.5,-377.76,1249.13
CST-000001521,WH-00013,2025-11-01,193,warehousing,1091.5,APAC,USD,5.6554,1144.71,-53.21,64.6
CST-000001522,WH-00009,2025-01-01,232,warehousing,17937.73,EMEA,USD,77.3178,19955.73,-2018.0,
CST-000001523,WH-00009,2025-02-01,200,warehousing,18040.73,EMEA,USD,90.2036,16942.02,1098.71,979.92
CST-000001524,WH-00023,2025-12-01,243,warehousing,22611.86,LATAM,USD,93.0529,23252.0,-640.14,2298.17
CST-000001525,WH-00017,2025-07-01,98,warehousing,1278.76,NA,USD,13.0486,1487.45,-208.69,83.45
CST-000001526,WH-00008,2025-08-01,278,warehousing,20936.34,EMEA,USD,75.3106,24551.53,-3615.19,1475.95
CST-000001527,WH-00007,2025-06-01,98,warehousing,3726.53,EMEA,USD,38.0258,3957.82,-231.29,444.86
CST-000001528,WH-00009,2025-07-01,263,warehousing,22599.47,EMEA,USD,85.9295,22261.74,337.73,1616.07
CST-000001529,WH-00010,2025-05-01,245,warehousing,20062.62,APAC,USD,81.8882,23868.05,-3805.43,779.0
CST-000001530,WH-00025,2025-06-01,103,warehousing,893.74,EMEA,USD,8.6771,1049.79,-156.05,70.03
CST-000001531,WH-00013,2025-06-01,124,warehousing,1334.48,APAC,USD,10.7619,1259.96,74.52,64.44
CST-000001532,WH-00016,2025-04-01,174,warehousing,126536.56,APAC,USD,727.2216,109555.18,16981.38,14138.71
CST-000001533,WH-00002,2025-05-01,203,warehousing,75494.97,EMEA,USD,371.8964,70134.06,5360.91,7390.5
CST-000001534,WH-00019,2025-11-01,205,warehousing,937.58,APAC,USD,4.5736,987.53,-49.95,101.63
CST-000001535,WH-00015,2025-05-01,130,warehousing,63113.46,APAC,USD,485.4882,55829.56,7283.9,5987.89
CST-000001536,WH-00018,2025-09-01,140,warehousing,48815.54,EMEA,USD,348.6824,58367.92,-9552.38,3120.03
CST-000001537,WH-00008,2025-03-01,255,warehousing,18366.99,EMEA,USD,72.0274,17363.53,1003.46,1845.64
CST-000001538,WH-00004,2025-07-01,129,warehousing,462.59,EMEA,USD,3.586,403.88,58.71,37.33
CST-000001539,WH-00014,2025-08-01,227,warehousing,45450.09,EMEA,USD,200.2207,47031.12,-1581.03,2751.59
CST-000001540,WH-00022,2025-10-01,202,warehousing,26324.9,NA,USD,130.3213,26571.84,-246.94,
CST-000001541,WH-00008,2025-01-01,271,warehousing,16221.42,EMEA,USD,59.8576,17554.14,-1332.72,
CST-000001542,WH-00009,2025-03-01,219,warehousing,21680.78,EMEA,USD,98.999,22808.6,-1127.82,
CST-000001543,WH-00007,2025-05-01,118,warehousing,4223.21,EMEA,USD,35.7899,3673.29,549.92,215.89
CST-000001544,WH-00014,2025-02-01,167,warehousing,46912.51,EMEA,USD,280.9132,43782.25,3130.26,3063.76
CST-000001545,WH-00018,2025-05-01,132,warehousing,38933.6,EMEA,USD,294.9515,35640.87,3292.73,2483.19
CST-000001546,WH-00001,2025-06-01,144,warehousing,1863.73,EMEA,USD,12.9426,1616.85,246.88,67.13
CST-000001547,WH-00008,2025-11-01,367,warehousing,20890.49,EMEA,USD,56.9223,20021.09,869.4,1527.23
CST-000001548,WH-00010,2025-04-01,221,warehousing,17244.73,APAC,USD,78.0305,15973.39,1271.34,1195.78
CST-000001549,WH-00006,2025-10-01,133,warehousing,105889.33,EMEA,USD,796.1604,91384.78,14504.55,5653.67
CST-000001550,WH-00013,2025-12-01,201,warehousing,1270.21,APAC,USD,6.3195,1324.61,-54.4,103.94
CST-000001551,WH-00012,2025-11-01,335,warehousing,23461.84,EMEA,USD,70.0353,22543.28,918.56,1824.3
CST-000001552,WH-00005,2025-07-01,121,warehousing,104639.7,EMEA,USD,864.7909,104196.54,443.16,11537.9
CST-000001553,WH-00014,2025-11-01,282,warehousing,43718.15,EMEA,USD,155.0289,38738.26,4979.89,
CST-000001554,WH-00003,2025-12-01,188,warehousing,53903.07,LATAM,USD,286.7185,63434.76,-9531.69,2158.79
CST-000001555,WH-00013,2025-05-01,147,warehousing,1274.71,APAC,USD,8.6715,1452.02,-177.31,127.76
CST-000001556,WH-00002,2025-04-01,176,warehousing,73344.46,EMEA,USD,416.7299,73903.6,-559.14,4565.31
CST-000001557,WH-00007,2025-11-01,132,warehousing,3457.81,EMEA,USD,26.1955,3896.89,-439.08,306.18
CST-000001558,WH-00024,2025-01-01,134,warehousing,72460.95,APAC,USD,540.7534,77081.56,-4620.61,8529.93
CST-000001559,WH-00001,2025-12-01,210,warehousing,1740.86,EMEA,USD,8.2898,1517.92,222.94,98.78
CST-000001560,WH-00009,2025-10-01,253,warehousing,16639.15,EMEA,USD,65.7674,14940.88,1698.27,1065.75
CST-000001561,WH-00011,2025-05-01,127,warehousing,307899.56,NA,USD,2424.406,296803.0,11096.56,21232.76
CST-000001562,WH-00002,2025-09-01,193,warehousing,101243.1,EMEA,USD,524.5756,111396.68,-10153.58,3048.97
CST-000001563,WH-00002,2025-07-01,166,warehousing,106471.58,EMEA,USD,641.3951,121026.37,-14554.79,5406.73
CST-000001564,WH-00014,2025-01-01,183,warehousing,42776.29,EMEA,USD,233.7502,50931.05,-8154.76,4932.21
CST-000001565,WH-00007,2025-09-01,104,warehousing,3631.24,EMEA,USD,34.9158,4184.2,-552.96,
CST-000001566,WH-00010,2025-10-01,252,warehousing,19398.83,APAC,USD,76.9795,17222.35,2176.48,1916.38
CST-000001567,WH-00008,2025-12-01,374,warehousing,18252.63,EMEA,USD,48.8038,19240.93,-988.3,878.51
CST-000001568,WH-00015,2025-12-01,174,warehousing,82394.19,APAC,USD,473.5298,73359.86,9034.33,2623.16
CST-000001569,WH-00025,2025-09-01,91,warehousing,757.02,EMEA,USD,8.3189,844.64,-87.62,83.94
CST-000001570,WH-00004,2025-11-01,172,warehousing,641.75,EMEA,USD,3.7311,622.43,19.32,27.13
CST-000001571,WH-00016,2025-12-01,311,warehousing,109318.5,APAC,USD,351.5064,114154.88,-4836.38,6131.44
CST-000001572,WH-00023,2025-09-01,180,warehousing,20025.49,LATAM,USD,111.2527,22686.19,-2660.7,1794.76
CST-000001573,WH-00024,2025-11-01,212,warehousing,79407.36,APAC,USD,374.563,74815.73,4591.63,3400.79
CST-000001574,WH-00012,2025-10-01,282,warehousing,22002.53,EMEA,USD,78.0232,22431.8,-429.27,1271.93
CST-000001575,WH-00024,2025-09-01,178,warehousing,55711.93,APAC,USD,312.9884,64187.49,-8475.56,4285.09
CST-000001576,WH-00023,2025-05-01,191,warehousing,14871.87,LATAM,USD,77.8632,13586.23,1285.64,1703.67
CST-000001577,WH-00009,2025-04-01,230,warehousing,16431.52,EMEA,USD,71.4414,16040.27,391.25,1203.48
CST-000001578,WH-00023,2025-08-01,173,warehousing,20299.49,LATAM,USD,117.3381,18755.87,1543.62,1928.35
CST-000001579,WH-00002,2025-11-01,260,warehousing,101351.75,EMEA,USD,389.8144,93489.1,7862.65,6047.92
CST-000001580,WH-00016,2025-07-01,190,warehousing,119355.86,APAC,USD,628.1887,130828.21,-11472.35,8631.51
CST-000001581,WH-00023,2025-01-01,175,warehousing,20074.46,LATAM,USD,114.7112,19654.1,420.36,1834.23
CST-000001582,WH-00020,2025-03-01,178,warehousing,103720.23,APAC,USD,582.6979,118110.35,-14390.12,9378.81
CST-000001583,WH-00011,2025-06-01,139,warehousing,381674.73,NA,USD,2745.8614,345977.91,35696.82,15353.73
CST-000001584,WH-00017,2025-02-01,73,warehousing,1392.0,NA,USD,19.0685,1550.08,-158.08,128.07
CST-000001585,WH-00022,2025-07-01,159,warehousing,26095.23,NA,USD,164.1209,31262.97,-5167.74,2379.6
CST-000001586,WH-00021,2025-10-01,91,warehousing,43595.25,EMEA,USD,479.0687,46904.03,-3308.78,4614.75
CST-000001587,WH-00009,2025-06-01,251,warehousing,22948.95,EMEA,USD,91.4301,26056.13,-3107.18,1677.78
CST-000001588,WH-00021,2025-11-01,101,warehousing,45893.86,EMEA,USD,454.3947,47720.91,-1827.05,3342.52
CST-000001589,WH-00006,2025-08-01,120,warehousing,100491.69,EMEA,USD,837.4308,100611.56,-119.87,11153.39
CST-000001590,WH-00020,2025-11-01,241,warehousing,118090.89,APAC,USD,490.0037,124568.85,-6477.96,12589.32
CST-000001591,WH-00023,2025-02-01,169,warehousing,19873.73,LATAM,USD,117.596,20697.17,-823.44,1227.22
CST-000001592,WH-00015,2025-07-01,141,warehousing,88858.49,APAC,USD,630.2021,98772.42,-9913.93,7257.71
CST-000001593,WH-00014,2025-12-01,281,warehousing,47974.3,EMEA,USD,170.727,47931.31,42.99,4917.2
CST-000001594,WH-00011,2025-03-01,134,warehousing,283137.53,NA,USD,2112.9666,291098.03,-7960.5,11448.0
CST-000001595,WH-00024,2025-02-01,129,warehousing,63616.85,APAC,USD,493.1539,68001.4,-4384.55,1910.47
CST-000001596,WH-00018,2025-07-01,120,warehousing,41576.84,EMEA,USD,346.4737,49133.69,-7556.85,3224.41
CST-000001597,WH-00019,2025-12-01,195,warehousing,1230.19,APAC,USD,6.3087,1441.4,-211.21,120.88
CST-000001598,WH-00020,2025-12-01,254,warehousing,86515.49,APAC,USD,340.6122,89341.23,-2825.74,7789.73
CST-000001599,WH-00024,2025-05-01,193,warehousing,60587.6,APAC,USD,313.9254,65887.56,-5299.96,4888.76
CST-000001600,WH-00010,2025-06-01,231,warehousing,18702.35,APAC,USD,80.9626,19151.54,-449.19,2227.98
CST-000001601,WH-00010,2025-11-01,322,warehousing,21523.85,APAC,USD,66.8443,25425.93,-3902.08,875.76
CST-000001602,WH-00008,2025-10-01,322,warehousing,16620.01,EMEA,USD,51.6149,16145.95,474.06,1107.31
CST-000001603,WH-00018,2025-11-01,197,warehousing,44513.89,EMEA,USD,225.9588,49112.97,-4599.08,3393.5
CST-000001604,WH-00024,2025-10-01,206,warehousing,75569.39,APAC,USD,366.8417,89846.27,-14276.88,7552.02
CST-000001605,WH-00004,2025-03-01,100,warehousing,566.48,EMEA,USD,5.6648,542.1,24.38,40.59
CST-000001606,WH-00007,2025-01-01,103,warehousing,3975.46,EMEA,USD,38.5967,3925.05,50.41,212.04
CST-000001607,WH-00005,2025-12-01,198,warehousing,118923.63,EMEA,USD,600.6244,133834.57,-14910.94,3938.39
CST-000001608,WH-00008,2025-09-01,269,warehousing,22040.64,EMEA,USD,81.9355,22411.57,-370.93,2524.38
CST-000001609,WH-00005,2025-01-01,122,warehousing,118407.27,EMEA,USD,970.5514,137788.96,-19381.69,4195.25
CST-000001610,WH-00012,2025-12-01,333,warehousing,31784.06,EMEA,USD,95.4476,31012.51,771.55,3574.58
CST-000001611,WH-00020,2025-01-01,150,warehousing,88299.48,APAC,USD,588.6632,87702.37,597.11,3254.22
CST-000001612,WH-00021,2025-06-01,62,warehousing,43478.86,EMEA,USD,701.2719,48511.05,-5032.19,1978.16
CST-000001613,WH-00012,2025-08-01,240,warehousing,31232.17,EMEA,USD,130.134,35814.39,-4582.22,2495.64
CST-000001614,WH-00008,2025-06-01,246,warehousing,16306.89,EMEA,USD,66.2882,13948.01,2358.88,1740.43
CST-000001615,WH-00019,2025-10-01,179,warehousing,959.33,APAC,USD,5.3594,1116.62,-157.29,105.44
CST-000001616,WH-00015,2025-01-01,109,warehousing,80892.93,APAC,USD,742.137,70434.03,10458.9,
CST-000001617,WH-00012,2025-03-01,240,warehousing,26391.18,EMEA,USD,109.9632,31085.65,-4694.47,2504.31
CST-000001618,WH-00009,2025-05-01,259,warehousing,21888.75,EMEA,USD,84.5125,20862.06,1026.69,2257.16
CST-000001619,WH-00008,2025-07-01,281,warehousing,19623.25,EMEA,USD,69.8336,18214.68,1408.57,1442.71
CST-000001620,WH-00008,2025-05-01,305,warehousing,20167.25,EMEA,USD,66.1221,22735.31,-2568.06,1697.95
CST-000001621,WH-00004,2025-12-01,160,warehousing,583.4,EMEA,USD,3.6462,520.99,62.41,44.65
CST-000001622,WH-00006,2025-04-01,112,warehousing,76387.0,EMEA,USD,682.0268,86680.22,-10293.22,3128.27
CST-000001623,WH-00017,2025-01-01,89,warehousing,1029.78,NA,USD,11.5706,956.72,73.06,78.19
CST-000001624,WH-00013,2025-03-01,118,warehousing,1350.82,APAC,USD,11.4476,1265.74,85.08,45.85
CST-000001625,WH-00024,2025-06-01,158,warehousing,59672.19,APAC,USD,377.6721,69339.61,-9667.42,4845.01
CST-000001626,WH-00023,2025-04-01,181,warehousing,15498.97,LATAM,USD,85.6297,13820.76,1678.21,841.87
CST-000001627,WH-00013,2025-07-01,128,warehousing,1523.59,APAC,USD,11.903,1420.67,102.92,74.48
CST-000001628,WH-00009,2025-12-01,326,warehousing,21437.87,EMEA,USD,65.7603,18327.97,3109.9,1858.66
CST-000001629,WH-00023,2025-07-01,190,warehousing,21204.6,LATAM,USD,111.6032,19139.22,2065.38,1741.6
CST-000001630,WH-00008,2025-04-01,266,warehousing,23438.83,EMEA,USD,88.1159,20043.64,3395.19,2666.62
CST-000001631,WH-00022,2025-03-01,158,warehousing,20890.97,NA,USD,132.2213,21818.68,-927.71,2479.2
CST-000001632,WH-00003,2025-08-01,136,warehousing,52270.11,LATAM,USD,384.339,62606.29,-10336.18,1715.73
CST-000001633,WH-00002,2025-12-01,276,warehousing,75020.03,EMEA,USD,271.8117,67427.04,7592.99,5431.94
CST-000001634,WH-00011,2025-01-01,107,warehousing,326660.52,NA,USD,3052.9021,381130.72,-54470.2,20583.53
CST-000001635,WH-00023,2025-10-01,220,warehousing,22807.18,LATAM,USD,103.669,20992.32,1814.86,1198.86
CST-000001636,WH-00015,2025-03-01,123,warehousing,82434.46,APAC,USD,670.1989,93271.18,-10836.72,6230.73
CST-000001637,WH-00016,2025-01-01,188,warehousing,92299.96,APAC,USD,490.9572,83368.59,8931.37,9725.94
CST-000001638,WH-00012,2025-05-01,252,warehousing,30556.23,EMEA,USD,121.2549,33723.87,-3167.64,1329.02
CST-000001639,WH-00004,2025-10-01,135,warehousing,557.73,EMEA,USD,4.1313,652.05,-94.32,22.17
CST-000001640,WH-00011,2025-08-01,124,warehousing,380456.73,NA,USD,3068.1994,396651.89,-16195.16,43068.91
CST-000001641,WH-00020,2025-06-01,172,warehousing,82901.56,APAC,USD,481.9858,74320.74,8580.82,3783.8
CST-000001642,WH-00001,2025-11-01,203,warehousing,1903.08,EMEA,USD,9.3748,2043.4,-140.32,75.73
CST-000001643,WH-00011,2025-07-01,130,warehousing,290150.7,NA,USD,2231.9285,332656.38,-42505.68,19263.61
CST-000001644,WH-00013,2025-02-01,99,warehousing,1479.08,APAC,USD,14.9402,1601.28,-122.2,157.46
CST-000001645,WH-00022,2025-08-01,155,warehousing,19278.91,NA,USD,124.3801,17084.22,2194.69,2063.07
CST-000001646,WH-00003,2025-06-01,139,warehousing,52646.33,LATAM,USD,378.7506,45194.84,7451.49,3009.62
CST-000001647,WH-00003,2025-07-01,104,warehousing,60904.56,LATAM,USD,585.6208,61416.14,-511.58,4888.62
CST-000001648,WH-00010,2025-01-01,229,warehousing,21172.43,APAC,USD,92.456,18589.26,2583.17,2270.18
CST-000001649,WH-00018,2025-01-01,138,warehousing,51844.75,EMEA,USD,375.6866,50890.12,954.63,6071.56
CST-000001650,WH-00001,2025-10-01,167,warehousing,1601.11,EMEA,USD,9.5875,1525.25,75.86,55.6
CST-000001651,WH-00006,2025-12-01,168,warehousing,101910.84,EMEA,USD,606.6121,115728.26,-13817.42,11552.31
CST-000001652,WH-00002,2025-06-01,196,warehousing,97144.57,EMEA,USD,495.6356,108443.75,-11299.18,4928.47
CST-000001653,WH-00016,2025-08-01,203,warehousing,105316.11,APAC,USD,518.7986,120193.75,-14877.64,
CST-000001654,WH-00018,2025-08-01,143,warehousing,39977.5,EMEA,USD,279.5629,43944.09,-3966.59,3916.45
CST-000001655,WH-00018,2025-12-01,201,warehousing,35400.82,EMEA,USD,176.1235,39603.45,-4202.63,3442.73
CST-000001656,WH-00012,2025-04-01,236,warehousing,31793.04,EMEA,USD,134.7163,30139.34,1653.7,3292.49
CST-000001657,WH-00007,2025-07-01,103,warehousing,3997.05,EMEA,USD,38.8063,4416.16,-419.11,419.33
CST-000001658,WH-00003,2025-10-01,109,warehousing,43775.58,LATAM,USD,401.6108,39996.78,3778.8,5045.98
CST-000001659,WH-00022,2025-11-01,232,warehousing,26652.18,NA,USD,114.8801,24202.85,2449.33,912.58
CST-000001660,WH-00009,2025-09-01,242,warehousing,20134.87,EMEA,USD,83.2019,17980.07,2154.8,2147.13
CST-000001661,WH-00014,2025-04-01,222,warehousing,39484.16,EMEA,USD,177.8566,46172.65,-6688.49,4059.63
CST-000001662,WH-00014,2025-06-01,212,warehousing,32893.63,EMEA,USD,155.1586,31439.59,1454.04,1415.75
CST-000001663,WH-00001,2025-08-01,129,warehousing,1511.15,EMEA,USD,11.7143,1699.55,-188.4,126.37
CST-000001664,WH-00011,2025-04-01,130,warehousing,287512.78,NA,USD,2211.6368,264103.19,23409.59,25670.06
CST-000001665,WH-00006,2025-06-01,113,warehousing,79207.04,EMEA,USD,700.9473,80395.96,-1188.92,3163.81
CST-000001666,WH-00002,2025-01-01,162,warehousing,110150.13,EMEA,USD,679.9391,123170.81,-13020.68,12034.07
CST-000001667,WH-00016,2025-03-01,176,warehousing,120318.36,APAC,USD,683.627,129842.75,-9524.39,10232.83
CST-000001668,WH-00019,2025-08-01,148,warehousing,1285.14,APAC,USD,8.6834,1351.67,-66.53,
CST-000001669,WH-00005,2025-02-01,118,warehousing,107459.35,EMEA,USD,910.6725,118746.42,-11287.07,8479.42
CST-000001670,WH-00022,2025-06-01,173,warehousing,26129.89,NA,USD,151.0398,29675.48,-3545.59,790.61
CST-000001671,WH-00020,2025-02-01,141,warehousing,103207.63,APAC,USD,731.969,101204.32,2003.31,11039.04
CST-000001672,WH-00006,2025-11-01,169,warehousing,86476.34,EMEA,USD,511.6943,83167.85,3308.49,9810.92
CST-000001673,WH-00016,2025-06-01,190,warehousing,108091.33,APAC,USD,568.9017,98836.53,9254.8,9434.48
CST-000001674,WH-00011,2025-09-01,133,warehousing,369146.82,NA,USD,2775.54,345149.75,23997.07,24661.5
CST-000001675,WH-00001,2025-01-01,139,warehousing,2000.93,EMEA,USD,14.3952,2314.31,-313.38,215.42
CST-000001676,WH-00016,2025-10-01,218,warehousing,122199.27,APAC,USD,560.5471,118668.22,3531.05,14205.51
CST-000001677,WH-00012,2025-07-01,270,warehousing,21910.66,EMEA,USD,81.1506,20854.52,1056.14,670.18
CST-000001678,WH-00015,2025-11-01,170,warehousing,84180.33,APAC,USD,495.1784,80042.77,4137.56,4097.26
CST-000001679,WH-00004,2025-09-01,119,warehousing,461.85,EMEA,USD,3.8811,410.12,51.73,39.94
CST-000001680,WH-00018,2025-02-01,96,warehousing,47883.91,EMEA,USD,498.7907,54396.22,-6512.31,2097.05
CST-000001681,WH-00017,2025-12-01,141,warehousing,1258.52,NA,USD,8.9257,1351.41,-92.89,126.54
CST-000001682,WH-00024,2025-03-01,168,warehousing,75950.14,APAC,USD,452.0842,78598.42,-2648.28,3750.58
CST-000001683,WH-00007,2025-02-01,76,warehousing,3719.17,EMEA,USD,48.9364,3926.28,-207.11,138.99
CST-000001684,WH-00015,2025-06-01,127,warehousing,72569.35,APAC,USD,571.4122,81015.58,-8446.23,5081.49
CST-000001685,WH-00020,2025-07-01,192,warehousing,120720.31,APAC,USD,628.7516,127171.04,-6450.73,6493.38
CST-000001686,WH-00006,2025-07-01,121,warehousing,102194.04,EMEA,USD,844.5788,87681.89,14512.15,6938.03
CST-000001687,WH-00005,2025-11-01,175,warehousing,97026.93,EMEA,USD,554.4396,100628.84,-3601.91,7093.66
CST-000001688,WH-00005,2025-03-01,151,warehousing,94731.9,EMEA,USD,627.3636,90429.52,4302.38,7255.34
CST-000001689,WH-00024,2025-08-01,163,warehousing,64083.51,APAC,USD,393.1504,59843.47,4240.04,7153.63
CST-000001690,WH-00003,2025-11-01,163,warehousing,52031.62,LATAM,USD,319.2124,58587.88,-6556.26,2077.34
CST-000001691,WH-00019,2025-01-01,141,warehousing,1067.44,APAC,USD,7.5705,1055.82,11.62,44.5
CST-000001692,WH-00005,2025-09-01,172,warehousing,86074.46,EMEA,USD,500.4329,79546.55,6527.91,3690.65
CST-000001693,WH-00010,2025-08-01,225,warehousing,18424.38,APAC,USD,81.8861,19141.72,-717.34,2007.36
CST-000001694,WH-00019,2025-06-01,137,warehousing,919.48,APAC,USD,6.7115,1092.96,-173.48,97.52
CST-000001695,WH-00018,2025-10-01,154,warehousing,45686.69,EMEA,USD,296.6668,40089.35,5597.34,1641.24
CST-000001696,WH-00023,2025-11-01,237,warehousing,14946.87,LATAM,USD,63.067,16399.07,-1452.2,1317.03
CST-000001697,WH-00015,2025-10-01,151,warehousing,78023.36,APAC,USD,516.711,90819.71,-12796.35,6529.91
CST-000001698,WH-00006,2025-09-01,117,warehousing,103357.79,EMEA,USD,883.3999,123808.63,-20450.84,7587.57
CST-000001699,WH-00019,2025-07-01,125,warehousing,1143.65,APAC,USD,9.1492,1129.69,13.96,127.9
CST-000001700,WH-00014,2025-09-01,231,warehousing,44462.97,EMEA,USD,192.4804,41133.86,3329.11,2576.41
CST-000001701,WH-00016,2025-05-01,195,warehousing,101740.14,APAC,USD,521.7443,96377.09,5363.05,3269.62
CST-000001702,WH-00005,2025-06-01,136,warehousing,101131.78,EMEA,USD,743.616,107011.33,-5879.55,8553.74
CST-000001703,WH-00017,2025-10-01,111,warehousing,1277.2,NA,USD,11.5063,1335.92,-58.72,66.22
CST-000001704,WH-00009,2025-11-01,334,warehousing,16783.53,EMEA,USD,50.2501,18890.82,-2107.29,1473.56
CST-000001705,WH-00022,2025-12-01,238,warehousing,23058.33,NA,USD,96.8837,21410.27,1648.06,1696.79
CST-000001706,WH-00003,2025-02-01,107,warehousing,57100.44,LATAM,USD,533.649,56659.7,440.74,4930.77
CST-000001707,WH-00006,2025-03-01,119,warehousing,104116.14,EMEA,USD,874.9255,109764.79,-5648.65,9829.12
CST-000001708,WH-00020,2025-05-01,209,warehousing,81520.75,APAC,USD,390.0514,81209.77,310.98,6896.08
CST-000001709,WH-00011,2025-11-01,174,warehousing,338196.94,NA,USD,1943.6606,386288.79,-48091.85,14062.12
CST-000001710,WH-00020,2025-09-01,175,warehousing,109237.94,APAC,USD,624.2168,119468.79,-10230.85,10612.99
CST-000001711,WH-00023,2025-06-01,187,warehousing,15179.68,LATAM,USD,81.1748,17484.87,-2305.19,1206.46
CST-000001712,WH-00014,2025-05-01,211,warehousing,36615.26,EMEA,USD,173.532,31752.57,4862.69,3653.01
CST-000001713,WH-00015,2025-04-01,128,warehousing,72878.07,APAC,USD,569.3599,82510.99,-9632.92,4744.14
CST-000001714,WH-00012,2025-06-01,230,warehousing,29598.26,EMEA,USD,128.6881,35479.34,-5881.08,3027.02
CST-000001715,WH-00011,2025-02-01,95,warehousing,359989.64,NA,USD,3789.3646,382502.94,-22513.3,39261.64
CST-000001716,WH-00021,2025-12-01,123,warehousing,49269.09,EMEA,USD,400.5617,47229.38,2039.71,4230.79
CST-000001717,WH-00020,2025-10-01,185,warehousing,102097.64,APAC,USD,551.8791,110119.4,-8021.76,11272.15
CST-000001718,WH-00021,2025-01-01,81,warehousing,53075.94,EMEA,USD,655.2585,52306.8,769.14,1612.37
CST-000001719,WH-00006,2025-02-01,88,warehousing,95719.93,EMEA,USD,1087.7265,92727.7,2992.23,8844.13
CST-000001720,WH-00007,2025-04-01,99,warehousing,3296.54,EMEA,USD,33.2984,3596.91,-300.37,382.05
CST-000001721,WH-00010,2025-12-01,319,warehousing,21190.58,APAC,USD,66.4282,19161.69,2028.89,2117.71
CST-000001722,WH-00014,2025-10-01,232,warehousing,37460.07,EMEA,USD,161.4658,44828.06,-7367.99,
CST-000001723,WH-00025,2025-10-01,108,warehousing,890.07,EMEA,USD,8.2414,833.22,56.85,90.26
CST-000001724,WH-00006,2025-05-01,118,warehousing,89352.73,EMEA,USD,757.2265,95641.21,-6288.48,7168.03
CST-000001725,WH-00003,2025-09-01,144,warehousing,51805.43,LATAM,USD,359.7599,50325.02,1480.41,
CST-000001726,WH-00014,2025-03-01,204,warehousing,34201.59,EMEA,USD,167.6549,37773.03,-3571.44,2003.93
CST-000001727,WH-00024,2025-04-01,175,warehousing,63549.55,APAC,USD,363.1403,71264.24,-7714.69,4398.91
CST-000001728,WH-00011,2025-12-01,205,warehousing,315379.63,NA,USD,1538.4372,269529.32,45850.31,20317.65
CST-000001729,WH-00019,2025-02-01,131,warehousing,1218.58,APAC,USD,9.3021,1390.54,-171.96,79.58
CST-000001730,WH-00013,2025-08-01,135,warehousing,1568.27,APAC,USD,11.6168,1679.86,-111.59,121.7
CST-000001731,WH-00007,2025-03-01,90,warehousing,4707.61,EMEA,USD,52.3068,5268.17,-560.56,473.17
CST-000001732,WH-00003,2025-03-01,131,warehousing,60572.64,LATAM,USD,462.3866,59341.11,1231.53,3984.14
CST-000001733,WH-00008,2025-02-01,196,warehousing,15326.58,EMEA,USD,78.1968,17794.15,-2467.57,897.46
CST-000001734,WH-00002,2025-10-01,233,warehousing,77032.82,EMEA,USD,330.613,86663.62,-9630.8,8938.91
CST-000001735,WH-00021,2025-03-01,85,warehousing,53390.2,EMEA,USD,628.12,53212.8,177.4,3474.56
CST-000001736,WH-00001,2025-05-01,143,warehousing,1818.66,EMEA,USD,12.7179,1976.84,-158.18,
CST-000001737,WH-00025,2025-05-01,101,warehousing,1047.19,EMEA,USD,10.3682,1179.64,-132.45,98.24
CST-000001738,WH-00005,2025-08-01,144,warehousing,90954.09,EMEA,USD,631.6256,100470.28,-9516.19,5916.95
CST-000001739,WH-00017,2025-03-01,97,warehousing,989.44,NA,USD,10.2004,926.41,63.03,75.97
CST-000001740,WH-00007,2025-10-01,121,warehousing,3679.18,EMEA,USD,30.4064,3616.6,62.58,380.47
CST-000001741,WH-00016,2025-09-01,221,warehousing,96169.85,APAC,USD,435.1577,95840.32,329.53,4961.81
CST-000001742,WH-00010,2025-02-01,198,warehousing,17033.88,APAC,USD,86.0297,15627.15,1406.73,1190.22
CST-000001743,WH-00013,2025-01-01,123,warehousing,1323.88,APAC,USD,10.7633,1555.23,-231.35,85.03
CST-000001744,WH-00013,2025-10-01,150,warehousing,1614.41,APAC,USD,10.7627,1735.09,-120.68,99.38
CST-000001745,WH-00025,2025-07-01,94,warehousing,964.08,EMEA,USD,10.2562,939.7,24.38,96.06
CST-000001746,WH-00001,2025-03-01,137,warehousing,2119.03,EMEA,USD,15.4674,2066.66,52.37,185.91
CST-000001747,WH-00013,2025-04-01,132,warehousing,1558.6,APAC,USD,11.8076,1539.7,18.9,114.6
CST-000001748,WH-00018,2025-06-01,120,warehousing,45383.75,EMEA,USD,378.1979,47552.19,-2168.44,4008.28
CST-000001749,WH-00002,2025-02-01,142,warehousing,76438.01,EMEA,USD,538.2958,84030.47,-7592.46,4989.65
CST-000001750,WH-00014,2025-07-01,201,warehousing,42217.9,EMEA,USD,210.0393,38028.32,4189.58,4818.87
CST-000001751,WH-00006,2025-01-01,99,warehousing,94376.28,EMEA,USD,953.2958,102512.73,-8136.45,6165.09
CST-000001752,WH-00024,2025-12-01,246,warehousing,57956.96,APAC,USD,235.5974,64389.33,-6432.37,2669.3
CST-000001753,WH-00016,2025-02-01,153,warehousing,96242.6,APAC,USD,629.0366,90572.7,5669.9,3090.92
CST-000001754,WH-00003,2025-01-01,114,warehousing,47261.87,LATAM,USD,414.5778,44320.19,2941.68,1475.56
CST-000001755,WH-00025,2025-01-01,69,warehousing,968.31,EMEA,USD,14.0335,839.15,129.16,32.73
CST-000001756,WH-00020,2025-04-01,182,warehousing,122094.85,APAC,USD,670.8508,145104.73,-23009.88,3948.74
CST-000001757,WH-00003,2025-04-01,118,warehousing,60212.85,LATAM,USD,510.2784,51739.21,8473.64,6240.61
CST-000001758,WH-00005,2025-04-01,117,warehousing,120448.09,EMEA,USD,1029.4709,138130.51,-17682.42,14162.13
CST-000001759,WH-00017,2025-11-01,112,warehousing,1323.89,NA,USD,11.8204,1145.19,178.7,140.52
CST-000001760,WH-00004,2025-04-01,97,warehousing,480.49,EMEA,USD,4.9535,488.37,-7.88,39.94
CST-000001761,WH-00017,2025-06-01,92,warehousing,1019.18,NA,USD,11.078,972.3,46.88,45.89
CST-000001762,WH-00018,2025-03-01,134,warehousing,47393.09,EMEA,USD,353.6798,49377.39,-1984.3,
CST-000001763,WH-00022,2025-09-01,176,warehousing,22476.17,NA,USD,127.7055,20660.48,1815.69,2564.55
CST-000001764,WH-00003,2025-05-01,104,warehousing,45217.5,LATAM,USD,434.7837,42300.03,2917.47,1503.08
CST-000001765,WH-00001,2025-07-01,138,warehousing,1459.78,EMEA,USD,10.5781,1676.27,-216.49,75.78
CST-000001766,WH-00025,2025-03-01,89,warehousing,842.0,EMEA,USD,9.4607,783.75,58.25,72.4
CST-000001767,WH-00015,2025-09-01,137,warehousing,73317.42,APAC,USD,535.1636,72676.0,641.42,3155.45
CST-000001768,WH-00004,2025-02-01,77,warehousing,532.26,EMEA,USD,6.9125,570.03,-37.77,43.26
CST-000001769,WH-00004,2025-01-01,101,warehousing,548.28,EMEA,USD,5.4285,619.15,-70.87,16.77
CST-000001770,WH-00022,2025-02-01,123,warehousing,23483.99,NA,USD,190.9267,23128.11,355.88,1844.44
CST-000001771,WH-00011,2025-10-01,149,warehousing,330083.89,NA,USD,2215.3281,304620.79,25463.1,30622.95
CST-000001772,WH-00022,2025-01-01,134,warehousing,28108.46,NA,USD,209.7646,33652.63,-5544.17,3321.38
CST-000001773,WH-00019,2025-09-01,134,warehousing,1202.41,APAC,USD,8.9732,1397.81,-195.4,90.88
CST-000001774,WH-00010,2025-03-01,224,warehousing,19343.82,APAC,USD,86.3563,18934.85,408.97,833.22
CST-000001775,WH-00002,2025-08-01,158,warehousing,75198.55,EMEA,USD,475.9402,83256.51,-8057.96,4737.82
CST-000001776,WH-00018,2025-04-01,124,warehousing,44782.99,EMEA,USD,361.1531,52532.08,-7749.09,4386.91
CST-000001777,WH-00001,2025-02-01,99,warehousing,2135.66,EMEA,USD,21.5723,2404.91,-269.25,202.16
CST-000001778,WH-00025,2025-04-01,103,warehousing,808.83,EMEA,USD,7.8527,844.23,-35.4,28.0
CST-000001779,WH-00019,2025-04-01,131,warehousing,1105.76,APAC,USD,8.4409,1237.55,-131.79,131.25
CST-000001780,WH-00017,2025-05-01,109,warehousing,1355.68,NA,USD,12.4374,1291.45,64.23,134.43
CST-000001781,WH-00023,2025-03-01,161,warehousing,18888.79,LATAM,USD,117.3217,17712.61,1176.18,1776.08
CST-000001782,WH-00022,2025-04-01,155,warehousing,26241.65,NA,USD,169.301,27467.12,-1225.47,2088.21
CST-000001783,WH-00004,2025-08-01,107,warehousing,588.66,EMEA,USD,5.5015,704.68,-116.02,39.73
CST-000001784,WH-00013,2025-09-01,142,warehousing,1330.48,APAC,USD,9.3696,1560.37,-229.89,115.84
CST-000001785,WH-00019,2025-03-01,130,warehousing,1087.37,APAC,USD,8.3644,1073.13,14.24,54.23
CST-000001786,WH-00007,2025-08-01,99,warehousing,4934.25,EMEA,USD,49.8409,5849.45,-915.2,198.14
CST-000001787,WH-00025,2025-12-01,130,warehousing,862.59,EMEA,USD,6.6353,894.69,-32.1,64.62
CST-000001788,WH-00001,2025-09-01,122,warehousing,2161.27,EMEA,USD,17.7153,2370.0,-208.73,97.11
CST-000001789,WH-00021,2025-08-01,74,warehousing,52705.72,EMEA,USD,712.2395,49857.69,2848.03,
CST-000001790,WH-00004,2025-06-01,99,warehousing,500.65,EMEA,USD,5.0571,466.83,33.82,16.55
CST-000001791,WH-00015,2025-02-01,98,warehousing,83549.93,APAC,USD,852.5503,73790.27,9759.66,8183.6
CST-000001792,WH-00015,2025-08-01,132,warehousing,89420.32,APAC,USD,677.4267,90187.88,-767.56,8843.24
CST-000001793,WH-00021,2025-07-01,80,warehousing,64054.92,EMEA,USD,800.6865,69530.76,-5475.84,6299.07
CST-000001794,WH-00021,2025-02-01,50,warehousing,45688.71,EMEA,USD,913.7742,46260.84,-572.13,3156.61
CST-000001795,WH-00021,2025-09-01,98,warehousing,53770.32,EMEA,USD,548.6767,47065.0,6705.32,2372.95
CST-000001796,WH-00021,2025-04-01,83,warehousing,63565.72,EMEA,USD,765.852,71528.74,-7963.02,6891.86
CST-000001797,WH-00021,2025-05-01,91,warehousing,63862.59,EMEA,USD,701.7867,69326.16,-5463.57,2183.99
CST-000001798,WH-00025,2025-08-01,77,warehousing,1044.64,EMEA,USD,13.5668,1009.77,34.87,125.1
CST-000001799,WH-00017,2025-09-01,98,warehousing,1087.02,NA,USD,11.092,955.09,131.93,35.32
CST-000001800,WH-00025,2025-02-01,59,warehousing,880.81,EMEA,USD,14.929,763.47,117.34,67.87
CST-000001801,WH-00016,2025-11-01,282,overhead,188.75,APAC,USD,0.6693,224.09,-35.34,13.8
CST-000001802,WH-00004,2025-05-01,132,overhead,120.67,EMEA,USD,0.9142,119.88,0.79,4.18
CST-000001803,WH-00020,2025-08-01,181,overhead,237.79,APAC,USD,1.3138,279.68,-41.89,22.51
CST-000001804,WH-00005,2025-10-01,187,overhead,137.11,EMEA,USD,0.7332,148.05,-10.94,6.19
CST-000001805,WH-00010,2025-09-01,236,overhead,152.99,APAC,USD,0.6483,176.93,-23.94,10.55
CST-000001806,WH-00025,2025-11-01,126,overhead,86.54,EMEA,USD,0.6868,83.36,3.18,8.13
CST-000001807,WH-00012,2025-09-01,251,overhead,274.96,EMEA,USD,1.0955,249.87,25.09,29.51
CST-000001808,WH-00001,2025-04-01,123,overhead,70.57,EMEA,USD,0.5737,63.34,7.23,2.5
CST-000001809,WH-00009,2025-08-01,221,overhead,102.81,EMEA,USD,0.4652,105.91,-3.1,5.47
CST-000001810,WH-00007,2025-12-01,157,overhead,112.92,EMEA,USD,0.7192,113.11,-0.19,6.63
CST-000001811,WH-00022,2025-05-01,194,overhead,246.29,NA,USD,1.2695,262.64,-16.35,25.32
CST-000001812,WH-00002,2025-03-01,194,overhead,304.59,EMEA,USD,1.5701,310.78,-6.19,22.25
CST-000001813,WH-00024,2025-07-01,173,overhead,226.81,APAC,USD,1.311,249.21,-22.4,
CST-000001814,WH-00010,2025-07-01,211,overhead,272.22,APAC,USD,1.2901,287.37,-15.15,25.98
CST-000001815,WH-00012,2025-02-01,199,overhead,90.84,EMEA,USD,0.4565,102.71,-11.87,8.62
CST-000001816,WH-00017,2025-04-01,102,overhead,195.3,NA,USD,1.9147,215.83,-20.53,11.45
CST-000001817,WH-00005,2025-05-01,158,overhead,233.45,EMEA,USD,1.4775,259.36,-25.91,17.95
CST-000001818,WH-00019,2025-05-01,168,overhead,99.5,APAC,USD,0.5923,99.81,-0.31,8.31
CST-000001819,WH-00017,2025-08-01,100,overhead,89.85,NA,USD,0.8985,79.16,10.69,5.49
CST-000001820,WH-00012,2025-01-01,257,overhead,388.19,EMEA,USD,1.5105,450.45,-62.26,20.26
CST-000001821,WH-00013,2025-11-01,193,overhead,243.84,APAC,USD,1.2634,249.33,-5.49,
CST-000001822,WH-00009,2025-01-01,232,overhead,181.88,EMEA,USD,0.784,164.69,17.19,13.66
CST-000001823,WH-00009,2025-02-01,200,overhead,310.47,EMEA,USD,1.5524,353.62,-43.15,15.68
CST-000001824,WH-00023,2025-12-01,243,overhead,72.31,LATAM,USD,0.2976,75.72,-3.41,5.66
CST-000001825,WH-00017,2025-07-01,98,overhead,55.17,NA,USD,0.563,54.84,0.33,4.44
CST-000001826,WH-00008,2025-08-01,278,overhead,330.96,EMEA,USD,1.1905,328.8,2.16,20.05
CST-000001827,WH-00007,2025-06-01,98,overhead,71.71,EMEA,USD,0.7317,74.51,-2.8,7.1
CST-000001828,WH-00009,2025-07-01,263,overhead,465.06,EMEA,USD,1.7683,472.18,-7.12,14.69
CST-000001829,WH-00010,2025-05-01,245,overhead,163.95,APAC,USD,0.6692,151.26,12.69,9.08
CST-000001830,WH-00025,2025-06-01,103,overhead,42.07,EMEA,USD,0.4084,49.0,-6.93,3.3
CST-000001831,WH-00013,2025-06-01,124,overhead,114.58,APAC,USD,0.924,113.76,0.82,7.8
CST-000001832,WH-00016,2025-04-01,174,overhead,163.4,APAC,USD,0.9391,148.45,14.95,15.93
CST-000001833,WH-00002,2025-05-01,203,overhead,189.43,EMEA,USD,0.9332,162.4,27.03,14.43
CST-000001834,WH-00019,2025-11-01,205,overhead,98.37,APAC,USD,0.4799,105.35,-6.98,8.67
CST-000001835,WH-00015,2025-05-01,130,overhead,60.56,APAC,USD,0.4658,58.76,1.8,4.57
CST-000001836,WH-00018,2025-09-01,140,overhead,163.13,EMEA,USD,1.1652,140.16,22.97,15.41
CST-000001837,WH-00008,2025-03-01,255,overhead,282.26,EMEA,USD,1.1069,274.9,7.36,12.6
CST-000001838,WH-00004,2025-07-01,129,overhead,138.42,EMEA,USD,1.073,140.81,-2.39,4.26
CST-000001839,WH-00014,2025-08-01,227,overhead,120.32,EMEA,USD,0.53,135.86,-15.54,4.37
CST-000001840,WH-00022,2025-10-01,202,overhead,171.3,NA,USD,0.848,176.09,-4.79,13.76
CST-000001841,WH-00008,2025-01-01,271,overhead,353.32,EMEA,USD,1.3038,332.67,20.65,23.08
CST-000001842,WH-00009,2025-03-01,219,overhead,134.31,EMEA,USD,0.6133,122.42,11.89,13.9
CST-000001843,WH-00007,2025-05-01,118,overhead,80.63,EMEA,USD,0.6833,88.53,-7.9,
CST-000001844,WH-00014,2025-02-01,167,overhead,287.79,EMEA,USD,1.7233,248.66,39.13,18.57
CST-000001845,WH-00018,2025-05-01,132,overhead,68.2,EMEA,USD,0.5167,58.2,10.0,2.52
CST-000001846,WH-00001,2025-06-01,144,overhead,251.47,EMEA,USD,1.7463,278.39,-26.92,8.4
CST-000001847,WH-00008,2025-11-01,367,overhead,490.54,EMEA,USD,1.3366,499.64,-9.1,51.47
CST-000001848,WH-00010,2025-04-01,221,overhead,287.68,APAC,USD,1.3017,315.96,-28.28,14.2
CST-000001849,WH-00006,2025-10-01,133,overhead,130.17,EMEA,USD,0.9787,111.45,18.72,13.04
CST-000001850,WH-00013,2025-12-01,201,overhead,70.28,APAC,USD,0.3497,65.49,4.79,3.01
CST-000001851,WH-00012,2025-11-01,335,overhead,412.45,EMEA,USD,1.2312,460.27,-47.82,18.72
CST-000001852,WH-00005,2025-07-01,121,overhead,114.38,EMEA,USD,0.9453,101.1,13.28,12.7
CST-000001853,WH-00014,2025-11-01,282,overhead,281.06,EMEA,USD,0.9967,251.82,29.24,28.51
CST-000001854,WH-00003,2025-12-01,188,overhead,145.37,LATAM,USD,0.7732,134.35,11.02,17.02
CST-000001855,WH-00013,2025-05-01,147,overhead,157.08,APAC,USD,1.0686,133.73,23.35,
CST-000001856,WH-00002,2025-04-01,176,overhead,314.49,EMEA,USD,1.7869,372.49,-58.0,
CST-000001857,WH-00007,2025-11-01,132,overhead,217.14,EMEA,USD,1.645,214.29,2.85,18.62
CST-000001858,WH-00024,2025-01-01,134,overhead,128.73,APAC,USD,0.9607,153.61,-24.88,8.58
CST-000001859,WH-00001,2025-12-01,210,overhead,299.82,EMEA,USD,1.4277,316.16,-16.34,22.96
CST-000001860,WH-00009,2025-10-01,253,overhead,417.11,EMEA,USD,1.6487,439.75,-22.64,40.59
CST-000001861,WH-00011,2025-05-01,127,overhead,76.8,NA,USD,0.6047,90.71,-13.91,8.77
CST-000001862,WH-00002,2025-09-01,193,overhead,300.83,EMEA,USD,1.5587,278.36,22.47,29.72
CST-000001863,WH-00002,2025-07-01,166,overhead,263.27,EMEA,USD,1.586,295.83,-32.56,23.17
CST-000001864,WH-00014,2025-01-01,183,overhead,247.08,EMEA,USD,1.3502,265.77,-18.69,24.23
CST-000001865,WH-00007,2025-09-01,104,overhead,110.27,EMEA,USD,1.0603,102.58,7.69,3.75
CST-000001866,WH-00010,2025-10-01,252,overhead,155.75,APAC,USD,0.6181,159.03,-3.28,
CST-000001867,WH-00008,2025-12-01,374,overhead,354.13,EMEA,USD,0.9469,382.07,-27.94,35.01
CST-000001868,WH-00015,2025-12-01,174,overhead,56.11,APAC,USD,0.3225,49.89,6.22,5.34
CST-000001869,WH-00025,2025-09-01,91,overhead,69.15,EMEA,USD,0.7599,80.68,-11.53,2.6
CST-000001870,WH-00004,2025-11-01,172,overhead,142.32,EMEA,USD,0.8274,150.78,-8.46,10.01
CST-000001871,WH-00016,2025-12-01,311,overhead,371.73,APAC,USD,1.1953,330.78,40.95,11.94
CST-000001872,WH-00023,2025-09-01,180,overhead,185.25,LATAM,USD,1.0292,175.57,9.68,12.68
CST-000001873,WH-00024,2025-11-01,212,overhead,296.97,APAC,USD,1.4008,347.85,-50.88,12.52
CST-000001874,WH-00012,2025-10-01,282,overhead,125.09,EMEA,USD,0.4436,146.05,-20.96,6.86
CST-000001875,WH-00024,2025-09-01,178,overhead,185.49,APAC,USD,1.0421,182.99,2.5,14.26
CST-000001876,WH-00023,2025-05-01,191,overhead,155.18,LATAM,USD,0.8125,184.4,-29.22,11.66
CST-000001877,WH-00009,2025-04-01,230,overhead,195.51,EMEA,USD,0.85,195.8,-0.29,14.57
CST-000001878,WH-00023,2025-08-01,173,overhead,189.54,LATAM,USD,1.0956,191.08,-1.54,21.86
CST-000001879,WH-00002,2025-11-01,260,overhead,159.73,EMEA,USD,0.6143,185.97,-26.24,6.82
CST-000001880,WH-00016,2025-07-01,190,overhead,144.17,APAC,USD,0.7588,140.43,3.74,7.14
CST-000001881,WH-00023,2025-01-01,175,overhead,48.73,LATAM,USD,0.2785,41.42,7.31,2.86
CST-000001882,WH-00020,2025-03-01,178,overhead,126.55,APAC,USD,0.711,133.05,-6.5,8.71
CST-000001883,WH-00011,2025-06-01,139,overhead,179.93,NA,USD,1.2945,157.83,22.1,12.96
CST-000001884,WH-00017,2025-02-01,73,overhead,89.66,NA,USD,1.2282,79.61,10.05,5.02
CST-000001885,WH-00022,2025-07-01,159,overhead,139.71,NA,USD,0.8787,119.86,19.85,6.97
CST-000001886,WH-00021,2025-10-01,91,overhead,160.55,EMEA,USD,1.7643,182.96,-22.41,15.55
CST-000001887,WH-00009,2025-06-01,251,overhead,281.07,EMEA,USD,1.1198,317.86,-36.79,11.42
CST-000001888,WH-00021,2025-11-01,101,overhead,119.22,EMEA,USD,1.1804,128.46,-9.24,3.85
CST-000001889,WH-00006,2025-08-01,120,overhead,142.06,EMEA,USD,1.1838,130.46,11.6,7.73
CST-000001890,WH-00020,2025-11-01,241,overhead,122.94,APAC,USD,0.5101,127.01,-4.07,10.51
CST-000001891,WH-00023,2025-02-01,169,overhead,129.44,LATAM,USD,0.7659,126.74,2.7,12.74
CST-000001892,WH-00015,2025-07-01,141,overhead,152.6,APAC,USD,1.0823,159.82,-7.22,5.92
CST-000001893,WH-00014,2025-12-01,281,overhead,175.89,EMEA,USD,0.6259,171.67,4.22,7.21
CST-000001894,WH-00011,2025-03-01,134,overhead,186.97,NA,USD,1.3953,161.35,25.62,14.21
CST-000001895,WH-00024,2025-02-01,129,overhead,163.22,APAC,USD,1.2653,163.74,-0.52,10.58
CST-000001896,WH-00018,2025-07-01,120,overhead,102.85,EMEA,USD,0.8571,104.79,-1.94,8.15
CST-000001897,WH-00019,2025-12-01,195,overhead,70.5,APAC,USD,0.3615,81.53,-11.03,4.55
CST-000001898,WH-00020,2025-12-01,254,overhead,113.85,APAC,USD,0.4482,98.08,15.77,13.57
CST-000001899,WH-00024,2025-05-01,193,overhead,137.15,APAC,USD,0.7106,139.18,-2.03,13.99
CST-000001900,WH-00010,2025-06-01,231,overhead,191.48,APAC,USD,0.8289,213.02,-21.54,11.39
CST-000001901,WH-00010,2025-11-01,322,overhead,104.33,APAC,USD,0.324,98.08,6.25,8.05
CST-000001902,WH-00008,2025-10-01,322,overhead,402.4,EMEA,USD,1.2497,421.58,-19.18,13.9
CST-000001903,WH-00018,2025-11-01,197,overhead,270.31,EMEA,USD,1.3721,239.36,30.95,27.84
CST-000001904,WH-00024,2025-10-01,206,overhead,92.21,APAC,USD,0.4476,99.5,-7.29,8.97
CST-000001905,WH-00004,2025-03-01,100,overhead,62.53,EMEA,USD,0.6253,54.22,8.31,5.53
CST-000001906,WH-00007,2025-01-01,103,overhead,44.05,EMEA,USD,0.4277,42.2,1.85,3.96
CST-000001907,WH-00005,2025-12-01,198,overhead,208.05,EMEA,USD,1.0508,241.08,-33.03,14.88
CST-000001908,WH-00008,2025-09-01,269,overhead,289.34,EMEA,USD,1.0756,299.73,-10.39,9.05
CST-000001909,WH-00005,2025-01-01,122,overhead,184.7,EMEA,USD,1.5139,157.24,27.46,17.15
CST-000001910,WH-00012,2025-12-01,333,overhead,564.48,EMEA,USD,1.6951,530.18,34.3,
CST-000001911,WH-00020,2025-01-01,150,overhead,169.93,APAC,USD,1.1329,189.57,-19.64,12.77
CST-000001912,WH-00021,2025-06-01,62,overhead,34.77,EMEA,USD,0.5608,40.43,-5.66,2.04
CST-000001913,WH-00012,2025-08-01,240,overhead,214.94,EMEA,USD,0.8956,250.09,-35.15,18.1
CST-000001914,WH-00008,2025-06-01,246,overhead,237.72,EMEA,USD,0.9663,253.81,-16.09,28.35
CST-000001915,WH-00019,2025-10-01,179,overhead,87.51,APAC,USD,0.4889,84.24,3.27,6.35
CST-000001916,WH-00015,2025-01-01,109,overhead,96.23,APAC,USD,0.8828,95.86,0.37,7.58
CST-000001917,WH-00012,2025-03-01,240,overhead,157.79,EMEA,USD,0.6575,152.05,5.74,13.6
CST-000001918,WH-00009,2025-05-01,259,overhead,402.81,EMEA,USD,1.5553,399.09,3.72,46.3
CST-000001919,WH-00008,2025-07-01,281,overhead,347.88,EMEA,USD,1.238,324.76,23.12,37.41
CST-000001920,WH-00008,2025-05-01,305,overhead,223.62,EMEA,USD,0.7332,247.72,-24.1,9.21
CST-000001921,WH-00004,2025-12-01,160,overhead,233.81,EMEA,USD,1.4613,207.27,26.54,19.37
CST-000001922,WH-00006,2025-04-01,112,overhead,188.62,EMEA,USD,1.6841,207.01,-18.39,15.77
CST-000001923,WH-00017,2025-01-01,89,overhead,105.9,NA,USD,1.1899,114.24,-8.34,5.95
CST-000001924,WH-00013,2025-03-01,118,overhead,130.42,APAC,USD,1.1053,154.02,-23.6,5.71
CST-000001925,WH-00024,2025-06-01,158,overhead,78.15,APAC,USD,0.4946,73.91,4.24,8.32
CST-000001926,WH-00023,2025-04-01,181,overhead,146.2,LATAM,USD,0.8077,143.99,2.21,9.31
CST-000001927,WH-00013,2025-07-01,128,overhead,140.03,APAC,USD,1.094,137.06,2.97,16.24
CST-000001928,WH-00009,2025-12-01,326,overhead,452.74,EMEA,USD,1.3888,434.48,18.26,45.27
CST-000001929,WH-00023,2025-07-01,190,overhead,229.19,LATAM,USD,1.2063,268.0,-38.81,7.68
CST-000001930,WH-00008,2025-04-01,266,overhead,307.72,EMEA,USD,1.1568,278.8,28.92,22.48
CST-000001931,WH-00022,2025-03-01,158,overhead,117.52,NA,USD,0.7438,122.87,-5.35,9.41
CST-000001932,WH-00003,2025-08-01,136,overhead,145.65,LATAM,USD,1.071,173.97,-28.32,12.75
CST-000001933,WH-00002,2025-12-01,276,overhead,200.86,EMEA,USD,0.7278,204.1,-3.24,19.02
CST-000001934,WH-00011,2025-01-01,107,overhead,129.22,NA,USD,1.2077,122.02,7.2,15.11
CST-000001935,WH-00023,2025-10-01,220,overhead,210.4,LATAM,USD,0.9564,202.89,7.51,6.53
CST-000001936,WH-00015,2025-03-01,123,overhead,157.29,APAC,USD,1.2788,159.0,-1.71,5.18
CST-000001937,WH-00016,2025-01-01,188,overhead,147.11,APAC,USD,0.7825,170.24,-23.13,14.61
CST-000001938,WH-00012,2025-05-01,252,overhead,400.15,EMEA,USD,1.5879,372.25,27.9,45.21
CST-000001939,WH-00004,2025-10-01,135,overhead,139.41,EMEA,USD,1.0327,166.48,-27.07,7.55
CST-000001940,WH-00011,2025-08-01,124,overhead,153.08,NA,USD,1.2345,150.87,2.21,11.66
CST-000001941,WH-00020,2025-06-01,172,overhead,239.19,APAC,USD,1.3906,221.94,17.25,9.57
CST-000001942,WH-00001,2025-11-01,203,overhead,308.11,EMEA,USD,1.5178,356.08,-47.97,32.59
CST-000001943,WH-00011,2025-07-01,130,overhead,107.2,NA,USD,0.8246,112.52,-5.32,6.65
CST-000001944,WH-00013,2025-02-01,99,overhead,53.01,APAC,USD,0.5355,52.31,0.7,4.15
CST-000001945,WH-00022,2025-08-01,155,overhead,266.16,NA,USD,1.7172,235.67,30.49,29.03
CST-000001946,WH-00003,2025-06-01,139,overhead,126.36,LATAM,USD,0.9091,110.67,15.69,
CST-000001947,WH-00003,2025-07-01,104,overhead,113.84,LATAM,USD,1.0946,100.14,13.7,10.92
CST-000001948,WH-00010,2025-01-01,229,overhead,141.53,APAC,USD,0.618,123.02,18.51,12.73
CST-000001949,WH-00018,2025-01-01,138,overhead,169.9,EMEA,USD,1.2312,194.71,-24.81,10.57
CST-000001950,WH-00001,2025-10-01,167,overhead,103.98,EMEA,USD,0.6226,100.39,3.59,5.05
CST-000001951,WH-00006,2025-12-01,168,overhead,264.24,EMEA,USD,1.5729,246.15,18.09,16.69
CST-000001952,WH-00002,2025-06-01,196,overhead,343.11,EMEA,USD,1.7506,385.89,-42.78,28.19
CST-000001953,WH-00016,2025-08-01,203,overhead,134.65,APAC,USD,0.6633,135.84,-1.19,4.98
CST-000001954,WH-00018,2025-08-01,143,overhead,164.12,EMEA,USD,1.1477,160.86,3.26,5.56
CST-000001955,WH-00018,2025-12-01,201,overhead,247.32,EMEA,USD,1.2304,246.56,0.76,27.71
CST-000001956,WH-00012,2025-04-01,236,overhead,309.0,EMEA,USD,1.3093,315.27,-6.27,9.47
CST-000001957,WH-00007,2025-07-01,103,overhead,51.11,EMEA,USD,0.4962,54.78,-3.67,4.9
CST-000001958,WH-00003,2025-10-01,109,overhead,60.6,LATAM,USD,0.556,59.64,0.96,2.97
CST-000001959,WH-00022,2025-11-01,232,overhead,385.57,NA,USD,1.6619,365.4,20.17,41.2
CST-000001960,WH-00009,2025-09-01,242,overhead,331.49,EMEA,USD,1.3698,391.36,-59.87,29.65
CST-000001961,WH-00014,2025-04-01,222,overhead,387.28,EMEA,USD,1.7445,388.78,-1.5,18.73
CST-000001962,WH-00014,2025-06-01,212,overhead,362.48,EMEA,USD,1.7098,398.14,-35.66,16.57
CST-000001963,WH-00001,2025-08-01,129,overhead,130.97,EMEA,USD,1.0153,139.21,-8.24,9.72
CST-000001964,WH-00011,2025-04-01,130,overhead,152.23,NA,USD,1.171,160.93,-8.7,8.62
CST-000001965,WH-00006,2025-06-01,113,overhead,54.08,EMEA,USD,0.4786,47.61,6.47,5.22
CST-000001966,WH-00002,2025-01-01,162,overhead,235.94,EMEA,USD,1.4564,270.13,-34.19,13.85
CST-000001967,WH-00016,2025-03-01,176,overhead,207.85,APAC,USD,1.181,225.29,-17.44,23.62
CST-000001968,WH-00019,2025-08-01,148,overhead,75.6,APAC,USD,0.5108,86.91,-11.31,3.29
CST-000001969,WH-00005,2025-02-01,118,overhead,98.58,EMEA,USD,0.8354,106.52,-7.94,6.65
CST-000001970,WH-00022,2025-06-01,173,overhead,283.19,NA,USD,1.6369,258.25,24.94,26.42
CST-000001971,WH-00020,2025-02-01,141,overhead,107.97,APAC,USD,0.7657,123.09,-15.12,6.25
CST-000001972,WH-00006,2025-11-01,169,overhead,244.38,EMEA,USD,1.446,215.71,28.67,16.51
CST-000001973,WH-00016,2025-06-01,190,overhead,151.19,APAC,USD,0.7957,165.68,-14.49,13.53
CST-000001974,WH-00011,2025-09-01,133,overhead,238.23,NA,USD,1.7912,208.3,29.93,8.07
CST-000001975,WH-00001,2025-01-01,139,overhead,249.37,EMEA,USD,1.794,297.82,-48.45,22.03
CST-000001976,WH-00016,2025-10-01,218,overhead,188.84,APAC,USD,0.8662,182.32,6.52,9.99
CST-000001977,WH-00012,2025-07-01,270,overhead,420.58,EMEA,USD,1.5577,435.62,-15.04,45.0
CST-000001978,WH-00015,2025-11-01,170,overhead,81.64,APAC,USD,0.4802,91.96,-10.32,3.57
CST-000001979,WH-00004,2025-09-01,119,overhead,189.02,EMEA,USD,1.5884,190.24,-1.22,7.05
CST-000001980,WH-00018,2025-02-01,96,overhead,115.93,EMEA,USD,1.2076,110.6,5.33,6.64
CST-000001981,WH-00017,2025-12-01,141,overhead,171.64,NA,USD,1.2173,181.61,-9.97,8.05
CST-000001982,WH-00024,2025-03-01,168,overhead,175.49,APAC,USD,1.0446,189.05,-13.56,14.54
CST-000001983,WH-00007,2025-02-01,76,overhead,95.65,EMEA,USD,1.2586,89.58,6.07,6.11
CST-000001984,WH-00015,2025-06-01,127,overhead,140.2,APAC,USD,1.1039,149.07,-8.87,6.58
CST-000001985,WH-00020,2025-07-01,192,overhead,79.62,APAC,USD,0.4147,93.97,-14.35,6.24
CST-000001986,WH-00006,2025-07-01,121,overhead,204.76,EMEA,USD,1.6922,238.25,-33.49,19.99
CST-000001987,WH-00005,2025-11-01,175,overhead,207.76,EMEA,USD,1.1872,243.81,-36.05,20.81
CST-000001988,WH-00005,2025-03-01,151,overhead,122.41,EMEA,USD,0.8107,146.52,-24.11,10.8
CST-000001989,WH-00024,2025-08-01,163,overhead,154.57,APAC,USD,0.9483,171.59,-17.02,9.76
CST-000001990,WH-00003,2025-11-01,163,overhead,198.28,LATAM,USD,1.2164,204.46,-6.18,8.77
CST-000001991,WH-00019,2025-01-01,141,overhead,122.15,APAC,USD,0.8663,142.97,-20.82,3.92
CST-000001992,WH-00005,2025-09-01,172,overhead,124.43,EMEA,USD,0.7234,118.74,5.69,6.32
CST-000001993,WH-00010,2025-08-01,225,overhead,140.05,APAC,USD,0.6224,126.01,14.04,4.57
CST-000001994,WH-00019,2025-06-01,137,overhead,153.08,APAC,USD,1.1174,162.58,-9.5,13.72
CST-000001995,WH-00018,2025-10-01,154,overhead,188.19,EMEA,USD,1.222,179.51,8.68,10.87
CST-000001996,WH-00023,2025-11-01,237,overhead,188.18,LATAM,USD,0.794,186.69,1.49,15.75
CST-000001997,WH-00015,2025-10-01,151,overhead,206.52,APAC,USD,1.3677,176.05,30.47,14.87
CST-000001998,WH-00006,2025-09-01,117,overhead,71.62,EMEA,USD,0.6121,80.66,-9.04,4.02
CST-000001999,WH-00019,2025-07-01,125,overhead,80.28,APAC,USD,0.6422,82.63,-2.35,3.18
CST-000002000,WH-00014,2025-09-01,231,overhead,239.69,EMEA,USD,1.0376,277.27,-37.58,16.15
CST-000002001,WH-00016,2025-05-01,195,overhead,214.1,APAC,USD,1.0979,250.6,-36.5,21.67
CST-000002002,WH-00005,2025-06-01,136,overhead,147.14,EMEA,USD,1.0819,154.2,-7.06,10.06
CST-000002003,WH-00017,2025-10-01,111,overhead,190.09,NA,USD,1.7125,185.13,4.96,20.03
CST-000002004,WH-00009,2025-11-01,334,overhead,532.48,EMEA,USD,1.5943,493.09,39.39,35.63
CST-000002005,WH-00022,2025-12-01,238,overhead,380.59,NA,USD,1.5991,399.54,-18.95,33.12
CST-000002006,WH-00003,2025-02-01,107,overhead,110.75,LATAM,USD,1.035,120.63,-9.88,4.03
CST-000002007,WH-00006,2025-03-01,119,overhead,201.99,EMEA,USD,1.6974,234.29,-32.3,14.11
CST-000002008,WH-00020,2025-05-01,209,overhead,253.15,APAC,USD,1.2112,217.16,35.99,25.7
CST-000002009,WH-00011,2025-11-01,174,overhead,316.35,NA,USD,1.8181,290.75,25.6,15.66
CST-000002010,WH-00020,2025-09-01,175,overhead,77.5,APAC,USD,0.4429,72.15,5.35,6.28
CST-000002011,WH-00023,2025-06-01,187,overhead,83.71,LATAM,USD,0.4476,74.14,9.57,6.3
CST-000002012,WH-00014,2025-05-01,211,overhead,357.77,EMEA,USD,1.6956,419.0,-61.23,21.44
CST-000002013,WH-00015,2025-04-01,128,overhead,158.09,APAC,USD,1.2351,178.9,-20.81,15.4
CST-000002014,WH-00012,2025-06-01,230,overhead,263.95,EMEA,USD,1.1476,307.03,-43.08,18.81
CST-000002015,WH-00011,2025-02-01,95,overhead,183.12,NA,USD,1.9276,185.71,-2.59,13.85
CST-000002016,WH-00021,2025-12-01,123,overhead,91.13,EMEA,USD,0.7409,89.17,1.96,4.02
CST-000002017,WH-00020,2025-10-01,185,overhead,196.51,APAC,USD,1.0622,189.9,6.61,11.07
CST-000002018,WH-00021,2025-01-01,81,overhead,60.56,EMEA,USD,0.7477,68.34,-7.78,5.12
CST-000002019,WH-00006,2025-02-01,88,overhead,56.63,EMEA,USD,0.6435,63.18,-6.55,4.62
CST-000002020,WH-00007,2025-04-01,99,overhead,89.57,EMEA,USD,0.9047,103.98,-14.41,6.67
CST-000002021,WH-00010,2025-12-01,319,overhead,438.53,APAC,USD,1.3747,479.38,-40.85,26.14
CST-000002022,WH-00014,2025-10-01,232,overhead,267.84,EMEA,USD,1.1545,293.9,-26.06,19.63
CST-000002023,WH-00025,2025-10-01,108,overhead,112.92,EMEA,USD,1.0456,117.61,-4.69,6.83
CST-000002024,WH-00006,2025-05-01,118,overhead,170.29,EMEA,USD,1.4431,182.81,-12.52,6.82
CST-000002025,WH-00003,2025-09-01,144,overhead,158.82,LATAM,USD,1.1029,167.53,-8.71,6.94
CST-000002026,WH-00014,2025-03-01,204,overhead,261.68,EMEA,USD,1.2827,227.82,33.86,27.44
CST-000002027,WH-00024,2025-04-01,175,overhead,223.18,APAC,USD,1.2753,266.65,-43.47,20.69
CST-000002028,WH-00011,2025-12-01,205,overhead,242.37,NA,USD,1.1823,248.79,-6.42,28.78
CST-000002029,WH-00019,2025-02-01,131,overhead,63.99,APAC,USD,0.4885,69.08,-5.09,6.26
CST-000002030,WH-00013,2025-08-01,135,overhead,72.57,APAC,USD,0.5376,73.84,-1.27,6.49
CST-000002031,WH-00007,2025-03-01,90,overhead,91.11,EMEA,USD,1.0123,77.92,13.19,9.41
CST-000002032,WH-00003,2025-03-01,131,overhead,138.51,LATAM,USD,1.0573,164.34,-25.83,6.93
CST-000002033,WH-00008,2025-02-01,196,overhead,154.7,EMEA,USD,0.7893,159.03,-4.33,9.48
CST-000002034,WH-00002,2025-10-01,233,overhead,217.43,EMEA,USD,0.9332,240.47,-23.04,22.4
CST-000002035,WH-00021,2025-03-01,85,overhead,37.02,EMEA,USD,0.4355,43.99,-6.97,2.1
CST-000002036,WH-00001,2025-05-01,143,overhead,70.58,EMEA,USD,0.4936,62.53,8.05,6.35
CST-000002037,WH-00025,2025-05-01,101,overhead,136.6,EMEA,USD,1.3525,154.08,-17.48,9.0
CST-000002038,WH-00005,2025-08-01,144,overhead,133.58,EMEA,USD,0.9276,158.13,-24.55,5.6
CST-000002039,WH-00017,2025-03-01,97,overhead,77.11,NA,USD,0.7949,89.01,-11.9,4.04
CST-000002040,WH-00007,2025-10-01,121,overhead,162.24,EMEA,USD,1.3408,162.13,0.11,15.98
CST-000002041,WH-00016,2025-09-01,221,overhead,254.56,APAC,USD,1.1519,275.13,-20.57,20.97
CST-000002042,WH-00010,2025-02-01,198,overhead,156.83,APAC,USD,0.7921,145.67,11.16,9.26
CST-000002043,WH-00013,2025-01-01,123,overhead,109.52,APAC,USD,0.8904,105.41,4.11,6.11
CST-000002044,WH-00013,2025-10-01,150,overhead,165.21,APAC,USD,1.1014,165.94,-0.73,
CST-000002045,WH-00025,2025-07-01,94,overhead,68.15,EMEA,USD,0.725,59.8,8.35,7.64
CST-000002046,WH-00001,2025-03-01,137,overhead,217.75,EMEA,USD,1.5894,194.17,23.58,
CST-000002047,WH-00013,2025-04-01,132,overhead,171.84,APAC,USD,1.3018,148.18,23.66,7.31
CST-000002048,WH-00018,2025-06-01,120,overhead,50.52,EMEA,USD,0.421,43.86,6.66,2.52
CST-000002049,WH-00002,2025-02-01,142,overhead,247.73,EMEA,USD,1.7446,240.71,7.02,15.49
CST-000002050,WH-00014,2025-07-01,201,overhead,140.78,EMEA,USD,0.7004,156.37,-15.59,5.99
CST-000002051,WH-00006,2025-01-01,99,overhead,115.12,EMEA,USD,1.1628,125.45,-10.33,6.36
CST-000002052,WH-00024,2025-12-01,246,overhead,247.06,APAC,USD,1.0043,262.82,-15.76,22.75
CST-000002053,WH-00016,2025-02-01,153,overhead,48.73,APAC,USD,0.3185,57.34,-8.61,5.66
CST-000002054,WH-00003,2025-01-01,114,overhead,136.36,LATAM,USD,1.1961,124.03,12.33,15.72
CST-000002055,WH-00025,2025-01-01,69,overhead,113.91,EMEA,USD,1.6509,122.19,-8.28,4.87
CST-000002056,WH-00020,2025-04-01,182,overhead,130.07,APAC,USD,0.7147,155.41,-25.34,7.26
CST-000002057,WH-00003,2025-04-01,118,overhead,113.04,LATAM,USD,0.958,107.72,5.32,6.26
CST-000002058,WH-00005,2025-04-01,117,overhead,196.86,EMEA,USD,1.6826,180.78,16.08,18.13
CST-000002059,WH-00017,2025-11-01,112,overhead,110.79,NA,USD,0.9892,120.02,-9.23,7.99
CST-000002060,WH-00004,2025-04-01,97,overhead,135.6,EMEA,USD,1.3979,131.75,3.85,5.31
CST-000002061,WH-00017,2025-06-01,92,overhead,85.56,NA,USD,0.93,98.34,-12.78,3.27
CST-000002062,WH-00018,2025-03-01,134,overhead,233.45,EMEA,USD,1.7422,235.29,-1.84,17.22
CST-000002063,WH-00022,2025-09-01,176,overhead,173.31,NA,USD,0.9847,150.35,22.96,10.75
CST-000002064,WH-00003,2025-05-01,104,overhead,38.54,LATAM,USD,0.3706,33.47,5.07,1.26
CST-000002065,WH-00001,2025-07-01,138,overhead,161.63,EMEA,USD,1.1712,142.37,19.26,9.24
CST-000002066,WH-00025,2025-03-01,89,overhead,40.82,EMEA,USD,0.4587,35.06,5.76,3.08
CST-000002067,WH-00015,2025-09-01,137,overhead,65.74,APAC,USD,0.4799,77.62,-11.88,3.01
CST-000002068,WH-00004,2025-02-01,77,overhead,105.98,EMEA,USD,1.3764,109.07,-3.09,4.17
CST-000002069,WH-00004,2025-01-01,101,overhead,124.79,EMEA,USD,1.2355,117.41,7.38,5.41
CST-000002070,WH-00022,2025-02-01,123,overhead,174.73,NA,USD,1.4206,207.26,-32.53,10.66
CST-000002071,WH-00011,2025-10-01,149,overhead,200.15,NA,USD,1.3433,202.22,-2.07,12.83
CST-000002072,WH-00022,2025-01-01,134,overhead,263.99,NA,USD,1.9701,260.02,3.97,19.66
CST-000002073,WH-00019,2025-09-01,134,overhead,79.25,APAC,USD,0.5914,77.51,1.74,4.28
CST-000002074,WH-00010,2025-03-01,224,overhead,299.37,APAC,USD,1.3365,271.32,28.05,28.33
CST-000002075,WH-00002,2025-08-01,158,overhead,142.15,EMEA,USD,0.8997,156.86,-14.71,14.33
CST-000002076,WH-00018,2025-04-01,124,overhead,63.54,EMEA,USD,0.5124,68.36,-4.82,5.85
CST-000002077,WH-00001,2025-02-01,99,overhead,161.01,EMEA,USD,1.6264,143.15,17.86,7.36
CST-000002078,WH-00025,2025-04-01,103,overhead,99.05,EMEA,USD,0.9617,93.95,5.1,7.5
CST-000002079,WH-00019,2025-04-01,131,overhead,80.42,APAC,USD,0.6139,90.56,-10.14,6.3
CST-000002080,WH-00017,2025-05-01,109,overhead,93.74,NA,USD,0.86,92.05,1.69,5.28
CST-000002081,WH-00023,2025-03-01,161,overhead,78.19,LATAM,USD,0.4857,92.5,-14.31,5.28
CST-000002082,WH-00022,2025-04-01,155,overhead,292.13,NA,USD,1.8847,332.34,-40.21,27.23
CST-000002083,WH-00004,2025-08-01,107,overhead,100.94,EMEA,USD,0.9434,111.33,-10.39,6.71
CST-000002084,WH-00013,2025-09-01,142,overhead,82.41,APAC,USD,0.5804,76.09,6.32,6.23
CST-000002085,WH-00019,2025-03-01,130,overhead,159.25,APAC,USD,1.225,185.82,-26.57,13.25
CST-000002086,WH-00007,2025-08-01,99,overhead,52.41,EMEA,USD,0.5294,59.1,-6.69,3.8
CST-000002087,WH-00025,2025-12-01,130,overhead,170.28,EMEA,USD,1.3098,144.97,25.31,18.1
CST-000002088,WH-00001,2025-09-01,122,overhead,140.62,EMEA,USD,1.1526,154.73,-14.11,10.49
CST-000002089,WH-00021,2025-08-01,74,overhead,109.56,EMEA,USD,1.4805,98.43,11.13,9.25
CST-000002090,WH-00004,2025-06-01,99,overhead,100.4,EMEA,USD,1.0141,93.02,7.38,7.08
CST-000002091,WH-00015,2025-02-01,98,overhead,51.87,APAC,USD,0.5293,56.02,-4.15,2.49
CST-000002092,WH-00015,2025-08-01,132,overhead,181.74,APAC,USD,1.3768,202.45,-20.71,8.11
CST-000002093,WH-00021,2025-07-01,80,overhead,119.25,EMEA,USD,1.4906,139.21,-19.96,11.12
CST-000002094,WH-00021,2025-02-01,50,overhead,45.61,EMEA,USD,0.9122,47.93,-2.32,
CST-000002095,WH-00021,2025-09-01,98,overhead,135.79,EMEA,USD,1.3856,135.85,-0.06,12.88
CST-000002096,WH-00021,2025-04-01,83,overhead,50.84,EMEA,USD,0.6125,48.4,2.44,4.53
CST-000002097,WH-00021,2025-05-01,91,overhead,129.73,EMEA,USD,1.4256,119.1,10.63,12.5
CST-000002098,WH-00025,2025-08-01,77,overhead,97.68,EMEA,USD,1.2686,112.0,-14.32,5.94
CST-000002099,WH-00017,2025-09-01,98,overhead,167.16,NA,USD,1.7057,165.5,1.66,
CST-000002100,WH-00025,2025-02-01,59,overhead,32.43,EMEA,USD,0.5497,27.87,4.56,2.81
CST-000002101,WH-00016,2025-11-01,282,penalties,28.51,APAC,USD,0.1011,24.68,3.83,0.89
CST-000002102,WH-00004,2025-05-01,132,penalties,21.14,EMEA,USD,0.1602,19.14,2.0,1.22
CST-000002103,WH-00020,2025-08-01,181,penalties,41.26,APAC,USD,0.228,37.28,3.98,1.7
CST-000002104,WH-00005,2025-10-01,187,penalties,51.65,EMEA,USD,0.2762,46.28,5.37,4.86
CST-000002105,WH-00010,2025-09-01,236,penalties,10.26,APAC,USD,0.0435,11.39,-1.13,0.72
CST-000002106,WH-00025,2025-11-01,126,penalties,15.83,EMEA,USD,0.1256,16.92,-1.09,1.52
CST-000002107,WH-00012,2025-09-01,251,penalties,64.9,EMEA,USD,0.2586,75.74,-10.84,5.06
CST-000002108,WH-00001,2025-04-01,123,penalties,39.94,EMEA,USD,0.3247,39.07,0.87,4.6
CST-000002109,WH-00009,2025-08-01,221,penalties,10.77,EMEA,USD,0.0487,11.0,-0.23,0.65
CST-000002110,WH-00007,2025-12-01,157,penalties,36.97,EMEA,USD,0.2355,39.44,-2.47,1.74
CST-000002111,WH-00022,2025-05-01,194,penalties,58.93,NA,USD,0.3038,60.65,-1.72,1.81
CST-000002112,WH-00002,2025-03-01,194,penalties,33.1,EMEA,USD,0.1706,30.63,2.47,3.26
CST-000002113,WH-00024,2025-07-01,173,penalties,35.43,APAC,USD,0.2048,41.87,-6.44,2.05
CST-000002114,WH-00010,2025-07-01,211,penalties,40.89,APAC,USD,0.1938,38.86,2.03,3.34
CST-000002115,WH-00012,2025-02-01,199,penalties,9.44,EMEA,USD,0.0474,8.45,0.99,0.83
CST-000002116,WH-00017,2025-04-01,102,penalties,14.78,NA,USD,0.1449,12.89,1.89,0.75
CST-000002117,WH-00005,2025-05-01,158,penalties,34.92,EMEA,USD,0.221,34.62,0.3,2.23
CST-000002118,WH-00019,2025-05-01,168,penalties,29.21,APAC,USD,0.1739,27.58,1.63,2.45
CST-000002119,WH-00017,2025-08-01,100,penalties,19.69,NA,USD,0.1969,23.32,-3.63,1.93
CST-000002120,WH-00012,2025-01-01,257,penalties,64.88,EMEA,USD,0.2525,63.96,0.92,2.53
CST-000002121,WH-00013,2025-11-01,193,penalties,10.97,APAC,USD,0.0568,11.49,-0.52,1.09
CST-000002122,WH-00009,2025-01-01,232,penalties,63.45,EMEA,USD,0.2735,62.49,0.96,6.74
CST-000002123,WH-00009,2025-02-01,200,penalties,65.26,EMEA,USD,0.3263,73.82,-8.56,3.28
CST-000002124,WH-00023,2025-12-01,243,penalties,43.79,LATAM,USD,0.1802,44.48,-0.69,
CST-000002125,WH-00017,2025-07-01,98,penalties,28.59,NA,USD,0.2917,31.67,-3.08,3.07
CST-000002126,WH-00008,2025-08-01,278,penalties,65.75,EMEA,USD,0.2365,67.24,-1.49,3.49
CST-000002127,WH-00007,2025-06-01,98,penalties,21.61,EMEA,USD,0.2205,20.64,0.97,2.47
CST-000002128,WH-00009,2025-07-01,263,penalties,31.7,EMEA,USD,0.1205,37.96,-6.26,3.12
CST-000002129,WH-00010,2025-05-01,245,penalties,4.69,APAC,USD,0.0191,4.86,-0.17,0.47
CST-000002130,WH-00025,2025-06-01,103,penalties,6.48,EMEA,USD,0.0629,6.87,-0.39,0.71
CST-000002131,WH-00013,2025-06-01,124,penalties,25.59,APAC,USD,0.2064,29.1,-3.51,2.36
CST-000002132,WH-00016,2025-04-01,174,penalties,42.77,APAC,USD,0.2458,41.14,1.63,4.83
CST-000002133,WH-00002,2025-05-01,203,penalties,47.14,EMEA,USD,0.2322,52.1,-4.96,1.82
CST-000002134,WH-00019,2025-11-01,205,penalties,10.2,APAC,USD,0.0498,10.83,-0.63,0.31
CST-000002135,WH-00015,2025-05-01,130,penalties,13.76,APAC,USD,0.1058,15.58,-1.82,0.59
CST-000002136,WH-00018,2025-09-01,140,penalties,20.18,EMEA,USD,0.1441,17.19,2.99,1.65
CST-000002137,WH-00008,2025-03-01,255,penalties,18.3,EMEA,USD,0.0718,20.17,-1.87,1.44
CST-000002138,WH-00004,2025-07-01,129,penalties,27.38,EMEA,USD,0.2122,27.83,-0.45,1.1
CST-000002139,WH-00014,2025-08-01,227,penalties,16.16,EMEA,USD,0.0712,14.34,1.82,0.72
CST-000002140,WH-00022,2025-10-01,202,penalties,26.09,NA,USD,0.1292,26.49,-0.4,2.66
CST-000002141,WH-00008,2025-01-01,271,penalties,58.56,EMEA,USD,0.2161,68.22,-9.66,5.57
CST-000002142,WH-00009,2025-03-01,219,penalties,66.51,EMEA,USD,0.3037,68.09,-1.58,5.03
CST-000002143,WH-00007,2025-05-01,118,penalties,28.72,EMEA,USD,0.2434,32.91,-4.19,2.88
CST-000002144,WH-00014,2025-02-01,167,penalties,58.15,EMEA,USD,0.3482,54.48,3.67,
CST-000002145,WH-00018,2025-05-01,132,penalties,16.09,EMEA,USD,0.1219,16.15,-0.06,1.23
CST-000002146,WH-00001,2025-06-01,144,penalties,32.46,EMEA,USD,0.2254,31.66,0.8,1.88
CST-000002147,WH-00008,2025-11-01,367,penalties,23.69,EMEA,USD,0.0646,20.84,2.85,1.36
CST-000002148,WH-00010,2025-04-01,221,penalties,34.86,APAC,USD,0.1577,36.61,-1.75,3.73
CST-000002149,WH-00006,2025-10-01,133,penalties,3.21,EMEA,USD,0.0241,2.88,0.33,
CST-000002150,WH-00013,2025-12-01,201,penalties,30.01,APAC,USD,0.1493,27.69,2.32,3.44
CST-000002151,WH-00012,2025-11-01,335,penalties,37.71,EMEA,USD,0.1126,44.88,-7.17,1.85
CST-000002152,WH-00005,2025-07-01,121,penalties,4.71,EMEA,USD,0.0389,5.47,-0.76,0.48
CST-000002153,WH-00014,2025-11-01,282,penalties,46.83,EMEA,USD,0.1661,42.37,4.46,3.42
CST-000002154,WH-00003,2025-12-01,188,penalties,34.25,LATAM,USD,0.1822,30.83,3.42,1.92
CST-000002155,WH-00013,2025-05-01,147,penalties,18.78,APAC,USD,0.1278,20.98,-2.2,1.25
CST-000002156,WH-00002,2025-04-01,176,penalties,51.26,EMEA,USD,0.2912,44.45,6.81,2.44
CST-000002157,WH-00007,2025-11-01,132,penalties,43.7,EMEA,USD,0.3311,50.29,-6.59,2.7
CST-000002158,WH-00024,2025-01-01,134,penalties,8.59,APAC,USD,0.0641,8.44,0.15,0.9
CST-000002159,WH-00001,2025-12-01,210,penalties,10.03,EMEA,USD,0.0478,9.88,0.15,
CST-000002160,WH-00009,2025-10-01,253,penalties,58.38,EMEA,USD,0.2308,51.64,6.74,4.96
CST-000002161,WH-00011,2025-05-01,127,penalties,13.93,NA,USD,0.1097,15.97,-2.04,1.34
CST-000002162,WH-00002,2025-09-01,193,penalties,20.34,EMEA,USD,0.1054,23.25,-2.91,1.03
CST-000002163,WH-00002,2025-07-01,166,penalties,45.68,EMEA,USD,0.2752,52.84,-7.16,2.43
CST-000002164,WH-00014,2025-01-01,183,penalties,19.23,EMEA,USD,0.1051,20.77,-1.54,2.27
CST-000002165,WH-00007,2025-09-01,104,penalties,23.9,EMEA,USD,0.2298,24.3,-0.4,2.08
CST-000002166,WH-00010,2025-10-01,252,penalties,62.1,APAC,USD,0.2464,70.1,-8.0,4.13
CST-000002167,WH-00008,2025-12-01,374,penalties,39.39,EMEA,USD,0.1053,40.95,-1.56,3.27
CST-000002168,WH-00015,2025-12-01,174,penalties,42.04,APAC,USD,0.2416,49.83,-7.79,1.72
CST-000002169,WH-00025,2025-09-01,91,penalties,26.19,EMEA,USD,0.2878,24.87,1.32,1.48
CST-000002170,WH-00004,2025-11-01,172,penalties,44.95,EMEA,USD,0.2613,50.32,-5.37,3.99
CST-000002171,WH-00016,2025-12-01,311,penalties,44.41,APAC,USD,0.1428,49.76,-5.35,4.7
CST-000002172,WH-00023,2025-09-01,180,penalties,34.36,LATAM,USD,0.1909,38.33,-3.97,1.83
CST-000002173,WH-00024,2025-11-01,212,penalties,26.68,APAC,USD,0.1258,27.0,-0.32,1.18
CST-000002174,WH-00012,2025-10-01,282,penalties,39.76,EMEA,USD,0.141,43.88,-4.12,3.53
CST-000002175,WH-00024,2025-09-01,178,penalties,35.04,APAC,USD,0.1969,37.04,-2.0,3.36
CST-000002176,WH-00023,2025-05-01,191,penalties,16.6,LATAM,USD,0.0869,16.76,-0.16,1.67
CST-000002177,WH-00009,2025-04-01,230,penalties,6.07,EMEA,USD,0.0264,5.41,0.66,0.63
CST-000002178,WH-00023,2025-08-01,173,penalties,7.69,LATAM,USD,0.0445,6.62,1.07,0.36
CST-000002179,WH-00002,2025-11-01,260,penalties,45.92,EMEA,USD,0.1766,45.27,0.65,4.32
CST-000002180,WH-00016,2025-07-01,190,penalties,8.41,APAC,USD,0.0443,9.49,-1.08,0.68
CST-000002181,WH-00023,2025-01-01,175,penalties,34.2,LATAM,USD,0.1954,40.3,-6.1,1.73
CST-000002182,WH-00020,2025-03-01,178,penalties,46.56,APAC,USD,0.2616,40.09,6.47,2.71
CST-000002183,WH-00011,2025-06-01,139,penalties,30.09,NA,USD,0.2165,28.94,1.15,3.42
CST-000002184,WH-00017,2025-02-01,73,penalties,13.97,NA,USD,0.1914,16.59,-2.62,1.26
CST-000002185,WH-00022,2025-07-01,159,penalties,34.39,NA,USD,0.2163,38.65,-4.26,1.81
CST-000002186,WH-00021,2025-10-01,91,penalties,12.72,EMEA,USD,0.1398,13.73,-1.01,0.63
CST-000002187,WH-00009,2025-06-01,251,penalties,45.28,EMEA,USD,0.1804,49.22,-3.94,2.79
CST-000002188,WH-00021,2025-11-01,101,penalties,11.79,EMEA,USD,0.1167,10.66,1.13,0.95
CST-000002189,WH-00006,2025-08-01,120,penalties,15.84,EMEA,USD,0.132,16.0,-0.16,0.71
CST-000002190,WH-00020,2025-11-01,241,penalties,23.93,APAC,USD,0.0993,22.38,1.55,2.21
CST-000002191,WH-00023,2025-02-01,169,penalties,16.28,LATAM,USD,0.0963,16.7,-0.42,0.75
CST-000002192,WH-00015,2025-07-01,141,penalties,20.69,APAC,USD,0.1467,22.08,-1.39,1.53
CST-000002193,WH-00014,2025-12-01,281,penalties,75.04,EMEA,USD,0.267,65.83,9.21,7.35
CST-000002194,WH-00011,2025-03-01,134,penalties,32.78,NA,USD,0.2446,38.19,-5.41,2.26
CST-000002195,WH-00024,2025-02-01,129,penalties,14.6,APAC,USD,0.1132,16.84,-2.24,1.35
CST-000002196,WH-00018,2025-07-01,120,penalties,13.54,EMEA,USD,0.1128,13.03,0.51,0.53
CST-000002197,WH-00019,2025-12-01,195,penalties,42.96,APAC,USD,0.2203,50.17,-7.21,2.03
CST-000002198,WH-00020,2025-12-01,254,penalties,40.1,APAC,USD,0.1579,38.22,1.88,1.43
CST-000002199,WH-00024,2025-05-01,193,penalties,36.88,APAC,USD,0.1911,32.12,4.76,
CST-000002200,WH-00010,2025-06-01,231,penalties,32.37,APAC,USD,0.1401,28.35,4.02,3.79
CST-000002201,WH-00010,2025-11-01,322,penalties,82.38,APAC,USD,0.2558,91.1,-8.72,9.58
CST-000002202,WH-00008,2025-10-01,322,penalties,100.76,EMEA,USD,0.3129,86.24,14.52,3.51
CST-000002203,WH-00018,2025-11-01,197,penalties,48.6,EMEA,USD,0.2467,43.1,5.5,3.18
CST-000002204,WH-00024,2025-10-01,206,penalties,20.97,APAC,USD,0.1018,21.63,-0.66,2.1
CST-000002205,WH-00004,2025-03-01,100,penalties,29.37,EMEA,USD,0.2937,32.38,-3.01,3.09
CST-000002206,WH-00007,2025-01-01,103,penalties,34.15,EMEA,USD,0.3316,34.68,-0.53,2.3
CST-000002207,WH-00005,2025-12-01,198,penalties,60.11,EMEA,USD,0.3036,59.06,1.05,1.95
CST-000002208,WH-00008,2025-09-01,269,penalties,83.03,EMEA,USD,0.3087,82.4,0.63,
CST-000002209,WH-00005,2025-01-01,122,penalties,3.34,EMEA,USD,0.0274,2.99,0.35,
CST-000002210,WH-00012,2025-12-01,333,penalties,28.89,EMEA,USD,0.0868,26.74,2.15,1.19
CST-000002211,WH-00020,2025-01-01,150,penalties,14.13,APAC,USD,0.0942,16.55,-2.42,0.71
CST-000002212,WH-00021,2025-06-01,62,penalties,18.84,EMEA,USD,0.3039,19.65,-0.81,1.28
CST-000002213,WH-00012,2025-08-01,240,penalties,40.67,EMEA,USD,0.1695,35.11,5.56,3.4
CST-000002214,WH-00008,2025-06-01,246,penalties,61.23,EMEA,USD,0.2489,66.1,-4.87,5.92
CST-000002215,WH-00019,2025-10-01,179,penalties,13.81,APAC,USD,0.0772,12.1,1.71,0.9
CST-000002216,WH-00015,2025-01-01,109,penalties,23.24,APAC,USD,0.2132,20.15,3.09,1.78
CST-000002217,WH-00012,2025-03-01,240,penalties,43.47,EMEA,USD,0.1811,42.45,1.02,4.95
CST-000002218,WH-00009,2025-05-01,259,penalties,12.39,EMEA,USD,0.0478,14.52,-2.13,1.09
CST-000002219,WH-00008,2025-07-01,281,penalties,97.52,EMEA,USD,0.347,115.03,-17.51,7.65
CST-000002220,WH-00008,2025-05-01,305,penalties,71.51,EMEA,USD,0.2345,77.88,-6.37,8.51
CST-000002221,WH-00004,2025-12-01,160,penalties,5.15,EMEA,USD,0.0322,5.04,0.11,0.58
CST-000002222,WH-00006,2025-04-01,112,penalties,12.81,EMEA,USD,0.1144,13.3,-0.49,1.22
CST-000002223,WH-00017,2025-01-01,89,penalties,22.01,NA,USD,0.2473,19.11,2.9,1.58
CST-000002224,WH-00013,2025-03-01,118,penalties,16.38,APAC,USD,0.1388,19.02,-2.64,1.41
CST-000002225,WH-00024,2025-06-01,158,penalties,28.93,APAC,USD,0.1831,26.5,2.43,
CST-000002226,WH-00023,2025-04-01,181,penalties,25.67,LATAM,USD,0.1418,26.67,-1.0,2.35
CST-000002227,WH-00013,2025-07-01,128,penalties,35.33,APAC,USD,0.276,34.02,1.31,3.47
CST-000002228,WH-00009,2025-12-01,326,penalties,18.19,EMEA,USD,0.0558,20.83,-2.64,1.44
CST-000002229,WH-00023,2025-07-01,190,penalties,4.28,LATAM,USD,0.0225,4.27,0.01,0.3
CST-000002230,WH-00008,2025-04-01,266,penalties,88.76,EMEA,USD,0.3337,100.89,-12.13,8.25
CST-000002231,WH-00022,2025-03-01,158,penalties,55.17,NA,USD,0.3492,58.3,-3.13,4.7
CST-000002232,WH-00003,2025-08-01,136,penalties,14.63,LATAM,USD,0.1076,16.19,-1.56,1.01
CST-000002233,WH-00002,2025-12-01,276,penalties,19.83,EMEA,USD,0.0718,23.64,-3.81,1.72
CST-000002234,WH-00011,2025-01-01,107,penalties,37.32,NA,USD,0.3488,40.38,-3.06,
CST-000002235,WH-00023,2025-10-01,220,penalties,22.87,LATAM,USD,0.104,22.12,0.75,0.91
CST-000002236,WH-00015,2025-03-01,123,penalties,6.03,APAC,USD,0.049,5.46,0.57,0.58
CST-000002237,WH-00016,2025-01-01,188,penalties,35.44,APAC,USD,0.1885,32.2,3.24,2.96
CST-000002238,WH-00012,2025-05-01,252,penalties,61.82,EMEA,USD,0.2453,53.6,8.22,5.39
CST-000002239,WH-00004,2025-10-01,135,penalties,25.49,EMEA,USD,0.1888,25.75,-0.26,1.21
CST-000002240,WH-00011,2025-08-01,124,penalties,5.6,NA,USD,0.0452,4.92,0.68,0.55
CST-000002241,WH-00020,2025-06-01,172,penalties,3.96,APAC,USD,0.023,3.5,0.46,0.15
CST-000002242,WH-00001,2025-11-01,203,penalties,34.59,EMEA,USD,0.1704,37.98,-3.39,1.08
CST-000002243,WH-00011,2025-07-01,130,penalties,42.18,NA,USD,0.3245,39.84,2.34,1.33
CST-000002244,WH-00013,2025-02-01,99,penalties,10.12,APAC,USD,0.1022,10.8,-0.68,1.08
CST-000002245,WH-00022,2025-08-01,155,penalties,48.18,NA,USD,0.3108,45.66,2.52,
CST-000002246,WH-00003,2025-06-01,139,penalties,32.78,LATAM,USD,0.2358,33.34,-0.56,3.48
CST-000002247,WH-00003,2025-07-01,104,penalties,13.38,LATAM,USD,0.1287,11.81,1.57,1.36
CST-000002248,WH-00010,2025-01-01,229,penalties,9.42,APAC,USD,0.0411,8.28,1.14,0.43
CST-000002249,WH-00018,2025-01-01,138,penalties,19.68,EMEA,USD,0.1426,22.88,-3.2,2.24
CST-000002250,WH-00001,2025-10-01,167,penalties,23.12,EMEA,USD,0.1384,23.62,-0.5,1.49
CST-000002251,WH-00006,2025-12-01,168,penalties,54.18,EMEA,USD,0.3225,49.68,4.5,5.56
CST-000002252,WH-00002,2025-06-01,196,penalties,10.97,EMEA,USD,0.056,11.35,-0.38,1.02
CST-000002253,WH-00016,2025-08-01,203,penalties,44.64,APAC,USD,0.2199,49.01,-4.37,4.66
CST-000002254,WH-00018,2025-08-01,143,penalties,11.75,EMEA,USD,0.0822,12.09,-0.34,0.36
CST-000002255,WH-00018,2025-12-01,201,penalties,19.95,EMEA,USD,0.0993,23.4,-3.45,2.09
CST-000002256,WH-00012,2025-04-01,236,penalties,53.16,EMEA,USD,0.2253,62.6,-9.44,2.27
CST-000002257,WH-00007,2025-07-01,103,penalties,31.63,EMEA,USD,0.3071,31.42,0.21,3.55
CST-000002258,WH-00003,2025-10-01,109,penalties,11.73,LATAM,USD,0.1076,10.48,1.25,0.99
CST-000002259,WH-00022,2025-11-01,232,penalties,76.71,NA,USD,0.3306,88.19,-11.48,4.19
CST-000002260,WH-00009,2025-09-01,242,penalties,75.63,EMEA,USD,0.3125,66.95,8.68,5.12
CST-000002261,WH-00014,2025-04-01,222,penalties,54.33,EMEA,USD,0.2447,52.38,1.95,2.47
CST-000002262,WH-00014,2025-06-01,212,penalties,9.69,EMEA,USD,0.0457,10.08,-0.39,0.37
CST-000002263,WH-00001,2025-08-01,129,penalties,5.21,EMEA,USD,0.0404,5.78,-0.57,0.55
CST-000002264,WH-00011,2025-04-01,130,penalties,18.72,NA,USD,0.144,19.38,-0.66,1.08
CST-000002265,WH-00006,2025-06-01,113,penalties,9.62,EMEA,USD,0.0851,10.67,-1.05,0.6
CST-000002266,WH-00002,2025-01-01,162,penalties,26.08,EMEA,USD,0.161,28.3,-2.22,2.77
CST-000002267,WH-00016,2025-03-01,176,penalties,30.91,APAC,USD,0.1756,34.32,-3.41,
CST-000002268,WH-00019,2025-08-01,148,penalties,36.31,APAC,USD,0.2453,33.35,2.96,1.73
CST-000002269,WH-00005,2025-02-01,118,penalties,33.24,EMEA,USD,0.2817,31.34,1.9,2.4
CST-000002270,WH-00022,2025-06-01,173,penalties,56.33,NA,USD,0.3256,54.79,1.54,5.47
CST-000002271,WH-00020,2025-02-01,141,penalties,9.34,APAC,USD,0.0662,8.74,0.6,0.74
CST-000002272,WH-00006,2025-11-01,169,penalties,39.79,EMEA,USD,0.2354,45.58,-5.79,3.5
CST-000002273,WH-00016,2025-06-01,190,penalties,42.15,APAC,USD,0.2218,37.24,4.91,1.79
CST-000002274,WH-00011,2025-09-01,133,penalties,30.65,NA,USD,0.2305,30.28,0.37,
CST-000002275,WH-00001,2025-01-01,139,penalties,4.45,EMEA,USD,0.032,5.29,-0.84,0.27
CST-000002276,WH-00016,2025-10-01,218,penalties,21.71,APAC,USD,0.0996,19.09,2.62,2.49
CST-000002277,WH-00012,2025-07-01,270,penalties,27.8,EMEA,USD,0.103,26.35,1.45,1.4
CST-000002278,WH-00015,2025-11-01,170,penalties,26.09,APAC,USD,0.1535,27.79,-1.7,1.23
CST-000002279,WH-00004,2025-09-01,119,penalties,14.2,EMEA,USD,0.1193,14.87,-0.67,0.94
CST-000002280,WH-00018,2025-02-01,96,penalties,32.44,EMEA,USD,0.3379,27.67,4.77,2.18
CST-000002281,WH-00017,2025-12-01,141,penalties,13.77,NA,USD,0.0977,13.63,0.14,1.23
CST-000002282,WH-00024,2025-03-01,168,penalties,18.45,APAC,USD,0.1098,21.45,-3.0,1.09
CST-000002283,WH-00007,2025-02-01,76,penalties,15.79,EMEA,USD,0.2078,13.83,1.96,1.01
CST-000002284,WH-00015,2025-06-01,127,penalties,11.53,APAC,USD,0.0908,13.27,-1.74,1.16
CST-000002285,WH-00020,2025-07-01,192,penalties,8.61,APAC,USD,0.0448,7.95,0.66,0.72
CST-000002286,WH-00006,2025-07-01,121,penalties,8.35,EMEA,USD,0.069,9.76,-1.41,0.58
CST-000002287,WH-00005,2025-11-01,175,penalties,10.66,EMEA,USD,0.0609,9.93,0.73,0.95
CST-000002288,WH-00005,2025-03-01,151,penalties,33.36,EMEA,USD,0.2209,38.21,-4.85,3.04
CST-000002289,WH-00024,2025-08-01,163,penalties,3.82,APAC,USD,0.0234,3.73,0.09,0.17
CST-000002290,WH-00003,2025-11-01,163,penalties,38.61,LATAM,USD,0.2369,44.93,-6.32,4.31
CST-000002291,WH-00019,2025-01-01,141,penalties,20.44,APAC,USD,0.145,19.76,0.68,2.01
CST-000002292,WH-00005,2025-09-01,172,penalties,41.96,EMEA,USD,0.244,40.51,1.45,3.52
CST-000002293,WH-00010,2025-08-01,225,penalties,15.19,APAC,USD,0.0675,15.03,0.16,0.67
CST-000002294,WH-00019,2025-06-01,137,penalties,13.7,APAC,USD,0.1,14.13,-0.43,0.84
CST-000002295,WH-00018,2025-10-01,154,penalties,41.73,EMEA,USD,0.271,49.73,-8.0,3.29
CST-000002296,WH-00023,2025-11-01,237,penalties,54.85,LATAM,USD,0.2314,50.75,4.1,2.12
CST-000002297,WH-00015,2025-10-01,151,penalties,20.69,APAC,USD,0.137,21.19,-0.5,0.67
CST-000002298,WH-00006,2025-09-01,117,penalties,9.69,EMEA,USD,0.0828,8.45,1.24,1.05
CST-000002299,WH-00019,2025-07-01,125,penalties,15.8,APAC,USD,0.1264,17.06,-1.26,0.61
CST-000002300,WH-00014,2025-09-01,231,penalties,68.81,EMEA,USD,0.2979,78.35,-9.54,
CST-000002301,WH-00016,2025-05-01,195,penalties,51.29,APAC,USD,0.263,58.94,-7.65,1.95
CST-000002302,WH-00005,2025-06-01,136,penalties,25.54,EMEA,USD,0.1878,21.89,3.65,1.07
CST-000002303,WH-00017,2025-10-01,111,penalties,31.95,NA,USD,0.2878,32.47,-0.52,3.13
CST-000002304,WH-00009,2025-11-01,334,penalties,93.28,EMEA,USD,0.2793,99.91,-6.63,6.62
CST-000002305,WH-00022,2025-12-01,238,penalties,17.76,NA,USD,0.0746,19.41,-1.65,1.86
CST-000002306,WH-00003,2025-02-01,107,penalties,12.46,LATAM,USD,0.1164,11.91,0.55,1.45
CST-000002307,WH-00006,2025-03-01,119,penalties,20.68,EMEA,USD,0.1738,17.77,2.91,1.08
CST-000002308,WH-00020,2025-05-01,209,penalties,31.06,APAC,USD,0.1486,29.05,2.01,1.1
CST-000002309,WH-00011,2025-11-01,174,penalties,10.3,NA,USD,0.0592,11.02,-0.72,0.41
CST-000002310,WH-00020,2025-09-01,175,penalties,18.76,APAC,USD,0.1072,18.13,0.63,0.61
CST-000002311,WH-00023,2025-06-01,187,penalties,23.56,LATAM,USD,0.126,26.12,-2.56,2.0
CST-000002312,WH-00014,2025-05-01,211,penalties,54.02,EMEA,USD,0.256,54.43,-0.41,5.48
CST-000002313,WH-00015,2025-04-01,128,penalties,20.78,APAC,USD,0.1623,22.8,-2.02,1.6
CST-000002314,WH-00012,2025-06-01,230,penalties,71.61,EMEA,USD,0.3113,73.47,-1.86,4.37
CST-000002315,WH-00011,2025-02-01,95,penalties,29.48,NA,USD,0.3103,32.65,-3.17,1.45
CST-000002316,WH-00021,2025-12-01,123,penalties,11.33,EMEA,USD,0.0921,10.97,0.36,0.9
CST-000002317,WH-00020,2025-10-01,185,penalties,26.48,APAC,USD,0.1431,30.94,-4.46,2.44
CST-000002318,WH-00021,2025-01-01,81,penalties,17.31,EMEA,USD,0.2137,20.27,-2.96,1.67
CST-000002319,WH-00006,2025-02-01,88,penalties,24.14,EMEA,USD,0.2743,24.56,-0.42,0.91
CST-000002320,WH-00007,2025-04-01,99,penalties,31.75,EMEA,USD,0.3207,33.98,-2.23,2.0
CST-000002321,WH-00010,2025-12-01,319,penalties,28.55,APAC,USD,0.0895,32.81,-4.26,3.31
CST-000002322,WH-00014,2025-10-01,232,penalties,13.76,EMEA,USD,0.0593,15.38,-1.62,0.74
CST-000002323,WH-00025,2025-10-01,108,penalties,9.33,EMEA,USD,0.0864,10.05,-0.72,0.92
CST-000002324,WH-00006,2025-05-01,118,penalties,24.7,EMEA,USD,0.2093,28.03,-3.33,1.94
CST-000002325,WH-00003,2025-09-01,144,penalties,31.49,LATAM,USD,0.2187,29.09,2.4,1.17
CST-000002326,WH-00014,2025-03-01,204,penalties,66.91,EMEA,USD,0.328,58.81,8.1,6.35
CST-000002327,WH-00024,2025-04-01,175,penalties,14.31,APAC,USD,0.0818,14.0,0.31,0.53
CST-000002328,WH-00011,2025-12-01,205,penalties,57.49,NA,USD,0.2804,62.17,-4.68,3.97
CST-000002329,WH-00019,2025-02-01,131,penalties,12.32,APAC,USD,0.094,14.5,-2.18,1.23
CST-000002330,WH-00013,2025-08-01,135,penalties,8.6,APAC,USD,0.0637,9.58,-0.98,0.68
CST-000002331,WH-00007,2025-03-01,90,penalties,28.64,EMEA,USD,0.3182,26.22,2.42,3.22
CST-000002332,WH-00003,2025-03-01,131,penalties,15.32,LATAM,USD,0.1169,16.21,-0.89,1.34
CST-000002333,WH-00008,2025-02-01,196,penalties,13.78,EMEA,USD,0.0703,12.94,0.84,0.41
CST-000002334,WH-00002,2025-10-01,233,penalties,68.87,EMEA,USD,0.2956,76.39,-7.52,4.81
CST-000002335,WH-00021,2025-03-01,85,penalties,3.78,EMEA,USD,0.0445,4.32,-0.54,0.31
CST-000002336,WH-00001,2025-05-01,143,penalties,42.51,EMEA,USD,0.2973,44.07,-1.56,3.47
CST-000002337,WH-00025,2025-05-01,101,penalties,29.52,EMEA,USD,0.2923,27.24,2.28,2.53
CST-000002338,WH-00005,2025-08-01,144,penalties,34.52,EMEA,USD,0.2397,30.31,4.21,3.55
CST-000002339,WH-00017,2025-03-01,97,penalties,13.63,NA,USD,0.1405,14.24,-0.61,0.78
CST-000002340,WH-00007,2025-10-01,121,penalties,20.93,EMEA,USD,0.173,21.61,-0.68,0.89
CST-000002341,WH-00016,2025-09-01,221,penalties,11.94,APAC,USD,0.054,10.39,1.55,0.98
CST-000002342,WH-00010,2025-02-01,198,penalties,22.75,APAC,USD,0.1149,25.15,-2.4,1.93
CST-000002343,WH-00013,2025-01-01,123,penalties,19.21,APAC,USD,0.1562,22.76,-3.55,1.55
CST-000002344,WH-00013,2025-10-01,150,penalties,8.3,APAC,USD,0.0553,8.32,-0.02,0.75
CST-000002345,WH-00025,2025-07-01,94,penalties,30.79,EMEA,USD,0.3276,26.6,4.19,3.43
CST-000002346,WH-00001,2025-03-01,137,penalties,19.47,EMEA,USD,0.1421,21.59,-2.12,
CST-000002347,WH-00013,2025-04-01,132,penalties,20.64,APAC,USD,0.1564,24.69,-4.05,2.01
CST-000002348,WH-00018,2025-06-01,120,penalties,31.67,EMEA,USD,0.2639,29.31,2.36,1.58
CST-000002349,WH-00002,2025-02-01,142,penalties,11.54,EMEA,USD,0.0813,12.5,-0.96,0.5
CST-000002350,WH-00014,2025-07-01,201,penalties,60.26,EMEA,USD,0.2998,55.52,4.74,5.15
CST-000002351,WH-00006,2025-01-01,99,penalties,16.28,EMEA,USD,0.1644,14.82,1.46,0.49
CST-000002352,WH-00024,2025-12-01,246,penalties,54.71,APAC,USD,0.2224,46.91,7.8,2.17
CST-000002353,WH-00016,2025-02-01,153,penalties,23.25,APAC,USD,0.152,26.23,-2.98,1.27
CST-000002354,WH-00003,2025-01-01,114,penalties,21.05,LATAM,USD,0.1846,24.66,-3.61,1.12
CST-000002355,WH-00025,2025-01-01,69,penalties,11.55,EMEA,USD,0.1674,10.42,1.13,1.01
CST-000002356,WH-00020,2025-04-01,182,penalties,12.75,APAC,USD,0.0701,11.74,1.01,0.53
CST-000002357,WH-00003,2025-04-01,118,penalties,24.78,LATAM,USD,0.21,23.59,1.19,1.28
CST-000002358,WH-00005,2025-04-01,117,penalties,2.41,EMEA,USD,0.0206,2.78,-0.37,0.15
CST-000002359,WH-00017,2025-11-01,112,penalties,35.71,NA,USD,0.3188,38.2,-2.49,1.45
CST-000002360,WH-00004,2025-04-01,97,penalties,6.81,EMEA,USD,0.0702,7.81,-1.0,0.69
CST-000002361,WH-00017,2025-06-01,92,penalties,25.32,NA,USD,0.2752,27.25,-1.93,2.0
CST-000002362,WH-00018,2025-03-01,134,penalties,27.87,EMEA,USD,0.208,24.93,2.94,
CST-000002363,WH-00022,2025-09-01,176,penalties,57.19,NA,USD,0.3249,64.14,-6.95,2.91
CST-000002364,WH-00003,2025-05-01,104,penalties,9.97,LATAM,USD,0.0959,9.68,0.29,1.1
CST-000002365,WH-00001,2025-07-01,138,penalties,15.52,EMEA,USD,0.1125,17.51,-1.99,0.99
CST-000002366,WH-00025,2025-03-01,89,penalties,8.29,EMEA,USD,0.0931,9.9,-1.61,0.69
CST-000002367,WH-00015,2025-09-01,137,penalties,5.5,APAC,USD,0.0401,5.4,0.1,0.29
CST-000002368,WH-00004,2025-02-01,77,penalties,18.78,EMEA,USD,0.2439,17.06,1.72,2.05
CST-000002369,WH-00004,2025-01-01,101,penalties,12.59,EMEA,USD,0.1247,14.42,-1.83,0.96
CST-000002370,WH-00022,2025-02-01,123,penalties,24.34,NA,USD,0.1979,21.08,3.26,1.54
CST-000002371,WH-00011,2025-10-01,149,penalties,5.83,NA,USD,0.0391,5.75,0.08,0.65
CST-000002372,WH-00022,2025-01-01,134,penalties,11.62,NA,USD,0.0867,10.3,1.32,1.15
CST-000002373,WH-00019,2025-09-01,134,penalties,35.93,APAC,USD,0.2681,39.38,-3.45,1.17
CST-000002374,WH-00010,2025-03-01,224,penalties,49.7,APAC,USD,0.2219,46.65,3.05,4.84
CST-000002375,WH-00002,2025-08-01,158,penalties,27.93,EMEA,USD,0.1768,27.93,0.0,3.01
CST-000002376,WH-00018,2025-04-01,124,penalties,35.63,EMEA,USD,0.2873,33.92,1.71,2.01
CST-000002377,WH-00001,2025-02-01,99,penalties,28.82,EMEA,USD,0.2911,25.48,3.34,3.27
CST-000002378,WH-00025,2025-04-01,103,penalties,20.37,EMEA,USD,0.1978,20.17,0.2,0.74
CST-000002379,WH-00019,2025-04-01,131,penalties,28.91,APAC,USD,0.2207,34.18,-5.27,2.69
CST-000002380,WH-00017,2025-05-01,109,penalties,9.43,NA,USD,0.0865,9.95,-0.52,0.44
CST-000002381,WH-00023,2025-03-01,161,penalties,28.96,LATAM,USD,0.1799,31.67,-2.71,
CST-000002382,WH-00022,2025-04-01,155,penalties,42.5,NA,USD,0.2742,39.86,2.64,3.52
CST-000002383,WH-00004,2025-08-01,107,penalties,12.26,EMEA,USD,0.1146,11.86,0.4,0.43
CST-000002384,WH-00013,2025-09-01,142,penalties,14.56,APAC,USD,0.1025,14.0,0.56,1.01
CST-000002385,WH-00019,2025-03-01,130,penalties,10.91,APAC,USD,0.0839,12.18,-1.27,1.03
CST-000002386,WH-00007,2025-08-01,99,penalties,31.23,EMEA,USD,0.3155,30.01,1.22,2.99
CST-000002387,WH-00025,2025-12-01,130,penalties,38.46,EMEA,USD,0.2958,42.79,-4.33,1.74
CST-000002388,WH-00001,2025-09-01,122,penalties,15.24,EMEA,USD,0.1249,17.38,-2.14,0.67
CST-000002389,WH-00021,2025-08-01,74,penalties,10.27,EMEA,USD,0.1388,10.49,-0.22,
CST-000002390,WH-00004,2025-06-01,99,penalties,6.78,EMEA,USD,0.0685,6.39,0.39,0.68
CST-000002391,WH-00015,2025-02-01,98,penalties,21.12,APAC,USD,0.2155,23.42,-2.3,1.76
CST-000002392,WH-00015,2025-08-01,132,penalties,16.38,APAC,USD,0.1241,14.15,2.23,1.85
CST-000002393,WH-00021,2025-07-01,80,penalties,20.89,EMEA,USD,0.2611,19.62,1.27,0.71
CST-000002394,WH-00021,2025-02-01,50,penalties,3.99,EMEA,USD,0.0798,3.54,0.45,0.17
CST-000002395,WH-00021,2025-09-01,98,penalties,2.03,EMEA,USD,0.0207,1.81,0.22,0.16
CST-000002396,WH-00021,2025-04-01,83,penalties,23.9,EMEA,USD,0.288,21.86,2.04,1.45
CST-000002397,WH-00021,2025-05-01,91,penalties,19.56,EMEA,USD,0.2149,21.88,-2.32,1.59
CST-000002398,WH-00025,2025-08-01,77,penalties,25.28,EMEA,USD,0.3283,30.0,-4.72,0.9
CST-000002399,WH-00017,2025-09-01,98,penalties,17.91,NA,USD,0.1828,16.44,1.47,0.87
CST-000002400,WH-00025,2025-02-01,59,penalties,12.7,EMEA,USD,0.2153,14.65,-1.95,
